customer_id,customer_name,email,age,gender,country,signup_date,last_purchase_date,total_purchases,total_spent,avg_order_value,favorite_category,marketing_channel,newsletter_subscribed,satisfaction_score,device_type,payment_method
816,Fernanda Rodriguez,fernanda.rodriguez@hotmail.com,29.0,female,mexico,2022-01-23,2023-05-01,7.0,26.91,3.84,SPORTS,Paid Ads,No,1.0,Tablet,Debit Card
983,Camila Reyes,camila.reyes@gmail.com,35.0,M,peru,2022-02-04,2023-08-30,7.0,462.75,66.11,Home,Paid Ads,No,1.0,Mobile,Cash on Delivery
1486,Pablo Garcia,pablo.garcia@gmail.com,42.0, Male,,2022-01-16,2022-05-24,6.0,,71.98,Home,Organic Search,No,5.0,Tablet,PayPal
1286,Ana Torres,ana.torres@yahoo.com,59.0,female,spain,2023-02-23,2024-01-17,5.0,58.73,11.75,Beauty,referral,Yes,3.0,Desktop,Debit Card
1222,Andres Gonzalez,andres.gonzalez@outlook.com,30.0,Male,Espana,2022-03-10,2022-08-13,3.0,30.99,10.33,Home,PAID ADS,Yes,4.0,Mobile,Debit Card
264,Gabriela Flores,gabriela.flores@outlook.com,22.0,Other,Peru,2024-06-05,2024-08-06,4.0,70.5,17.62,Home, Email ,Yes,4.0,Desktop,PayPal
587,Javier Sanchez,javier.sanchez@gmail.com,46.0,male,us,2022-10-01,2022-10-21,8.0,182.15,22.77,electronics,REFERRAL,No,,Desktop,Credit Card
204,Javier Perez,javier.perez@gmail.com,53.0,FEMALE,United States,2024-04-02,2024-11-26,4.0,249.47,62.37,HOME,referral,No,2.0,Desktop,Debit Card
1997,Andres Garcia,andres.garcia@outlook.com,51.0, Male,Brazil,2022-10-14,2023-03-23,6.0,146.39,24.4,Electronics,Paid Ads,Yes,2.0,Mobile,Credit Card
1555,Diego Ramirez,diego.ramirez@yahoo.com,25.0,MALE,Mexico,2022-06-23,2023-05-11,2.0,38.97,19.48,Books,Social Media,Yes,2.0,Mobile,Cash on Delivery
1294,Ana Gonzalez,ana.gonzalez@yahoo.com,43.0,M,Spain,2022-02-28,2023-08-16,3.0,170.83,56.94,Home,Social Media,Yes,3.0,Tablet,Cash on Delivery
1854,Carlos Sanchez,carlos.sanchez@yahoo.com,22.0,F,Argentina,2022-09-10,2023-05-04,4.0,339.59,84.9,Sports,Email,No,2.0,Mobile,Debit Card
1155,Laura Rodriguez,laura.rodriguez@outlook.com,17.0,Femenino,Mexico,2023-11-06,2025-09-08,4.0,242.85,60.71,Books,referral,Yes,1.0,Tablet,PayPal
417,Jorge Gomez,jorge.gomez@hotmail.com,27.0,MALE,Colombia,2023-10-20,2024-01-09,5.0,271.43,54.29,Beauty,paid ads,No,2.0,Desktop,Debit Card
1865,Fernanda Gomez,fernanda.gomez@outlook.com,48.0,female, Mexico,2023-07-10,,4.0,319.27,79.82,CLOTHING,email,No,5.0,Mobile,Cash on Delivery
501,Maria Diaz,maria.diaz@yahoo.com,39.0,F,Colombia,2023-01-23,2023-09-28,2.0,26.65,13.32,Books,Referral,No,5.0,Tablet,Credit Card
574,Ana Sanchez,ana.sanchez@outlook.com,36.0,female,spain,2022-02-18,2023-08-12,7.0,99.26,14.18,electronics,Referral,Yes,3.0,Desktop,Cash on Delivery
1241,Camila Lopez,camila.lopez@hotmail.com,29.0,female,mexico,2022-03-07,2023-01-15,7.0,229.21,32.74,Home,Referral,Yes,2.0,Tablet,Credit Card
1725,Camila Garcia,camila.garcia@gmail.com,39.0,FEMALE,U.S.A,2022-12-21,2024-07-15,8.0,159.95,19.99,Clothing,Referral,No,2.0,Tablet,Cash on Delivery
1301,Ricardo Gomez,ricardo.gomez@gmail.com,55.0,F,Mexico,2023-03-27,2024-08-15,4.0,409.99,102.5,Home,ORGANIC SEARCH,No,1.0,Mobile,Credit Card
313,Maria Flores,maria.flores@hotmail.com,42.0, Male,United States ,2022-01-09,2023-06-23,7.0,486.27,69.47,Beauty,organic search,No,1.0,Desktop,PayPal
914,Jorge Lopez,jorge.lopez@yahoo.com,37.0,female,mexico,2023-06-17,2024-07-05,5.0,279.15,55.83,Home,Email,Yes,2.0,Tablet,Credit Card
1534,Carlos Gutierrez,carlos.gutierrez@hotmail.com,38.0,M,Brasil,2024-01-08,,9.0,127.42,14.16,BEAUTY,paid ads,No,5.0,Tablet,Debit Card
1435,Laura Lopez,laura.lopez@yahoo.com,36.0,F,MEXICO,2023-05-25,2024-04-01,8.0,87.73,10.97,BEAUTY,ORGANIC SEARCH,Yes,5.0,Mobile,Cash on Delivery
104,Ana Martinez,ana.martinez@gmail.com,40.0,other,colombia,2023-10-19,2024-05-05,5.0,166.96,33.39,Clothing,Social Media,No,3.0,Desktop,Credit Card
379,Miguel Gutierrez,miguel.gutierrez@gmail.com,46.0,female,COLOMBIA,2023-11-17,2025-05-03,5.0,235.65,47.13,Sports,Organic Search,Yes,4.0,Tablet,Credit Card
2000,Jose Flores,jose.flores@gmail.com,59.0,FEMALE,United States ,2023-01-07,2023-10-27,4.0,145.1,36.28,Books,Referral,Yes,3.0,Tablet,Credit Card
455,Andres Reyes,andres.reyes@yahoo.com,,female,Argentina,2022-07-25,,7.0,125.89,17.98,Clothing,Organic Search,No,4.0,Desktop,Cash on Delivery
1809,Luis Flores,luis.flores@hotmail.com,37.0,Femenino,MEXICO,2022-03-02,2022-07-05,9.0,1030.4,114.49,Beauty,Social Media,Yes,3.0,Mobile,Cash on Delivery
1316,Jose Reyes,,30.0, Male,spain,2022-12-30,2023-10-30,6.0,58.67,9.78,Electronics,Referral,Yes,5.0,Tablet,Cash on Delivery
931,Camila Hernandez,camila.hernandez@gmail.com,58.0,F,colombia,2024-04-07,2025-02-18,5.0,76.48,15.3,beauty,Paid Ads,No,,Tablet,Credit Card
1869,Ana Lopez,ana.lopez@outlook.com,45.0, Male,United States ,2023-08-01,2024-02-29,9.0,13.81,1.53,Home,Referral,No,3.0,Mobile,PayPal
1599,Fernanda Gonzalez,fernanda.gonzalez@outlook.com,,Other,colombia,2023-11-09,2024-04-30,5.0,270.62,54.12,sports,Organic Search,No,5.0,Tablet,PayPal
516,Maria Reyes,maria.reyes@outlook.com,32.0,Other,Chile,2023-05-20,2024-04-25,4.0,154.56,38.64,Sports,Social Media,Yes,3.0,Desktop,Debit Card
1457,Jorge Morales,jorge.morales@gmail.com,57.0,Male,argentina,2022-11-30,2024-01-22,6.0,128.11,21.35,HOME,Paid Ads,No,2.0,Desktop,Credit Card
1374,Valentina Flores,valentina.flores@gmail.com,41.0, Male,USA,2023-04-05,2025-01-22,10.0,774.93,77.49,Home,Organic Search,No,2.0,Tablet,Credit Card
375,Pablo Diaz,pablo.diaz@hotmail.com,46.0,Femenino,Peru,2024-03-19,2024-11-26,4.0,172.75,43.19,Sports,referral,Yes,3.0,Mobile,PayPal
1806,Ana Reyes,ana.reyes@gmail.com,48.0,male,mexico,2023-11-02,2025-08-26,4.0,139.5,34.88,Electronics,Organic Search,Yes,4.0,Desktop,Debit Card
1530,Gabriela Martinez,gabriela.martinez@gmail.com,51.0,Male, Mexico,2022-12-26,2023-06-29,1.0,107.83,107.83,books,Email,No,4.0,Mobile,Credit Card
1786,Sofia Rivera,sofia.rivera@yahoo.com,41.0,FEMALE,chile,2024-01-08,2025-11-10,7.0,97.6,13.94,Clothing, Referral ,No,3.0,Mobile,Cash on Delivery
4,Valentina Torres,valentina.torres@hotmail.com,17.0,M,USA,2024-04-15,2024-08-14,5.0,305.17,61.03,Sports, Email ,No,5.0,Tablet,PayPal
1197,Daniela Lopez,daniela.lopez@outlook.com,26.0,Male,argentina,2022-09-28,2023-03-02,9.0,83.88,9.32,SPORTS,Organic Search,No,1.0,Tablet,Debit Card
1996,Ana Perez,ana.perez@gmail.com,56.0,M, Mexico,2022-01-21,2022-10-03,8.0,95.31,11.91,Electronics,Social Media,No,4.0,Mobile,Cash on Delivery
86,Daniela Diaz,daniela.diaz@yahoo.com,43.0,Male,Argentina,2023-02-20,2023-03-17,3.0,234.38,78.13,Electronics,Email,No,1.0,Desktop,Debit Card
1813,Javier Diaz,,41.0,male,USA,2022-08-06,2023-03-31,1.0,312.55,312.55,beauty,Social Media,No,5.0,Desktop,Debit Card
1976,Luis Diaz,luis.diaz@yahoo.com,32.0,M,chile,2023-03-26,2023-11-10,10.0,43.65,4.36, Electronics ,Social Media,No,3.0,Mobile,Credit Card
1928,Maria Hernandez,,19.0,Female,Brazil,2023-12-15,2024-09-22,4.0,397.9,99.48,beauty,Email,No,,Tablet,Cash on Delivery
710,Diego Jimenez,diego.jimenez@hotmail.com,37.0,Male,Peru,2023-09-24,2024-12-20,7.0,77.53,11.08, Clothing ,referral,Yes,2.0,Tablet,PayPal
1898,Pablo Garcia,pablo.garcia@outlook.com,22.0,F,Brazil,2022-07-02,2024-03-08,8.0,32.3,4.04,Home,Paid Ads,No,,Desktop,Credit Card
265,Jorge Martinez,jorge.martinez@yahoo.com,36.0,M,USA,2023-03-09,2024-07-05,8.0,194.9,24.36,BOOKS,Referral,Yes,4.0,Desktop,PayPal
611,Fernanda Gutierrez,fernanda.gutierrez@gmail.com,43.0, Male,Mexico,2023-12-10,2025-08-28,2.0,132.94,66.47,HOME,Referral,No,1.0,Tablet,PayPal
506,Diego Martinez,diego.martinez@hotmail.com,35.0,female,Mexico,2024-01-30,2025-01-19,9.0,36.98,4.11,Books,REFERRAL,No,2.0,Mobile,Cash on Delivery
1617,Ricardo Rodriguez,ricardo.rodriguez@outlook.com,28.0,M,USA,2022-09-22,2024-04-28,2.0,183.14,91.57,Sports,Social Media,Yes,,Tablet,Debit Card
1920,Camila Gomez,camila.gomez@outlook.com,62.0,male,Peru,2022-05-26,2022-12-13,12.0,228.56,19.05,Clothing,Social Media,No,3.0,Tablet,Credit Card
1432,Carlos Morales,carlos.morales@gmail.com,12.0,Female,chile,2022-03-18,2023-09-26,5.0,129.6,25.92,CLOTHING,REFERRAL,Yes,5.0,Desktop,Credit Card
1640,Jose Gomez,jose.gomez@outlook.com,42.0,MALE,Argentina,2022-08-13,2023-02-12,6.0,91.09,15.18,Sports,email,Yes,5.0,Desktop,Debit Card
1714,Daniela Lopez,daniela.lopez@yahoo.com,37.0,Other,us,2022-04-07,2023-08-17,2.0,152.86,76.43,Sports,EMAIL,No,,Tablet,Cash on Delivery
82,Valentina Rodriguez,valentina.rodriguez@hotmail.com,50.0,Female,United States ,2022-07-20,2024-03-19,10.0,747.0,74.7,Home,Social Media,No,3.0,Desktop,Cash on Delivery
1440,Jorge Reyes,jorge.reyes@yahoo.com,24.0,Femenino,Mexico,2023-05-06,2024-06-18,6.0,,35.4, Clothing ,Email,Yes,5.0,Desktop,Debit Card
920,Paula Sanchez,paula.sanchez@yahoo.com,22.0,M,Brasil,2023-12-28,2024-10-08,2.0,503.88,251.94,BOOKS,email,No,5.0,Mobile,Credit Card
1860,Daniela Ramirez,daniela.ramirez@yahoo.com,,Male,Espana,2023-06-23,2023-09-28,6.0,491.38,81.9,Sports,Social Media,No,2.0,Desktop,Credit Card
457,Maria Reyes,maria.reyes@yahoo.com,32.0,F,Mexico,2023-02-07,2024-08-08,3.0,217.83,72.61,CLOTHING, Social Media ,No,4.0,Desktop,Debit Card
1470,Luis Jimenez,luis.jimenez@hotmail.com,30.0,Male,mexico,2022-07-14,2022-08-04,7.0,96.94,13.85,SPORTS,paid ads,No,3.0,Desktop,Cash on Delivery
972,Valentina Rodriguez,valentina.rodriguez@hotmail.com,19.0,FEMALE,chile,2022-03-21,2024-01-19,7.0,85.66,12.24,Electronics,SOCIAL MEDIA,Yes,5.0,Desktop,PayPal
84,Fernanda Diaz,fernanda.diaz@outlook.com,30.0,Male, Mexico,2023-06-24,2024-09-28,7.0,205.43,29.35,beauty,Referral,Yes,4.0,Mobile,Credit Card
401,Jorge Garcia,jorge.garcia@hotmail.com,33.0,OTHER,Peru,2022-10-16,2023-08-03,3.0,31.0,10.33,Beauty,social media,No,2.0,Mobile,Debit Card
964,Sofia Rodriguez,sofia.rodriguez@gmail.com,22.0,Femenino,argentina,2022-11-16,2023-07-17,6.0,233.27,38.88,Home,Paid Ads,Yes,2.0,Mobile,PayPal
844,Ana Torres,ana.torres@gmail.com,27.0,Male,Argentina,2024-05-27,2024-07-12,9.0,98.66,10.96,Sports,Email,Yes,2.0,Tablet,Credit Card
1921,Miguel Ortiz,miguel.ortiz@gmail.com,17.0,M,colombia,2022-11-11,2024-03-23,8.0,134.04,16.76,Clothing,Organic Search,Yes,2.0,Mobile,Debit Card
1730,Maria Gomez,maria.gomez@hotmail.com,45.0,M,mexico,2022-04-08,2023-10-21,7.0,81.86,11.69,Beauty,SOCIAL MEDIA,Yes,5.0,Mobile,Credit Card
1646,Jose Flores,jose.flores@gmail.com,32.0,MALE,Colombia,2024-01-16,2024-06-26,6.0,89.55,14.92,Electronics,Social Media,Yes,3.0,Desktop,Debit Card
141,Jorge Cruz,jorge.cruz@yahoo.com,47.0,Femenino,Chile,2022-05-10,2023-01-29,6.0,615.03,102.5,BEAUTY,Paid Ads,Yes,4.0,Tablet,Debit Card
839,Ana Lopez,ana.lopez@outlook.com,22.0,M,United States ,2023-12-13,2025-03-25,0.0,17.63,17.63,electronics, Referral ,Yes,4.0,Tablet,PayPal
288,Andres Reyes,andres.reyes@outlook.com,55.0,M,MEXICO,2022-08-09,2023-11-29,4.0,102.31,25.58,Sports,Paid Ads,No,1.0,Mobile,Cash on Delivery
885,Fernanda Sanchez,fernanda.sanchez@gmail.com,40.0,M,Colombia,2023-12-02,,7.0,68.78,9.83,Beauty,Paid Ads,No,5.0,Tablet,Credit Card
148,Sofia Ortiz,sofia.ortiz@outlook.com,32.0,MALE,Mexico,2023-07-04,2025-04-29,7.0,62.31,8.9,Electronics,email,Yes,2.0,Tablet,PayPal
333,Laura Gonzalez,laura.gonzalez@outlook.com,43.0,female,Mexico,2022-05-04,2023-02-27,4.0,89.53,22.38,Beauty,Referral,No,,Desktop,Credit Card
1090,Maria Torres,maria.torres@yahoo.com,22.0,M,COLOMBIA,2023-10-17,2023-12-05,6.0,251.12,41.85,Electronics,Paid Ads,Yes,3.0,Mobile,Credit Card
169,Laura Ortiz,laura.ortiz@yahoo.com,32.0,Femenino,Mexico,2023-11-07,2025-03-04,9.0,86.81,9.65,Books,Email,Yes,1.0,Mobile,PayPal
113,Andres Ortiz,andres.ortiz@gmail.com,,F,U.S.A,2023-09-05,2024-05-02,13.0,115.49,8.88,ELECTRONICS,Email,No,3.0,Mobile,Credit Card
891,Luis Martinez,luis.martinez@outlook.com,35.0,F,MEXICO,2023-01-08,2024-03-02,3.0,402.54,134.18,Books, Email ,No,,Desktop,Credit Card
155,Valentina Cruz,valentina.cruz@gmail.com,27.0,MALE,Mexico,2022-02-08,2023-08-01,6.0,193.14,32.19,sports,ORGANIC SEARCH,No,5.0,Tablet,Credit Card
320,Ricardo Morales,ricardo.morales@gmail.com,21.0,Female,colombia,2022-04-09,2023-05-09,8.0,,19.28,Clothing,Social Media,No,2.0,Mobile,PayPal
1744,Ana Ramirez,ana.ramirez@hotmail.com,43.0,FEMALE,Mexico,2024-05-24,2024-09-28,4.0,95.42,23.86,Clothing,Social Media,No,4.0,Mobile,PayPal
32,Sofia Hernandez,sofia.hernandez@yahoo.com,38.0,female,,2022-11-09,2023-01-21,3.0,254.94,84.98,clothing,EMAIL,Yes,4.0,Desktop,PayPal
505,Jose Rodriguez,jose.rodriguez@gmail.com,39.0,Femenino,spain,2023-05-06,2023-08-08,3.0,357.54,119.18,Clothing,REFERRAL,No,4.0,Desktop,Debit Card
382,Gabriela Ramirez,gabriela.ramirez@gmail.com,51.0,male,Mexico,2022-12-03,2023-07-10,7.0,290.28,41.47,Sports,paid ads,No,2.0,Mobile,Cash on Delivery
926,Gabriela Hernandez,gabriela.hernandez@gmail.com,33.0,MALE,COLOMBIA,2024-03-07,2024-04-19,7.0,108.58,15.51,Books,REFERRAL,Yes,4.0,Mobile,PayPal
1775,Ricardo Ramirez,ricardo.ramirez@hotmail.com,34.0,Male,colombia,2023-12-26,2024-06-29,3.0,96.38,32.13,BOOKS,ORGANIC SEARCH,No,,Mobile,Credit Card
211,Jose Diaz,jose.diaz@gmail.com,,FEMALE,us,2022-07-08,2024-04-02,5.0,237.13,47.43,CLOTHING,REFERRAL,Yes,1.0,Desktop,Debit Card
1066,Miguel Rivera,miguel.rivera@yahoo.com,30.0,female,Mexico,2022-10-21,2023-12-21,3.0,32.19,10.73,Books,Email,No,5.0,Desktop,Credit Card
494,Paula Gomez,paula.gomez@hotmail.com,43.0,Male,colombia,2023-12-11,2024-05-30,10.0,88.77,8.88,Electronics,Organic Search,No,5.0,Tablet,Cash on Delivery
745,Ricardo Hernandez,ricardo.hernandez@yahoo.com,45.0,M,COLOMBIA,2023-05-08,2024-03-27,4.0,86.08,21.52,HOME,ORGANIC SEARCH,No,,Desktop,Debit Card
822,Javier Reyes,javier.reyes@yahoo.com,35.0,male,USA,2024-05-28,2024-11-19,6.0,81.5,13.58,Sports,referral,Yes,1.0,Tablet,Debit Card
1208,Daniela Reyes,daniela.reyes@outlook.com,36.0,MALE,MEXICO,2022-02-13,2023-07-29,7.0,121.24,17.32,BEAUTY,Email,Yes,4.0,Mobile,PayPal
70,Diego Ramirez,diego.ramirez@gmail.com,62.0,FEMALE,Colombia,2023-04-19,2023-08-10,4.0,205.38,51.34,Home,Paid Ads,No,4.0,Tablet,Credit Card
1035,Luis Rodriguez,luis.rodriguez@gmail.com,25.0, Male,Mexico,2022-01-21,2023-01-15,5.0,448.69,89.74,BOOKS,SOCIAL MEDIA,No,4.0,Mobile,Credit Card
597,Andres Flores,andres.flores@outlook.com,37.0,F,Chile,2023-09-15,2024-03-14,3.0,121.02,40.34,Electronics,Referral,No,2.0,Mobile,Credit Card
1364,Sofia Reyes,sofia.reyes@outlook.com,35.0,Female,Mexico,2023-06-15,2024-05-04,5.0,122.45,24.49,CLOTHING,Paid Ads,No,2.0,Desktop,Cash on Delivery
534,Jose Hernandez,jose.hernandez@outlook.com,54.0,OTHER,Mexico,2023-10-29,2025-05-16,6.0,89.92,14.99,beauty,Social Media,Yes,5.0,Desktop,PayPal
1215,Luis Rivera,luis.rivera@outlook.com,,female,MEXICO,2022-11-20,2023-07-16,4.0,683.93,170.98,sports,Email,No,4.0,Mobile,Cash on Delivery
1098,Ricardo Perez,ricardo.perez@hotmail.com,23.0,female,Spain,2023-09-14,2025-05-18,9.0,943.4,104.82,Electronics,EMAIL,Yes,3.0,Mobile,Cash on Delivery
1881,Miguel Jimenez,miguel.jimenez@gmail.com,,female,Colombia,2022-12-14,2023-09-30,7.0,74.4,10.63,home,Social Media,Yes,1.0,Mobile,Cash on Delivery
62,Daniela Rivera,daniela.rivera@gmail.com,32.0,female,Peru,2022-01-23,2023-04-27,3.0,1331.62,443.87,BOOKS,REFERRAL,No,,Mobile,Debit Card
1009,Daniela Gomez,daniela.gomez@yahoo.com,34.0,F,MEXICO,2022-06-03,2024-03-06,7.0,113.5,16.21,Books,Email,Yes,3.0,Mobile,Credit Card
791,Luis Ortiz,luis.ortiz@gmail.com,49.0, Male,USA,2022-12-06,2024-09-08,4.0,81.7,20.42,Home,Organic Search,No,3.0,Desktop,Cash on Delivery
1803,Diego Reyes,diego.reyes@hotmail.com,38.0,Femenino,Mexico,2023-07-12,2025-03-12,7.0,84.05,12.01,Home,Referral,No,3.0,Desktop,Credit Card
298,Valentina Torres,valentina.torres@outlook.com,33.0,M,spain,2023-02-07,2023-11-28,4.0,417.54,104.38,Sports,Email,Yes,3.0,Mobile,Debit Card
1064,Daniela Martinez,daniela.martinez@yahoo.com,50.0, Male,MEXICO,2024-02-08,2025-05-31,9.0,265.97,29.55,HOME,referral,No,3.0,Desktop,Cash on Delivery
1808,Diego Hernandez,diego.hernandez@outlook.com,35.0,M,chile,2022-05-01,2023-05-24,7.0,325.74,46.53,Home,Paid Ads,No,4.0,Mobile,PayPal
566,Sofia Ramirez,sofia.ramirez@hotmail.com,35.0,FEMALE,MEXICO,2023-01-14,2024-03-11,12.0,228.35,19.03,Home,Email,Yes,4.0,Desktop,PayPal
489,Ricardo Flores,ricardo.flores@yahoo.com,37.0,female,COLOMBIA,2022-04-28,,7.0,62.13,8.88,Books, Email ,No,3.0,Tablet,PayPal
205,Diego Torres,diego.torres@hotmail.com,51.0,Female,us,2023-11-02,2024-05-22,7.0,226.05,32.29,HOME,Organic Search,No,4.0,Tablet,Cash on Delivery
693,Gabriela Ortiz,gabriela.ortiz@outlook.com,62.0,F,Mexico,2022-06-18,2023-07-27,3.0,431.1,143.7,Books,Referral,Yes,1.0,Desktop,PayPal
963,Fernanda Gutierrez,fernanda.gutierrez@outlook.com,19.0,Female, Mexico,2024-01-21,2025-11-25,4.0,180.73,45.18,home,referral,No,,Mobile,Debit Card
323,Paula Perez,paula.perez@hotmail.com,42.0,male, Mexico,2023-12-18,2024-06-29,5.0,422.7,84.54,Electronics,Referral,Yes,4.0,Mobile,Debit Card
1408,Pablo Gomez,pablo.gomez@outlook.com,14.0,FEMALE,Spain,2023-04-18,2024-03-22,3.0,109.53,36.51,ELECTRONICS,ORGANIC SEARCH,No,3.0,Tablet,Credit Card
1105,Laura Cruz,laura.cruz@gmail.com,38.0,male,Mexico,2023-02-02,2024-01-15,9.0,138.4,15.38,Clothing,Email,No,2.0,Mobile,PayPal
1924,Valentina Ramirez,valentina.ramirez@outlook.com,20.0,Femenino,Mexico,2022-04-03,2023-05-07,5.0,130.7,26.14,HOME,PAID ADS,No,2.0,Tablet,Debit Card
59,Daniela Sanchez,daniela.sanchez@gmail.com,,F,Spain,2024-03-17,2024-05-01,9.0,91.72,10.19,beauty,Email,Yes,3.0,Tablet,Debit Card
825,Paula Gomez,paula.gomez@hotmail.com,23.0,OTHER,Espana,2024-06-14,2024-08-19,5.0,440.67,88.13,CLOTHING,Social Media,No,4.0,Tablet,Cash on Delivery
1424,Javier Sanchez,javier.sanchez@gmail.com,48.0, Male,U.S.A,2023-04-23,2023-11-14,6.0,194.28,32.38,BOOKS,Referral,No,2.0,Tablet,Credit Card
28,Fernanda Gutierrez,fernanda.gutierrez@hotmail.com,23.0,F,colombia,2023-06-21,2025-04-23,6.0,297.71,49.62,Sports,Paid Ads,Yes,4.0,Desktop,PayPal
1110,Ana Lopez,ana.lopez@hotmail.com,38.0, Male,COLOMBIA,2024-06-02,2026-03-28,9.0,207.85,23.09,Home, Social Media ,No,4.0,Desktop,Debit Card
900,Paula Lopez,paula.lopez@yahoo.com,36.0,M,Mexico,2022-07-06,2023-09-10,7.0,100.46,14.35,Home,Referral,Yes,2.0,Mobile,Debit Card
1770,Carlos Perez,carlos.perez@yahoo.com,16.0,F,mexico,2023-11-22,2024-08-11,5.0,356.3,71.26,Clothing,organic search,No,5.0,Tablet,Cash on Delivery
1584,Valentina Perez,valentina.perez@gmail.com,48.0, Male,Spain,2023-05-13,2025-02-05,1.0,503.78,503.78,Beauty,Referral,No,1.0,Tablet,Debit Card
657,Ricardo Rodriguez,ricardo.rodriguez@gmail.com,31.0, Male,argentina,2024-05-23,2025-12-10,7.0,70.56,10.08,Clothing,Paid Ads,No,2.0,Mobile,Cash on Delivery
195,Jorge Diaz,jorge.diaz@yahoo.com,43.0,F,mexico,2022-12-11,2024-06-12,5.0,58.81,11.76,Beauty,Paid Ads,Yes,3.0,Mobile,PayPal
1963,Maria Diaz,maria.diaz@outlook.com,37.0,F,us,2023-04-28,2023-10-24,4.0,47.0,11.75,Books,Referral,Yes,2.0,Tablet,Cash on Delivery
897,Camila Diaz,camila.diaz@outlook.com,24.0,FEMALE,Mexico,2023-06-08,2025-03-06,2.0,227.1,113.55,Electronics,SOCIAL MEDIA,Yes,2.0,Mobile,Cash on Delivery
1201,Pablo Ortiz,pablo.ortiz@hotmail.com,37.0,Femenino,Peru,2022-01-19,2023-03-21,5.0,577.47,115.49,Sports,REFERRAL,Yes,3.0,Tablet,Debit Card
1755,Paula Garcia,paula.garcia@gmail.com,20.0,F,U.S.A,2023-12-20,2025-03-24,2.0,236.77,118.38,home,Social Media,No,1.0,Mobile,PayPal
232,Pablo Rodriguez,pablo.rodriguez@outlook.com,30.0,Female,Mexico,2022-09-30,2023-01-10,6.0,991.49,165.25,Electronics,ORGANIC SEARCH,No,3.0,Desktop,Credit Card
1850,Carlos Lopez,carlos.lopez@gmail.com,28.0,M,mexico,2022-04-05,2023-04-12,6.0,589.62,98.27,Sports,Paid Ads,No,2.0,Desktop,PayPal
212,Daniela Morales,daniela.morales@yahoo.com,33.0, Male,mexico,2023-01-02,2024-06-06,8.0,47.7,5.96,Sports,Email,Yes,4.0,Desktop,Cash on Delivery
394,Andres Lopez,andres.lopez@gmail.com,45.0,MALE,USA,2022-08-06,2024-02-10,14.0,210.73,15.05,CLOTHING,paid ads,Yes,2.0,Tablet,Cash on Delivery
1000,Camila Diaz,camila.diaz@hotmail.com,42.0,female, Mexico,2022-04-03,2022-04-24,7.0,75.27,10.75,Home, Referral ,No,1.0,Tablet,Cash on Delivery
621,Valentina Reyes,valentina.reyes@yahoo.com,18.0,male,U.S.A,2022-01-28,2023-02-02,6.0,191.12,31.85,Home,email,Yes,,Desktop,PayPal
805,Daniela Hernandez,daniela.hernandez@yahoo.com,57.0,Femenino,COLOMBIA,2023-06-17,2025-01-30,8.0,86.59,10.82,Beauty,Referral,No,5.0,Tablet,Debit Card
762,Andres Ramirez,andres.ramirez@outlook.com,53.0,male,Argentina,2023-11-26,2024-06-21,3.0,244.91,81.64,Books,Organic Search,Yes,3.0,Mobile,Credit Card
1258,Andres Hernandez,andres.hernandez@hotmail.com,50.0,male,Argentina,2024-05-12,2025-12-02,13.0,392.79,30.21,Books,Social Media,Yes,1.0,Desktop,PayPal
558,Pablo Jimenez,pablo.jimenez@outlook.com,23.0,female,Spain,2022-12-07,,5.0,163.34,32.67,Books,Organic Search,No,2.0,Tablet,PayPal
240,Paula Jimenez,paula.jimenez@gmail.com,50.0,M,COLOMBIA,2022-05-25,2022-10-04,11.0,110.53,10.05,Electronics,Referral,Yes,4.0,Desktop,Debit Card
374,Miguel Sanchez,miguel.sanchez@outlook.com,44.0, Male,Argentina,2022-09-23,2023-04-20,6.0,151.07,25.18,sports,Paid Ads,No,2.0,Desktop,Debit Card
1036,Daniela Gutierrez,daniela.gutierrez@gmail.com,31.0,Male,Espana,2023-08-13,2024-08-07,5.0,469.37,93.87,Home,SOCIAL MEDIA,No,1.0,Tablet,Debit Card
171,Maria Garcia,maria.garcia@hotmail.com,51.0,Female,us,2024-04-27,2026-02-24,7.0,124.52,17.79,Electronics,Organic Search,Yes,,Mobile,Credit Card
465,Ana Torres,ana.torres@hotmail.com,35.0,male,Mexico,2023-06-29,2024-02-16,5.0,148.83,29.77,BOOKS,Paid Ads,No,1.0,Desktop,Debit Card
71,Ricardo Hernandez,,19.0,male,colombia,2023-10-28,2024-02-23,6.0,314.86,52.48,SPORTS,Referral,Yes,3.0,Tablet,PayPal
1807,Ana Martinez,ana.martinez@hotmail.com,37.0,MALE, Mexico,2022-07-10,2023-09-12,5.0,244.4,48.88,beauty,Referral,No,1.0,Desktop,PayPal
854,Sofia Rodriguez,sofia.rodriguez@gmail.com,34.0,Femenino,Colombia,2024-05-19,2026-03-31,3.0,95.8,31.93,Clothing,Email,No,5.0,Mobile,Credit Card
711,Javier Rodriguez,javier.rodriguez@hotmail.com,30.0,female,United States ,2024-03-16,2025-02-14,4.0,280.74,70.18,Beauty,Paid Ads,No,5.0,Mobile,Debit Card
896,Paula Flores,paula.flores@hotmail.com,41.0,Female,Colombia,2023-07-27,2023-09-01,3.0,,364.38,Books,Referral,Yes,3.0,Mobile,Debit Card
291,Fernanda Sanchez,fernanda.sanchez@gmail.com,16.0,Male,mexico,2023-10-28,2023-12-02,7.0,102.81,14.69, Electronics ,social media,Yes,4.0,Desktop,PayPal
1366,Ana Cruz,ana.cruz@gmail.com,58.0,M,Espana,2022-01-22,2022-10-01,8.0,187.04,23.38,Clothing,Referral,No,4.0,Desktop,Debit Card
270,Andres Gutierrez,andres.gutierrez@yahoo.com,34.0,F,Mexico,2023-11-10,2024-04-28,8.0,39.43,4.93,Clothing,referral,No,3.0,Desktop,Debit Card
1703,Javier Lopez,javier.lopez@hotmail.com,24.0,M,Argentina,2022-01-04,2022-06-06,8.0,32.41,4.05,Sports,social media,No,5.0,Tablet,Cash on Delivery
66,Laura Flores,laura.flores@hotmail.com,48.0,Female,United States,2022-08-28,2023-12-28,1.0,163.7,163.7,Beauty,Email,No,5.0,Mobile,PayPal
1925,Miguel Gomez,miguel.gomez@outlook.com,30.0,FEMALE,Argentina,2024-06-11,2025-09-30,5.0,243.08,48.62, Beauty ,SOCIAL MEDIA,No,2.0,Desktop,PayPal
591,Fernanda Rodriguez,fernanda.rodriguez@yahoo.com,19.0,female,colombia,2023-10-23,2024-05-24,9.0,101.11,11.23,BOOKS,PAID ADS,No,2.0,Mobile,Debit Card
1717,Paula Perez,paula.perez@gmail.com,35.0,Male, Mexico,2024-04-20,2024-12-08,4.0,93.2,23.3,Books,PAID ADS,No,5.0,Mobile,Credit Card
1705,Gabriela Ortiz,gabriela.ortiz@hotmail.com,25.0,M,,2022-01-21,2023-06-22,4.0,201.87,50.47, Sports ,Organic Search,Yes,5.0,Tablet,Cash on Delivery
1546,Andres Gomez,andres.gomez@outlook.com,47.0,M,us,2024-03-29,2025-07-25,9.0,101.98,11.33,sports,Social Media,No,5.0,Desktop,Credit Card
1571,Luis Morales,luis.morales@outlook.com,48.0,M, Mexico,2023-04-05,2025-01-25,6.0,55.74,9.29,Sports,Organic Search,No,3.0,Desktop,Cash on Delivery
1676,Jorge Ramirez,jorge.ramirez@hotmail.com,24.0,Male,colombia,2023-03-30,2023-09-15,5.0,159.44,31.89,Beauty,Referral,Yes,4.0,Desktop,PayPal
1915,Laura Morales,,46.0,FEMALE,colombia,2022-03-12,2023-04-17,5.0,314.1,62.82,Home,Email,No,1.0,Desktop,Debit Card
1561,Jose Rodriguez,jose.rodriguez@hotmail.com,26.0,M,brazil,2022-01-23,2023-03-26,9.0,168.46,18.72,Home,Social Media,No,3.0,Desktop,Debit Card
412,Sofia Garcia,sofia.garcia@yahoo.com,20.0, Male,Argentina,2023-01-22,2024-10-22,5.0,376.22,75.24,CLOTHING,Organic Search,Yes,4.0,Tablet,Cash on Delivery
801,Ana Morales,ana.morales@yahoo.com,34.0,M,Mexico,2022-03-27,2022-06-09,7.0,280.99,40.14,electronics,Paid Ads,No,5.0,Mobile,Cash on Delivery
421,Gabriela Gonzalez,gabriela.gonzalez@yahoo.com,28.0,Male,Spain,2022-12-19,2024-07-27,10.0,27.57,2.76,Beauty, Social Media ,No,5.0,Desktop,Debit Card
950,Jose Flores,jose.flores@hotmail.com,42.0,Male,Mexico,2024-01-05,2024-03-21,3.0,363.73,121.24,Electronics,Email,No,1.0,Tablet,Credit Card
1146,Diego Rivera,diego.rivera@outlook.com,33.0,M,Brasil,2022-07-22,2021-01-01,6.0,196.25,32.71,Electronics,Email,No,5.0,Desktop,Debit Card
687,Valentina Lopez,valentina.lopez@outlook.com,35.0,Femenino,Espana,2024-02-26,2024-12-16,7.0,210.99,30.14,Home,Organic Search,Yes,1.0,Mobile,Cash on Delivery
889,Ana Martinez,ana.martinez@hotmail.com,53.0,Female,mexico,2023-11-23,2025-06-07,6.0,178.72,29.79,Home,Referral,No,1.0,Tablet,Debit Card
1339,Ricardo Jimenez,ricardo.jimenez@hotmail.com,25.0,M,Mexico,2022-02-13,2023-10-27,7.0,,7.83,Sports,Email,No,2.0,Desktop,Debit Card
1490,Camila Cruz,camila.cruz@hotmail.com,21.0,other,U.S.A,2022-02-22,2023-12-12,3.0,203.66,67.89,Home,Email,No,5.0,Tablet,Credit Card
285,Valentina Diaz,valentina.diaz@gmail.com,52.0,male,argentina,2022-12-22,2023-09-24,9.0,470.19,52.24,Electronics,Paid Ads,Yes,4.0,Tablet,Debit Card
704,Carlos Reyes,carlos.reyes@outlook.com,35.0,Male,U.S.A,2023-07-04,2023-11-21,5.0,231.13,46.23,Home,Organic Search,Yes,5.0,Mobile,Cash on Delivery
1288,Sofia Lopez,sofia.lopez@outlook.com,57.0,Femenino,Chile,2023-01-18,2024-03-16,6.0,139.35,23.22,Clothing,Email,No,1.0,Tablet,Credit Card
167,Laura Perez,laura.perez@hotmail.com,45.0,MALE,MEXICO,2023-12-31,2024-11-01,3.0,180.91,60.3,Beauty,ORGANIC SEARCH,No,4.0,Tablet,Cash on Delivery
230,Carlos Gutierrez,carlos.gutierrez@gmail.com,45.0, Male,USA,2022-05-27,2024-02-10,6.0,25.54,4.26,Home,Paid Ads,No,1.0,Tablet,Credit Card
1388,Laura Cruz,laura.cruz@outlook.com,29.0,MALE,peru,2024-03-15,2025-10-20,8.0,480.02,60.0,Beauty,Organic Search,No,4.0,Desktop,Credit Card
356,Jorge Sanchez,jorge.sanchez@outlook.com,,Male,Argentina,2023-12-15,2025-05-31,8.0,73.03,9.13,Home,email,Yes,1.0,Desktop,Debit Card
1848,Camila Sanchez,camila.sanchez@yahoo.com,34.0,F,us,2024-01-27,2024-06-28,4.0,237.47,59.37,Sports,SOCIAL MEDIA,No,4.0,Tablet,Credit Card
29,Camila Flores,camila.flores@yahoo.com,,F,USA,2023-10-05,2024-01-29,8.0,184.74,23.09,books,PAID ADS,Yes,3.0,Desktop,Debit Card
632,Laura Diaz,laura.diaz@hotmail.com,55.0,F,Mexico,2023-11-25,,3.0,533.46,177.82,CLOTHING,Organic Search,Yes,1.0,Mobile,Credit Card
146,Pablo Ramirez,pablo.ramirez@hotmail.com,23.0,FEMALE,USA,2022-08-20,2022-08-27,5.0,236.4,47.28,Electronics,Email,Yes,3.0,Desktop,Debit Card
147,Ana Hernandez,ana.hernandez@hotmail.com,51.0,MALE,mexico,2022-11-16,,5.0,44.99,9.0,Home,Organic Search,No,5.0,Mobile,Credit Card
17,Camila Ramirez,camila.ramirez@hotmail.com,52.0,Femenino, Mexico,2023-03-19,2025-01-13,6.0,30.92,5.15,books,Email,No,3.0,Mobile,Cash on Delivery
1951,Gabriela Sanchez,gabriela.sanchez@hotmail.com,35.0,male,chile,2022-07-08,2022-10-02,4.0,1047.06,261.76,Clothing,Email,Yes,1.0,Tablet,Credit Card
1493,Ana Sanchez,ana.sanchez@gmail.com,47.0,F,Mexico,2022-10-21,2022-11-29,5.0,396.79,79.36,Home,Email,No,1.0,Tablet,Credit Card
1761,Miguel Hernandez,miguel.hernandez@gmail.com,29.0,OTHER,United States ,2022-08-10,,4.0,,387.66,Clothing,Organic Search,No,3.0,Mobile,PayPal
1669,Camila Ramirez,camila.ramirez@outlook.com,39.0,FEMALE,us,2023-11-24,2024-03-02,5.0,39.55,7.91,Beauty, Organic Search ,Yes,2.0,Desktop,Cash on Delivery
1735,Pablo Perez,pablo.perez@yahoo.com,48.0,Male,Espana,2023-08-02,2025-03-18,3.0,80.79,26.93,ELECTRONICS,Organic Search,No,4.0,Tablet,Cash on Delivery
551,Fernanda Diaz,,54.0,F,United States ,2024-02-27,2024-07-07,5.0,108.89,21.78,Home,PAID ADS,No,,Tablet,PayPal
916,Diego Ramirez,diego.ramirez@gmail.com,48.0,male,Argentina,2023-01-28,2024-07-28,5.0,129.53,25.91,Electronics,Social Media,No,5.0,Tablet,Credit Card
60,Javier Ramirez,javier.ramirez@yahoo.com,37.0,F,Peru,2022-07-06,2024-05-06,3.0,588.17,196.06,Home,email,Yes,5.0,Desktop,Credit Card
1502,Jose Gomez,jose.gomez@gmail.com,61.0,Male,U.S.A,2022-07-21,2023-08-10,5.0,91.0,18.2,electronics,Referral,No,,Desktop,PayPal
731,Daniela Gutierrez,daniela.gutierrez@outlook.com,42.0, Male,Mexico,2023-01-25,2023-09-21,7.0,71.0,10.14,Electronics,SOCIAL MEDIA,No,3.0,Desktop,Cash on Delivery
870,Ana Lopez,ana.lopez@yahoo.com,35.0,F,Mexico,2024-05-10,2026-04-05,6.0,314.01,52.34,home,Organic Search,Yes,4.0,Tablet,Debit Card
1267,Luis Cruz,luis.cruz@yahoo.com,,male, Mexico,2023-10-16,2025-02-12,4.0,340.59,85.15,Books,referral,Yes,3.0,Mobile,Debit Card
1291,Sofia Ramirez,sofia.ramirez@outlook.com,24.0,Female, Mexico,2022-10-11,2022-12-31,5.0,311.65,62.33,Sports, Email ,No,1.0,Mobile,Debit Card
1890,Valentina Reyes,valentina.reyes@hotmail.com,56.0,female,COLOMBIA,2022-12-03,2023-12-18,5.0,66.84,13.37,Home,Referral,Yes,4.0,Desktop,Debit Card
1315,Gabriela Ramirez,gabriela.ramirez@hotmail.com,44.0,MALE,COLOMBIA,2023-03-27,2024-11-19,5.0,533.35,106.67,Beauty,paid ads,No,2.0,Mobile,Debit Card
1140,Camila Torres,camila.torres@outlook.com,36.0,Female,United States ,2023-10-31,2024-12-08,7.0,130.57,18.65,Clothing,ORGANIC SEARCH,Yes,2.0,Mobile,Cash on Delivery
132,Andres Gutierrez,andres.gutierrez@outlook.com,35.0,Male,chile,2024-02-06,2024-09-11,6.0,174.41,29.07,Books,Referral,No,1.0,Mobile,Debit Card
1363,Miguel Garcia,miguel.garcia@yahoo.com,43.0,Other,United States,2023-07-28,2024-06-26,0.0,365.15,365.15,Clothing,Social Media,No,,Tablet,Credit Card
1742,Daniela Perez,daniela.perez@yahoo.com,,Female,Colombia,2022-03-28,2022-10-20,7.0,146.7,20.96,Clothing,Referral,No,,Tablet,Credit Card
1793,Laura Gonzalez,laura.gonzalez@hotmail.com,52.0,female, Mexico,2024-05-23,2024-06-18,5.0,395.12,79.02,Clothing,REFERRAL,No,3.0,Tablet,PayPal
122,Javier Gutierrez,javier.gutierrez@outlook.com,33.0,MALE,Mexico,2023-01-26,2023-02-02,2.0,511.81,255.9,HOME,Paid Ads,No,3.0,Tablet,Debit Card
1070,Ana Rodriguez,ana.rodriguez@outlook.com,41.0,male,mexico,2023-11-28,2024-03-04,4.0,61.37,15.34,Books,Referral,No,5.0,Tablet,Debit Card
1572,Miguel Reyes,miguel.reyes@yahoo.com,30.0,M,chile,2024-05-18,2025-10-07,8.0,168.97,21.12,Clothing,Social Media,No,1.0,Desktop,Cash on Delivery
1594,Ana Rivera,ana.rivera@yahoo.com,35.0,MALE,MEXICO,2022-08-17,2023-06-29,2.0,184.13,92.06,CLOTHING,REFERRAL,No,3.0,Desktop,Debit Card
690,Ricardo Gutierrez,ricardo.gutierrez@yahoo.com,,FEMALE,Chile,2023-12-07,2025-08-28,9.0,116.45,12.94,books,Organic Search,Yes,2.0,Desktop,Cash on Delivery
563,Diego Diaz,diego.diaz@gmail.com,37.0,male,USA,2022-05-27,2023-08-25,4.0,125.93,31.48,Books,Email,Yes,4.0,Desktop,Credit Card
898,Luis Gomez,luis.gomez@yahoo.com,26.0,female,USA,2023-07-23,2023-11-19,11.0,167.83,15.26,Beauty,referral,Yes,2.0,Tablet,Debit Card
1016,Fernanda Torres,,37.0,OTHER,mexico,2022-05-07,2023-05-05,7.0,342.76,48.97,Clothing,Email,Yes,,Tablet,Cash on Delivery
1298,Javier Ortiz,javier.ortiz@yahoo.com,52.0,Femenino,Peru,2024-05-30,2024-09-06,8.0,264.54,33.07,books,referral,No,2.0,Desktop,Credit Card
922,Andres Morales,andres.morales@outlook.com,39.0,Femenino,mexico,2022-06-08,2024-03-12,6.0,826.6,137.77,Sports,organic search,Yes,3.0,Mobile,Debit Card
1338,Jose Rodriguez,jose.rodriguez@yahoo.com,23.0, Male,Colombia,2023-03-10,2023-04-03,7.0,152.45,21.78,Clothing,Email,No,4.0,Mobile,Debit Card
846,Ana Torres,ana.torres@outlook.com,37.0,male, Mexico,2023-05-08,2024-04-10,7.0,62.29,8.9,BEAUTY,ORGANIC SEARCH,Yes,2.0,Tablet,Credit Card
1176,Laura Rivera,laura.rivera@gmail.com,56.0,F,United States,2022-05-12,2023-12-16,1.0,263.28,263.28,Beauty,Social Media,Yes,4.0,Desktop,Credit Card
1802,Diego Rivera,diego.rivera@hotmail.com,33.0,M, Mexico,2023-09-05,2025-06-12,4.0,74.72,18.68,Electronics,Paid Ads,Yes,2.0,Mobile,Cash on Delivery
744,Jose Ortiz,jose.ortiz@hotmail.com,25.0,FEMALE,Chile,2023-12-05,,5.0,136.59,27.32,CLOTHING,PAID ADS,Yes,2.0,Mobile,Cash on Delivery
1720,Camila Gonzalez,camila.gonzalez@hotmail.com,,FEMALE,brazil,2022-08-16,2023-11-15,6.0,220.24,36.71,Home,Email,Yes,4.0,Tablet,PayPal
26,Paula Torres,paula.torres@gmail.com,40.0,Other,Spain,2022-11-19,2023-08-23,2.0,1669.26,834.63,Beauty,Social Media,No,4.0,Mobile,Cash on Delivery
1781,Ana Rodriguez,ana.rodriguez@gmail.com,27.0,male,USA,2022-12-27,2023-10-20,2.0,947.72,473.86,clothing, Referral ,Yes,,Tablet,Cash on Delivery
1637,Carlos Flores,carlos.flores@hotmail.com,43.0,FEMALE,U.S.A,2022-11-20,2024-02-04,5.0,138.74,27.75,Beauty,Paid Ads,No,2.0,Desktop,Debit Card
875,Javier Sanchez,javier.sanchez@gmail.com,40.0,male,chile,2023-01-21,2024-05-22,9.0,1292.11,143.57,Beauty,PAID ADS,Yes,4.0,Mobile,Credit Card
1463,Ana Jimenez,ana.jimenez@yahoo.com,41.0,FEMALE,Espana,2022-02-16,2023-02-08,9.0,17.43,1.94, Home ,Referral,No,4.0,Desktop,Debit Card
1549,Diego Perez,diego.perez@gmail.com,37.0,male,Mexico,2024-01-27,2025-11-06,2.0,244.1,122.05,ELECTRONICS,Paid Ads,No,3.0,Desktop,Cash on Delivery
943,Gabriela Morales,gabriela.morales@outlook.com,43.0, Male,COLOMBIA,2024-04-17,2024-12-01,4.0,189.76,47.44,Sports,Paid Ads,No,2.0,Tablet,Debit Card
1054,Jorge Sanchez,jorge.sanchez@outlook.com,25.0,female,Mexico,2023-10-04,2025-03-30,3.0,1292.94,430.98,Beauty,Organic Search,Yes,1.0,Desktop,PayPal
199,Laura Rivera,laura.rivera@outlook.com,30.0,Femenino,Mexico,2022-06-23,2022-10-08,11.0,40.86,3.71,Sports,Social Media,No,2.0,Desktop,Cash on Delivery
1184,Valentina Rodriguez,valentina.rodriguez@outlook.com,52.0,FEMALE,COLOMBIA,2023-03-25,2023-11-04,3.0,505.73,168.58,Home,Paid Ads,Yes,1.0,Tablet,Credit Card
567,Sofia Reyes,sofia.reyes@yahoo.com,45.0,MALE,United States ,2023-12-25,2025-04-05,2.0,66.37,33.18,Beauty,Referral,Yes,4.0,Desktop,Credit Card
294,Laura Cruz,laura.cruz@gmail.com,27.0,Female,Spain,2022-05-27,2023-08-25,5.0,51.6,10.32,Home,Social Media,No,4.0,Tablet,PayPal
1400,Jose Cruz,,56.0,OTHER,Mexico,2022-01-19,2022-05-24,8.0,93.23,11.65,Sports,Email,No,5.0,Desktop,Cash on Delivery
351,Camila Flores,camila.flores@yahoo.com,54.0,FEMALE,colombia,2022-08-27,2022-11-07,6.0,1089.01,181.5,Electronics,Referral,No,1.0,Mobile,Debit Card
1827,Maria Perez,maria.perez@gmail.com,31.0,Female,Mexico,2023-08-14,2024-09-13,7.0,99.54,14.22,Electronics,EMAIL,Yes,2.0,Mobile,Debit Card
5,Valentina Morales,valentina.morales@outlook.com,55.0,F,COLOMBIA,2023-04-15,2024-07-19,10.0,153.67,15.37,Books,Referral,Yes,4.0,Tablet,Cash on Delivery
1927,Miguel Flores,miguel.flores@yahoo.com,35.0,female,Brazil,2023-05-14,2025-03-22,5.0,120.71,24.14,sports,Referral,Yes,4.0,Mobile,Credit Card
1855,Maria Torres,maria.torres@hotmail.com,38.0,M,brazil,2023-09-12,2025-05-24,5.0,252.82,50.56,Books,Social Media,No,5.0,Mobile,PayPal
1127,Pablo Reyes,pablo.reyes@gmail.com,37.0, Male,mexico,2023-09-16,2024-01-20,5.0,43.18,8.64,books,Organic Search,Yes,1.0,Tablet,Debit Card
1696,Javier Gomez,javier.gomez@gmail.com,30.0,F,spain,2022-07-01,2023-02-04,8.0,209.54,26.19,BOOKS,Email,Yes,4.0,Tablet,PayPal
1354,Gabriela Cruz,gabriela.cruz@hotmail.com,29.0,F,Mexico,2022-09-26,2023-09-24,4.0,781.88,195.47,home,social media,Yes,5.0,Tablet,Credit Card
102,Carlos Diaz,carlos.diaz@outlook.com,51.0,FEMALE, Mexico,2023-10-20,2025-01-18,7.0,77.67,11.1,Clothing,Social Media,Yes,3.0,Tablet,PayPal
181,Gabriela Diaz,gabriela.diaz@yahoo.com,47.0,Femenino,spain,2023-05-06,2024-08-17,7.0,238.67,34.1,Sports,SOCIAL MEDIA,Yes,5.0,Tablet,Credit Card
1674,Ricardo Garcia,ricardo.garcia@yahoo.com,25.0,MALE,,2023-06-02,2023-12-23,5.0,309.97,61.99,HOME,Referral,Yes,3.0,Tablet,Credit Card
1044,Miguel Flores,miguel.flores@yahoo.com,42.0,Femenino,us,2023-05-15,2024-08-31,8.0,56.42,7.05,ELECTRONICS,ORGANIC SEARCH,No,5.0,Desktop,Cash on Delivery
843,Gabriela Morales,gabriela.morales@gmail.com,27.0,FEMALE,mexico,2022-09-17,2024-06-06,9.0,243.0,27.0, Clothing ,Social Media,Yes,5.0,Desktop,Credit Card
1436,Maria Gomez,maria.gomez@outlook.com,36.0,Female,brazil,2023-11-01,2024-05-30,7.0,141.81,20.26,Electronics,Organic Search,No,3.0,Tablet,Credit Card
1905,Laura Jimenez,laura.jimenez@gmail.com,26.0,M,USA,2022-11-25,2023-09-21,4.0,97.51,24.38,Electronics,Organic Search,Yes,3.0,Desktop,Credit Card
1887,Javier Rodriguez,javier.rodriguez@outlook.com,21.0,male,Spain,2023-10-19,2024-01-06,11.0,299.07,27.19,Books,Referral,No,4.0,Tablet,Credit Card
1991,Camila Morales,camila.morales@gmail.com,22.0,Male,Brasil,2022-02-02,2023-06-10,9.0,40.05,4.45,sports,ORGANIC SEARCH,No,1.0,Desktop,Cash on Delivery
1326,Carlos Morales,carlos.morales@hotmail.com,56.0,Male,United States ,2022-08-27,2023-08-17,10.0,344.39,34.44,Home,Email,Yes,,Mobile,Debit Card
223,Daniela Garcia,daniela.garcia@outlook.com,29.0, Male,COLOMBIA,2022-07-11,2024-01-14,8.0,56.42,7.05,Beauty,Paid Ads,No,3.0,Desktop,Cash on Delivery
1754,Miguel Gonzalez,miguel.gonzalez@hotmail.com,23.0,FEMALE,Peru,2022-03-09,2022-09-05,6.0,274.28,45.71,Home,Social Media,No,4.0,Tablet,Debit Card
1410,Jose Torres,jose.torres@yahoo.com,37.0,Female,MEXICO,2022-03-10,2023-12-20,11.0,264.78,24.07,CLOTHING,REFERRAL,No,3.0,Mobile,Credit Card
1960,Carlos Lopez,carlos.lopez@outlook.com,,Male,Espana,2022-04-10,2023-04-16,6.0,225.66,37.61, Clothing ,Email,Yes,5.0,Mobile,PayPal
1329,Javier Sanchez,javier.sanchez@gmail.com,51.0,MALE,colombia,2023-06-30,2023-07-02,8.0,71.03,8.88, Electronics ,Paid Ads,No,5.0,Desktop,Cash on Delivery
1128,Paula Ortiz,paula.ortiz@yahoo.com,41.0,Femenino,U.S.A,2022-03-05,2023-06-22,5.0,167.4,33.48,Beauty,Email,No,1.0,Tablet,Debit Card
145,Jorge Sanchez,jorge.sanchez@gmail.com,17.0,FEMALE,spain,2023-09-18,2024-04-08,6.0,254.02,42.34,Electronics,Organic Search,No,5.0,Mobile,Credit Card
87,Luis Cruz,,13.0, Male,COLOMBIA,2022-04-16,2023-12-12,5.0,251.9,50.38,Beauty,Organic Search,No,3.0,Desktop,Cash on Delivery
74,Maria Perez,maria.perez@outlook.com,14.0,Male, Mexico,2023-08-19,2024-11-27,4.0,238.15,59.54,Electronics,Organic Search,Yes,2.0,Mobile,Cash on Delivery
289,Camila Ortiz,camila.ortiz@outlook.com,39.0,FEMALE,chile,2022-08-31,2024-07-28,3.0,140.11,46.7,Home,Paid Ads,No,4.0,Desktop,Cash on Delivery
1264,Fernanda Jimenez,fernanda.jimenez@hotmail.com,41.0,Female,Espana,2022-01-05,2023-01-11,8.0,134.5,16.81,Clothing,EMAIL,No,1.0,Tablet,Credit Card
788,Javier Rodriguez,javier.rodriguez@gmail.com,39.0,MALE,Mexico,2023-04-19,2023-06-16,6.0,100.88,16.81,Beauty,Paid Ads,Yes,1.0,Desktop,Credit Card
1347,Pablo Gomez,pablo.gomez@hotmail.com,26.0,Femenino,MEXICO,2022-09-05,2022-10-27,8.0,122.2,15.28, Books ,Organic Search,Yes,4.0,Desktop,Debit Card
661,Carlos Ramirez,carlos.ramirez@outlook.com,43.0,MALE,mexico,2022-02-03,2022-11-23,5.0,96.14,19.23,Books,Paid Ads,No,,Desktop,Credit Card
1768,Diego Cruz,diego.cruz@hotmail.com,48.0,male,peru,2022-09-03,2023-11-09,3.0,359.21,119.74,Beauty,paid ads,No,4.0,Tablet,Credit Card
1083,Jorge Gonzalez,jorge.gonzalez@gmail.com,37.0,FEMALE,Peru,2022-07-08,2022-08-23,10.0,315.41,31.54,Beauty,social media,No,3.0,Tablet,PayPal
1429,Jose Morales,jose.morales@gmail.com,42.0,Femenino,Chile,2022-12-23,2024-02-03,11.0,416.32,37.85,BOOKS,EMAIL,No,1.0,Tablet,PayPal
752,Maria Rodriguez,maria.rodriguez@gmail.com,25.0,F,Spain,2024-01-21,2025-03-23,5.0,438.58,87.72,Beauty,organic search,No,3.0,Tablet,PayPal
679,Camila Rivera,camila.rivera@yahoo.com,29.0,male,spain,2022-04-23,2023-02-08,10.0,218.88,21.89, Home ,EMAIL,No,3.0,Tablet,Credit Card
1838,Laura Rivera,laura.rivera@gmail.com,40.0,FEMALE, Mexico,2024-06-04,2026-03-04,12.0,135.27,11.27,Books,referral,No,,Tablet,Cash on Delivery
1577,Camila Gomez,camila.gomez@yahoo.com,45.0,female,,2024-03-29,2024-06-25,8.0,167.22,20.9,beauty,social media,Yes,3.0,Mobile,PayPal
887,Luis Ortiz,luis.ortiz@yahoo.com,34.0,M,Espana,2023-07-04,2023-12-13,5.0,226.83,45.37,Books,referral,Yes,1.0,Desktop,Debit Card
1893,Pablo Ramirez,pablo.ramirez@gmail.com,30.0,MALE,Spain,2022-01-31,2022-06-07,11.0,267.28,24.3,books,Email,No,2.0,Desktop,PayPal
603,Daniela Morales,daniela.morales@hotmail.com,22.0,F,peru,2022-06-02,2023-06-17,6.0,139.87,23.31,Electronics,Paid Ads,No,3.0,Tablet,Debit Card
493,Ricardo Ortiz,ricardo.ortiz@yahoo.com,43.0,F,brazil,2022-09-21,2024-04-13,5.0,54.61,10.92,Beauty,Social Media,Yes,1.0,Mobile,PayPal
266,Andres Rodriguez,andres.rodriguez@outlook.com,50.0, Male,Mexico,2023-11-03,2024-12-12,4.0,171.06,42.76,Beauty,Paid Ads,Yes,,Tablet,Cash on Delivery
194,Miguel Lopez,,37.0,male,mexico,2022-11-08,2023-10-07,1.0,62.31,62.31,electronics,Email,No,2.0,Mobile,Debit Card
305,Camila Ortiz,camila.ortiz@yahoo.com,47.0,Male,United States,2024-05-21,2024-06-17,3.0,29.94,9.98,electronics,Email,Yes,4.0,Mobile,PayPal
643,Pablo Lopez,pablo.lopez@outlook.com,15.0,M,mexico,2024-02-14,2025-10-29,4.0,40.4,10.1,BOOKS,Email,Yes,3.0,Desktop,Credit Card
1213,Diego Perez,diego.perez@hotmail.com,16.0,F,Mexico,2023-07-27,2024-09-25,7.0,45.52,6.5,home,Paid Ads,Yes,4.0,Mobile,PayPal
1933,Fernanda Cruz,fernanda.cruz@hotmail.com,39.0,M,COLOMBIA,2023-09-07,2024-10-15,6.0,1035.23,172.54,Books,Organic Search,No,2.0,Mobile,Debit Card
1093,Fernanda Cruz,fernanda.cruz@gmail.com,26.0,male,argentina,2022-06-12,2022-11-14,6.0,146.18,24.36,CLOTHING,email,Yes,1.0,Mobile,Cash on Delivery
222,Diego Hernandez,diego.hernandez@yahoo.com,31.0,Female,,2023-03-19,2023-06-02,7.0,79.93,11.42,home, Social Media ,No,2.0,Tablet,Debit Card
670,Maria Gutierrez,maria.gutierrez@hotmail.com,21.0,M,chile,2022-08-04,2022-11-12,7.0,25.92,3.7,Books, Referral ,Yes,2.0,Mobile,Credit Card
200,Jorge Hernandez,jorge.hernandez@gmail.com,39.0,F,argentina,2024-05-25,2025-01-18,5.0,84.77,16.95, Clothing ,Referral,No,,Desktop,Debit Card
410,Ana Garcia,ana.garcia@hotmail.com,58.0,Femenino,Spain,2022-12-19,2023-09-08,7.0,137.27,19.61,Electronics,Paid Ads,No,3.0,Mobile,Debit Card
906,Daniela Jimenez,daniela.jimenez@yahoo.com,34.0,other,,2023-05-29,2024-07-10,5.0,293.51,58.7,Beauty,paid ads,No,3.0,Tablet,PayPal
1053,Camila Morales,camila.morales@outlook.com,31.0,male,Brasil,2022-07-27,2022-12-30,8.0,128.79,16.1,Beauty,Email,Yes,2.0,Mobile,PayPal
1564,Gabriela Morales,gabriela.morales@gmail.com,32.0,FEMALE,chile,2022-01-08,2022-03-03,8.0,53.97,6.75,beauty,Referral,Yes,3.0,Mobile,Debit Card
1766,Gabriela Ramirez,gabriela.ramirez@yahoo.com,51.0,Female,Brazil,2022-09-14,2024-03-16,8.0,50.63,6.33,home,Email,No,3.0,Tablet,Credit Card
1822,Ricardo Garcia,ricardo.garcia@yahoo.com,59.0,male,us,2022-01-14,2023-01-24,4.0,49.71,12.43, Beauty ,ORGANIC SEARCH,No,4.0,Desktop,Cash on Delivery
852,Fernanda Sanchez,fernanda.sanchez@yahoo.com,60.0, Male,chile,2023-10-10,2025-06-28,4.0,41.93,10.48,sports,Referral,No,4.0,Tablet,Credit Card
1257,Sofia Hernandez,sofia.hernandez@gmail.com,63.0,Female,Mexico,2024-04-21,2025-04-19,11.0,39.27,3.57,Books,EMAIL,No,2.0,Desktop,Cash on Delivery
1683,Ana Lopez,ana.lopez@hotmail.com,58.0,female,Mexico,2024-04-20,2025-10-18,6.0,220.63,36.77,Electronics,SOCIAL MEDIA,No,5.0,Mobile,Credit Card
1593,Miguel Gutierrez,miguel.gutierrez@yahoo.com,24.0,F,Mexico,2023-11-08,2024-04-20,10.0,109.23,10.92,Clothing,Email,Yes,1.0,Desktop,Credit Card
1082,Jorge Reyes,jorge.reyes@yahoo.com,,Male, Mexico,2023-03-20,2024-10-01,6.0,352.56,58.76,Electronics,organic search,No,3.0,Mobile,PayPal
792,Diego Hernandez,diego.hernandez@outlook.com,37.0,MALE,Chile,2022-11-10,2023-05-21,9.0,71.7,7.97, Beauty ,Referral,No,2.0,Tablet,Cash on Delivery
1224,Javier Morales,javier.morales@outlook.com,42.0,FEMALE,colombia,2023-10-29,2025-01-07,8.0,120.19,15.02,Books,Paid Ads,Yes,1.0,Desktop,Cash on Delivery
578,Camila Torres,camila.torres@gmail.com,44.0,Femenino,Mexico,2024-01-23,2024-02-04,7.0,810.2,115.74,Home,Organic Search,Yes,4.0,Tablet,PayPal
1073,Ricardo Lopez,ricardo.lopez@gmail.com,34.0,M,MEXICO,2023-11-08,2025-01-05,10.0,53.13,5.31,home,Organic Search,No,,Mobile,PayPal
158,Andres Gomez,andres.gomez@hotmail.com,53.0,female,mexico,2023-01-13,2023-12-17,8.0,101.42,12.68, Home ,social media,Yes,1.0,Desktop,PayPal
1784,Jorge Morales,jorge.morales@outlook.com,48.0,Femenino,COLOMBIA,2022-02-01,2023-12-04,5.0,187.15,37.43,electronics,paid ads,No,2.0,Desktop,Debit Card
210,Ricardo Martinez,ricardo.martinez@yahoo.com,35.0,M,Chile,2022-07-27,2023-03-06,10.0,32.61,3.26,HOME,Social Media,Yes,3.0,Desktop,Cash on Delivery
106,Ricardo Gonzalez,ricardo.gonzalez@hotmail.com,,male, Mexico,2022-07-01,2023-02-14,5.0,207.58,41.52,sports,Organic Search,No,1.0,Tablet,PayPal
720,Andres Hernandez,andres.hernandez@gmail.com,48.0,OTHER,U.S.A,2024-05-15,2025-05-12,1.0,138.22,138.22,Clothing,Referral,No,4.0,Mobile,Debit Card
209,Jose Lopez,jose.lopez@gmail.com,,F,MEXICO,2022-09-18,2023-07-06,3.0,111.43,37.14,Clothing,referral,No,1.0,Desktop,Cash on Delivery
958,Paula Torres,paula.torres@hotmail.com,23.0,Femenino,spain,2024-05-16,2025-01-12,5.0,288.88,57.78,Beauty,paid ads,Yes,5.0,Desktop,PayPal
1699,Miguel Gonzalez,miguel.gonzalez@yahoo.com,19.0,FEMALE,Argentina,2024-03-12,,5.0,261.44,52.29,Books,Paid Ads,Yes,3.0,Tablet,PayPal
809,Miguel Morales,miguel.morales@hotmail.com,29.0, Male,colombia,2023-11-27,2025-08-27,5.0,189.18,37.84,Books,Organic Search,Yes,2.0,Tablet,PayPal
1202,Diego Ortiz,,25.0,male,peru,2024-02-11,2024-10-02,8.0,139.58,17.45,Books,Referral,Yes,2.0,Tablet,PayPal
472,Fernanda Rodriguez,fernanda.rodriguez@outlook.com,20.0,male,Peru,2022-03-13,2022-06-09,6.0,1283.37,213.9,Home,Referral,No,1.0,Mobile,Cash on Delivery
1901,Camila Flores,camila.flores@outlook.com,28.0,Femenino,Espana,2023-09-24,2025-04-04,4.0,249.87,62.47,home,paid ads,No,3.0,Tablet,Cash on Delivery
1840,Andres Gutierrez,andres.gutierrez@yahoo.com,34.0,male,Mexico,2022-10-31,2023-08-07,4.0,173.9,43.48,Home,organic search,No,2.0,Mobile,PayPal
761,Carlos Martinez,carlos.martinez@outlook.com,22.0,Female,us,2024-04-21,2025-10-03,8.0,152.37,19.05,Electronics,Social Media,Yes,3.0,Mobile,Debit Card
479,Javier Rodriguez,javier.rodriguez@outlook.com,14.0, Male,U.S.A,2022-03-17,2023-11-11,6.0,371.68,61.95,BEAUTY,Paid Ads,No,1.0,Desktop,Debit Card
738,Laura Hernandez,laura.hernandez@hotmail.com,44.0,F,Espana,2023-05-27,2024-03-18,0.0,131.58,131.58,Books,PAID ADS,No,1.0,Desktop,Debit Card
1320,Miguel Garcia,miguel.garcia@gmail.com,44.0,Male,,2023-12-20,2024-04-21,4.0,135.18,33.8,sports,social media,No,3.0,Mobile,PayPal
878,Daniela Ortiz,daniela.ortiz@hotmail.com,41.0,Female,Mexico,2024-03-07,2026-01-01,4.0,241.29,60.32,Sports,organic search,No,3.0,Tablet,PayPal
1194,Daniela Hernandez,daniela.hernandez@gmail.com,50.0,male,Brazil,2024-02-04,2025-06-25,5.0,59.31,11.86,Clothing,Organic Search,No,5.0,Mobile,Debit Card
1511,Laura Gutierrez,laura.gutierrez@hotmail.com,26.0,male,U.S.A,2022-10-21,2024-01-06,10.0,336.45,33.64,beauty,Paid Ads,No,1.0,Mobile,PayPal
182,Carlos Lopez,carlos.lopez@hotmail.com,41.0,female,Colombia,2022-02-14,2023-02-11,8.0,237.81,29.73,Books,paid ads,No,1.0,Desktop,Credit Card
1133,Ricardo Morales,ricardo.morales@hotmail.com,43.0,male,Spain,2022-01-30,2023-10-28,5.0,382.49,76.5,electronics, Email ,No,3.0,Desktop,Cash on Delivery
363,Sofia Gutierrez,sofia.gutierrez@hotmail.com,,male, Mexico,2022-08-09,2023-11-29,7.0,102.18,14.6,Clothing,Organic Search,No,3.0,Tablet,PayPal
1659,Fernanda Perez,,,Femenino,mexico,2023-01-23,2024-06-06,7.0,68.91,9.84,BOOKS,Referral,No,1.0,Mobile,PayPal
1151,Miguel Cruz,miguel.cruz@gmail.com,34.0,Male, Mexico,2023-02-06,2024-04-13,5.0,77.96,15.59,Sports,SOCIAL MEDIA,No,5.0,Mobile,Credit Card
272,Ana Perez,ana.perez@yahoo.com,43.0,MALE,mexico,2023-08-17,2024-01-17,7.0,56.29,8.04,Beauty,Referral,Yes,4.0,Tablet,Debit Card
100,Maria Lopez,maria.lopez@hotmail.com,23.0,Female,,2023-10-07,2025-04-23,8.0,161.59,20.2,Sports,EMAIL,Yes,5.0,Mobile,Credit Card
1355,Sofia Gutierrez,sofia.gutierrez@outlook.com,30.0,Femenino,Colombia,2022-06-15,2023-07-19,9.0,96.66,10.74,Beauty,Paid Ads,Yes,5.0,Mobile,Cash on Delivery
1648,Javier Gomez,javier.gomez@outlook.com,34.0,F,,2024-02-15,2025-01-27,10.0,464.73,46.47,Electronics,Organic Search,No,4.0,Mobile,PayPal
1955,Jorge Rivera,jorge.rivera@yahoo.com,57.0,Female,Mexico,2022-10-08,2023-08-03,4.0,66.8,16.7,Books,Organic Search,Yes,1.0,Mobile,Credit Card
979,Miguel Gonzalez,miguel.gonzalez@outlook.com,67.0,Femenino,MEXICO,2023-03-18,2024-12-26,10.0,,11.68,ELECTRONICS,Referral,Yes,4.0,Desktop,Debit Card
198,Maria Jimenez,maria.jimenez@gmail.com,46.0,FEMALE,Mexico,2023-04-15,2023-05-15,4.0,24.88,6.22,Sports,paid ads,No,,Desktop,Debit Card
1406,Carlos Sanchez,carlos.sanchez@hotmail.com,38.0,Female,Spain,2023-11-06,2025-06-15,2.0,274.71,137.35,BEAUTY,Social Media,Yes,,Tablet,PayPal
304,Pablo Jimenez,pablo.jimenez@gmail.com,51.0,M,U.S.A,2024-01-29,2025-03-01,6.0,223.07,37.18,SPORTS,Paid Ads,No,2.0,Tablet,Credit Card
1156,Andres Reyes,andres.reyes@outlook.com,33.0,Other,Argentina,2024-05-21,2024-12-15,7.0,20.92,2.99,Home,Paid Ads,No,5.0,Tablet,Cash on Delivery
47,Valentina Torres,valentina.torres@hotmail.com,66.0,MALE,Colombia,2023-01-25,2024-02-23,4.0,134.51,33.63,SPORTS,Organic Search,No,2.0,Tablet,Cash on Delivery
569,Paula Sanchez,paula.sanchez@hotmail.com,54.0,MALE,Colombia,2022-01-02,2022-01-28,9.0,426.81,47.42,BOOKS,Organic Search,No,5.0,Tablet,Cash on Delivery
1620,Jorge Rodriguez,jorge.rodriguez@gmail.com,30.0, Male,United States,2024-04-13,2024-09-05,4.0,48.73,12.18,home,Social Media,Yes,1.0,Mobile,Debit Card
248,Valentina Hernandez,valentina.hernandez@gmail.com,26.0,F,COLOMBIA,2023-03-22,2024-08-15,5.0,195.86,39.17,Clothing,ORGANIC SEARCH,Yes,3.0,Mobile,Credit Card
650,Fernanda Perez,fernanda.perez@hotmail.com,39.0,female,Spain,2022-10-30,2023-10-30,6.0,46.75,7.79,Clothing,Social Media,No,4.0,Mobile,Cash on Delivery
1072,Sofia Torres,sofia.torres@yahoo.com,55.0,MALE, Mexico,2022-05-04,2023-06-09,5.0,,34.05,Clothing,SOCIAL MEDIA,No,2.0,Desktop,Cash on Delivery
229,Camila Gonzalez,camila.gonzalez@hotmail.com,45.0,Male,Brasil,2024-03-26,2025-12-03,12.0,563.14,46.93,electronics,Organic Search,Yes,,Tablet,PayPal
676,Daniela Rivera,daniela.rivera@hotmail.com,, Male, Mexico,2024-01-31,,4.0,407.96,101.99,sports,ORGANIC SEARCH,No,,Tablet,Credit Card
488,Camila Rodriguez,camila.rodriguez@hotmail.com,38.0,M,United States ,2024-04-20,2025-02-10,5.0,108.33,21.67,CLOTHING,SOCIAL MEDIA,Yes,1.0,Tablet,Cash on Delivery
634,Miguel Rivera,miguel.rivera@gmail.com,47.0,FEMALE, Mexico,2024-03-10,2024-08-21,7.0,301.31,43.04,Books,Paid Ads,No,5.0,Desktop,Cash on Delivery
1323,Camila Morales,camila.morales@yahoo.com,50.0,FEMALE,mexico,2023-08-10,2024-12-07,9.0,68.83,7.65,clothing,email,No,3.0,Mobile,PayPal
1923,Fernanda Torres,fernanda.torres@yahoo.com,53.0,Male,argentina,2024-03-26,2024-09-06,7.0,246.22,35.17,SPORTS,Paid Ads,No,5.0,Desktop,Debit Card
980,Andres Torres,andres.torres@yahoo.com,32.0,M, Mexico,2023-04-17,2024-10-09,3.0,174.21,58.07,CLOTHING,SOCIAL MEDIA,Yes,3.0,Mobile,Cash on Delivery
1632,Pablo Flores,pablo.flores@yahoo.com,44.0,M,USA,2024-04-12,2026-02-22,5.0,52.64,10.53,books, Email ,No,4.0,Desktop,PayPal
340,Jorge Rodriguez,jorge.rodriguez@yahoo.com,36.0,Femenino,us,2023-09-11,2025-01-18,3.0,187.97,62.66,Home,Paid Ads,No,3.0,Desktop,Debit Card
1918,Diego Reyes,diego.reyes@gmail.com,34.0,male,United States,2022-02-09,2023-05-24,6.0,771.48,128.58,Electronics,referral,No,4.0,Desktop,PayPal
301,Miguel Gonzalez,miguel.gonzalez@hotmail.com,48.0,Femenino,chile,2022-01-25,2023-04-17,5.0,873.0,174.6,Books, Organic Search ,Yes,1.0,Desktop,PayPal
550,Javier Martinez,javier.martinez@outlook.com,50.0,Female,Peru,2022-02-16,2022-11-02,5.0,209.11,41.82,Electronics,Referral,No,4.0,Mobile,Cash on Delivery
318,Daniela Ramirez,daniela.ramirez@hotmail.com,52.0,Femenino,brazil,2022-05-02,2022-05-03,7.0,62.68,8.95,beauty, Referral ,No,2.0,Tablet,Cash on Delivery
1595,Daniela Lopez,daniela.lopez@outlook.com,40.0,MALE,Peru,2023-01-06,2023-06-24,10.0,76.95,7.7,Beauty,Referral,Yes,2.0,Mobile,Credit Card
1934,Jorge Cruz,jorge.cruz@hotmail.com,27.0,Other,Mexico,2022-06-02,2023-03-30,5.0,66.0,13.2,ELECTRONICS,Referral,No,3.0,Desktop,Credit Card
649,Jorge Ortiz,jorge.ortiz@hotmail.com,63.0,FEMALE,mexico,2022-05-12,2024-03-04,4.0,99.14,24.78,Home,Organic Search,No,2.0,Tablet,Debit Card
1312,Laura Ramirez,laura.ramirez@outlook.com,41.0,Other,USA,2023-07-06,2024-10-22,6.0,70.2,11.7,Sports,Referral,No,1.0,Mobile,PayPal
582,Fernanda Torres,fernanda.torres@outlook.com,42.0,M,COLOMBIA,2023-07-22,2024-04-21,5.0,306.24,61.25,Beauty,EMAIL,No,2.0,Tablet,Cash on Delivery
1121,Ana Gomez,ana.gomez@outlook.com,32.0,MALE,United States,2022-09-17,,4.0,12.76,3.19,Home,PAID ADS,Yes,5.0,Desktop,Debit Card
1069,Laura Martinez,laura.martinez@gmail.com,49.0,Female,Spain,2024-03-13,2025-06-04,9.0,210.74,23.42,Sports, Social Media ,No,1.0,Desktop,Debit Card
176,Diego Morales,diego.morales@hotmail.com,22.0,Other,Mexico,2024-04-29,2025-11-27,2.0,773.65,386.82,HOME,Paid Ads,Yes,1.0,Desktop,Credit Card
500,Valentina Ortiz,valentina.ortiz@hotmail.com,34.0,M,Mexico,2023-05-28,2024-06-15,3.0,289.01,96.34, Books ,Paid Ads,Yes,3.0,Desktop,Cash on Delivery
1616,Carlos Ramirez,carlos.ramirez@yahoo.com,40.0,FEMALE,Argentina,2023-03-27,2024-09-10,12.0,116.04,9.67,Home,Paid Ads,Yes,2.0,Tablet,Debit Card
312,Javier Rodriguez,javier.rodriguez@outlook.com,44.0,Male,peru,2023-11-02,2024-07-09,2.0,32.4,16.2,Electronics,Referral,No,3.0,Tablet,Cash on Delivery
1886,Carlos Ramirez,carlos.ramirez@outlook.com,45.0,FEMALE,MEXICO,2022-10-06,2023-06-07,5.0,174.78,34.96,HOME,Paid Ads,No,,Mobile,Debit Card
977,Luis Torres,luis.torres@yahoo.com,20.0,Female,USA,2022-09-07,2024-03-29,7.0,85.45,12.21,Electronics,Organic Search,No,1.0,Tablet,Cash on Delivery
757,Daniela Jimenez,daniela.jimenez@yahoo.com,54.0,MALE,us,2023-11-17,2025-01-28,3.0,126.16,42.05,Books,Email,No,3.0,Tablet,Credit Card
335,Diego Rivera,diego.rivera@outlook.com,38.0,MALE,us,2024-03-05,2024-09-01,12.0,818.25,68.19,Beauty,Social Media,Yes,,Tablet,Credit Card
760,Daniela Ramirez,daniela.ramirez@yahoo.com,15.0,MALE,spain,2023-02-14,2024-01-26,4.0,107.2,26.8,Electronics,social media,No,1.0,Mobile,Cash on Delivery
1509,Pablo Rodriguez,pablo.rodriguez@yahoo.com,12.0,female,Mexico,2022-02-04,2023-03-02,6.0,29.13,4.85,electronics,email,Yes,4.0,Tablet,PayPal
523,Carlos Lopez,carlos.lopez@yahoo.com,28.0,FEMALE,Brazil,2022-07-16,2022-09-09,4.0,39.87,9.97,Sports,Social Media,Yes,3.0,Desktop,PayPal
459,Fernanda Torres,fernanda.torres@gmail.com,17.0, Male,us,2022-02-15,2023-06-24,4.0,102.75,25.69,clothing,Referral,Yes,1.0,Tablet,PayPal
882,Pablo Lopez,pablo.lopez@outlook.com,52.0, Male,Colombia,2022-03-15,2023-12-05,10.0,186.3,18.63,Books,Referral,No,5.0,Tablet,Debit Card
247,Ricardo Rivera,ricardo.rivera@hotmail.com,43.0, Male,Colombia,2022-02-11,2023-02-10,5.0,531.76,106.35,Sports,Email,Yes,5.0,Mobile,Cash on Delivery
1210,Jorge Lopez,jorge.lopez@gmail.com,41.0,Female,Espana,2024-04-18,2025-03-03,4.0,171.3,42.82,Clothing,Referral,Yes,5.0,Mobile,PayPal
138,Ana Garcia,ana.garcia@hotmail.com,48.0, Male,Spain,2024-02-24,2024-04-27,6.0,542.91,90.48,Beauty,EMAIL,No,5.0,Mobile,Cash on Delivery
6,Pablo Martinez,pablo.martinez@outlook.com,33.0,MALE,Mexico,2023-07-27,2023-08-05,4.0,156.07,39.02,sports,paid ads,No,5.0,Desktop,Credit Card
329,Maria Garcia,maria.garcia@gmail.com,25.0,other,Argentina,2022-01-15,2022-07-20,6.0,174.41,29.07,Home,paid ads,No,4.0,Tablet,Debit Card
633,Valentina Ortiz,valentina.ortiz@hotmail.com,58.0,F, Mexico,2022-07-05,2023-09-26,4.0,55.68,13.92,Home,SOCIAL MEDIA,No,5.0,Desktop,PayPal
444,Diego Lopez,diego.lopez@hotmail.com,46.0,female, Mexico,2022-02-10,2022-05-15,12.0,172.32,14.36,HOME,Organic Search,No,2.0,Mobile,Credit Card
1844,Fernanda Perez,fernanda.perez@gmail.com,28.0,male,Mexico,2022-04-10,2022-10-22,8.0,432.99,54.12,beauty,Organic Search,No,1.0,Tablet,Cash on Delivery
51,Ricardo Hernandez,ricardo.hernandez@hotmail.com,41.0,male,Argentina,2024-04-18,2025-06-22,5.0,188.14,37.63,Clothing,social media,No,5.0,Desktop,Credit Card
1193,Carlos Diaz,carlos.diaz@hotmail.com,37.0,MALE,Peru,2022-02-13,2023-02-06,5.0,259.55,51.91,Books,Email,Yes,3.0,Tablet,Cash on Delivery
604,Maria Rivera,maria.rivera@outlook.com,49.0,F,,2022-10-07,2024-01-26,5.0,195.75,39.15,Books,ORGANIC SEARCH,No,2.0,Tablet,PayPal
1112,Sofia Morales,sofia.morales@yahoo.com,26.0,female,Colombia,2022-11-26,2024-05-16,5.0,42.54,8.51,Home,Paid Ads,No,1.0,Desktop,Credit Card
1756,Laura Perez,,36.0,female,argentina,2023-09-05,2025-03-10,6.0,167.07,27.84,Clothing,Social Media,No,1.0,Mobile,PayPal
1152,Camila Lopez,camila.lopez@yahoo.com,50.0, Male,spain,2023-08-19,,3.0,67.24,22.41,Home,organic search,No,1.0,Mobile,Debit Card
915,Andres Ramirez,,71.0,MALE,colombia,2022-08-03,2023-05-20,4.0,80.83,20.21,sports,Referral,Yes,4.0,Desktop,Debit Card
267,Valentina Diaz,valentina.diaz@hotmail.com,33.0,male, Mexico,2023-12-01,2025-10-22,4.0,187.19,46.8, Home ,paid ads,No,5.0,Tablet,Credit Card
476,Ricardo Ramirez,ricardo.ramirez@hotmail.com,44.0,Male,argentina,2024-02-19,2025-07-30,9.0,593.38,65.93,Beauty,Email,No,,Mobile,PayPal
411,Carlos Flores,carlos.flores@gmail.com,47.0,OTHER,MEXICO,2023-06-29,2024-12-24,9.0,278.08,30.9,Electronics,email,No,3.0,Desktop,Credit Card
1263,Valentina Cruz,valentina.cruz@yahoo.com,28.0,female,,2024-03-26,2025-04-23,4.0,58.21,14.55,Clothing,Organic Search,No,3.0,Tablet,Cash on Delivery
1726,Ricardo Gutierrez,ricardo.gutierrez@hotmail.com,31.0,MALE,Espana,2023-05-23,2024-03-16,6.0,233.91,38.98,Clothing,Organic Search,No,3.0,Mobile,PayPal
1539,Daniela Flores,daniela.flores@outlook.com,29.0,Female,United States,2023-09-20,2024-11-02,6.0,,22.21,Books,Referral,Yes,5.0,Mobile,PayPal
1361,Luis Gutierrez,luis.gutierrez@yahoo.com,53.0,Male,United States,2022-01-05,2023-01-14,3.0,247.73,82.58,Books, Referral ,Yes,,Desktop,PayPal
491,Gabriela Perez,gabriela.perez@gmail.com,26.0,FEMALE,Colombia,2023-04-04,2024-12-01,2.0,75.42,37.71,Clothing,Social Media,Yes,4.0,Mobile,Cash on Delivery
1536,Ana Rodriguez,ana.rodriguez@yahoo.com,67.0,Femenino,us,2024-03-31,2024-06-12,9.0,134.4,14.93,Books,Social Media,Yes,3.0,Desktop,Credit Card
38,Fernanda Garcia,fernanda.garcia@yahoo.com,50.0,Female,Espana,2023-08-21,2024-03-25,8.0,183.06,22.88,Electronics,Referral,No,1.0,Tablet,Debit Card
290,Diego Ramirez,diego.ramirez@hotmail.com,18.0,M,colombia,2022-09-22,2023-12-06,7.0,133.97,19.14,home,Organic Search,Yes,,Desktop,Debit Card
127,Luis Perez,luis.perez@gmail.com,34.0,Male,colombia,2022-05-08,2022-08-07,5.0,190.37,38.07,electronics,Email,Yes,1.0,Tablet,PayPal
357,Carlos Ramirez,carlos.ramirez@outlook.com,26.0,Female,Mexico,2023-12-20,2024-10-11,5.0,252.58,50.52,Electronics,Email,Yes,,Desktop,Credit Card
350,Carlos Flores,carlos.flores@hotmail.com,31.0,Female,mexico,2023-12-05,2024-01-18,6.0,253.69,42.28,CLOTHING,Organic Search,No,3.0,Mobile,Debit Card
1670,Daniela Lopez,daniela.lopez@yahoo.com,,F, Mexico,2022-02-05,2022-10-27,6.0,193.52,32.25,electronics,organic search,Yes,3.0,Mobile,Cash on Delivery
81,Gabriela Reyes,gabriela.reyes@outlook.com,39.0,M,chile,2022-03-17,2022-06-05,9.0,244.96,27.22,Clothing,Paid Ads,No,4.0,Mobile,Credit Card
1356,Diego Ramirez,diego.ramirez@outlook.com,36.0,F,MEXICO,2022-12-06,2022-12-30,5.0,19.52,3.9,Electronics,Social Media,No,2.0,Mobile,Debit Card
1106,Carlos Perez,carlos.perez@yahoo.com,,MALE,Peru,2023-04-02,2023-12-19,5.0,259.25,51.85,Electronics,Social Media,Yes,3.0,Desktop,Credit Card
1464,Luis Rodriguez,luis.rodriguez@hotmail.com,39.0,Male,colombia,2023-07-29,2025-03-28,7.0,600.14,85.73,books,Referral,No,1.0,Tablet,PayPal
1122,Luis Gutierrez,luis.gutierrez@yahoo.com,45.0,FEMALE,,2022-02-16,2023-03-31,5.0,230.29,46.06,Sports,Social Media,Yes,4.0,Mobile,Debit Card
1612,Maria Diaz,maria.diaz@gmail.com,45.0,Female,spain,2023-03-27,2024-03-06,7.0,115.7,16.53,electronics,Paid Ads,No,3.0,Tablet,Credit Card
877,Camila Diaz,camila.diaz@hotmail.com,43.0, Male,brazil,2022-05-17,2022-12-02,8.0,78.66,9.83,Electronics, Organic Search ,Yes,4.0,Desktop,Credit Card
441,Jorge Sanchez,jorge.sanchez@hotmail.com,31.0,female,chile,2023-09-26,2024-07-29,10.0,121.15,12.12,Beauty,Paid Ads,No,2.0,Desktop,PayPal
217,Luis Torres,luis.torres@hotmail.com,41.0,female,peru,2022-01-08,2022-09-13,3.0,176.3,58.77,Electronics,Paid Ads,Yes,3.0,Desktop,Cash on Delivery
1587,Fernanda Torres,fernanda.torres@gmail.com,17.0,M,Mexico,2023-03-11,2023-12-08,6.0,75.42,12.57,Clothing,paid ads,No,5.0,Mobile,Debit Card
607,Laura Flores,laura.flores@gmail.com,28.0,MALE,U.S.A,2022-02-28,2022-10-06,7.0,93.27,13.32,home,social media,No,3.0,Desktop,Debit Card
1624,Ana Ramirez,ana.ramirez@outlook.com,42.0,FEMALE,Chile,2023-01-17,2023-07-23,11.0,66.94,6.09,CLOTHING,Referral,No,5.0,Tablet,Debit Card
161,Jorge Reyes,jorge.reyes@hotmail.com,29.0,F,United States,2022-01-31,2022-09-12,6.0,209.92,34.99,Clothing,email,No,1.0,Mobile,Credit Card
703,Carlos Lopez,carlos.lopez@yahoo.com,23.0,Male,Mexico,2022-09-30,2022-12-29,8.0,38.03,4.75,BOOKS,Paid Ads,No,5.0,Tablet,Cash on Delivery
1567,Jorge Ramirez,jorge.ramirez@gmail.com,32.0,FEMALE,Argentina,2023-01-10,2023-03-26,9.0,163.74,18.19,Clothing,Email,No,,Tablet,PayPal
1170,Gabriela Gomez,gabriela.gomez@gmail.com,29.0,FEMALE,mexico,2023-07-04,2024-07-21,9.0,82.77,9.2,Beauty,email,No,4.0,Desktop,PayPal
716,Ricardo Torres,ricardo.torres@yahoo.com,54.0,female,Espana,2022-11-17,2022-12-03,7.0,229.46,32.78,Home,Social Media,No,4.0,Tablet,Debit Card
1235,Paula Rivera,paula.rivera@hotmail.com,,M,,2022-07-24,2023-11-09,5.0,89.54,17.91,Electronics,EMAIL,Yes,1.0,Mobile,Cash on Delivery
325,Jorge Cruz,jorge.cruz@outlook.com,58.0, Male, Mexico,2024-03-14,2024-04-09,7.0,70.93,10.13,sports,Organic Search,Yes,3.0,Mobile,Credit Card
1276,Daniela Ortiz,daniela.ortiz@gmail.com,51.0,F,mexico,2022-06-17,2023-06-09,9.0,259.82,28.87,beauty,Referral,No,2.0,Desktop,Debit Card
237,Javier Lopez,javier.lopez@outlook.com,, Male,mexico,2023-01-10,2024-08-14,4.0,1230.96,307.74,Home,email,Yes,5.0,Mobile,Cash on Delivery
618,Jose Rodriguez,jose.rodriguez@yahoo.com,29.0, Male,Chile,2023-07-22,2023-12-04,5.0,50.47,10.09,Sports,organic search,No,2.0,Mobile,Debit Card
1580,Paula Rodriguez,paula.rodriguez@hotmail.com,53.0,Female,Colombia,2023-07-30,2025-02-12,4.0,178.75,44.69, Sports ,Referral,Yes,1.0,Mobile,PayPal
1014,Laura Cruz,laura.cruz@outlook.com,54.0,male,Mexico,2023-08-31,2024-04-22,6.0,44.3,7.38,Clothing,Social Media,No,,Desktop,PayPal
1508,Diego Reyes,diego.reyes@gmail.com,42.0,MALE,U.S.A,2022-02-20,2022-09-13,8.0,117.99,14.75,Home,organic search,Yes,5.0,Mobile,Debit Card
88,Laura Diaz,laura.diaz@outlook.com,23.0,female,Colombia,2022-12-15,2024-10-24,5.0,120.32,24.06,Books,Referral,Yes,1.0,Desktop,PayPal
1245,Pablo Cruz,,42.0,M,Mexico,2022-05-26,2022-08-17,3.0,472.1,157.37,HOME,social media,Yes,5.0,Tablet,Debit Card
1512,Sofia Rivera,sofia.rivera@outlook.com,39.0,MALE,Spain,2023-11-22,2025-09-06,7.0,108.18,15.45,Beauty,Referral,No,,Desktop,PayPal
1234,Daniela Garcia,,24.0,FEMALE,Brasil,2022-09-08,2023-01-23,7.0,459.69,65.67, Electronics ,Referral,No,2.0,Tablet,Credit Card
1272,Maria Ramirez,maria.ramirez@hotmail.com,55.0,male,,2022-05-18,2024-04-06,4.0,77.45,19.36,books,SOCIAL MEDIA,No,2.0,Desktop,PayPal
1403,Jose Hernandez,jose.hernandez@yahoo.com,28.0,OTHER,United States ,2023-07-24,2024-07-18,6.0,423.78,70.63, Sports , Referral ,No,,Desktop,Cash on Delivery
1560,Pablo Torres,pablo.torres@gmail.com,,MALE, Mexico,2023-10-02,2025-01-23,5.0,76.5,15.3,Home,Email,No,2.0,Mobile,PayPal
251,Carlos Flores,carlos.flores@hotmail.com,45.0,Femenino,Mexico,2022-10-30,2023-12-18,5.0,109.38,21.88,Clothing,ORGANIC SEARCH,Yes,5.0,Tablet,Debit Card
1262,Gabriela Torres,gabriela.torres@gmail.com,53.0,female,U.S.A,2022-05-07,2023-09-07,3.0,388.74,129.58,Books,Organic Search,No,,Desktop,Debit Card
686,Fernanda Torres,fernanda.torres@yahoo.com,,Male,us,2023-05-24,2023-06-30,8.0,114.21,14.28,electronics,paid ads,No,1.0,Desktop,Credit Card
1501,Camila Rodriguez,camila.rodriguez@outlook.com,43.0,Female,MEXICO,2022-08-22,2023-06-02,5.0,335.0,67.0, Books ,Organic Search,Yes,,Mobile,Cash on Delivery
694,Gabriela Ramirez,gabriela.ramirez@outlook.com,39.0,F,peru,2023-08-22,2025-06-01,3.0,94.57,31.52,Clothing,REFERRAL,No,,Mobile,Debit Card
1588,Luis Diaz,luis.diaz@outlook.com,25.0,Other,Argentina,2022-12-17,2023-01-24,6.0,601.81,100.3,electronics,Organic Search,No,,Mobile,Credit Card
149,Fernanda Reyes,fernanda.reyes@outlook.com,25.0,M,mexico,2022-12-21,2024-04-01,7.0,255.6,36.51,CLOTHING,Email,Yes,4.0,Desktop,PayPal
707,Ana Cruz,ana.cruz@hotmail.com,22.0, Male, Mexico,2023-10-06,2024-09-15,4.0,101.86,25.46,Electronics,Social Media,Yes,5.0,Desktop,Credit Card
1412,Andres Gutierrez,andres.gutierrez@hotmail.com,31.0,F,Chile,2022-08-09,2024-04-30,6.0,233.26,38.88,Beauty,Email,Yes,1.0,Desktop,PayPal
1443,Gabriela Torres,gabriela.torres@outlook.com,12.0,M,USA,2022-06-18,2022-08-10,9.0,608.09,67.57,Sports,Referral,Yes,,Tablet,PayPal
319,Gabriela Jimenez,gabriela.jimenez@outlook.com,37.0,F,mexico,2023-01-24,2023-02-05,3.0,29.53,9.84,Clothing,Paid Ads,Yes,4.0,Mobile,PayPal
1095,Laura Ortiz,laura.ortiz@hotmail.com,46.0,FEMALE,Peru,2023-11-08,2024-09-01,6.0,402.05,67.01,ELECTRONICS,Social Media,No,1.0,Mobile,Debit Card
1590,Ana Ortiz,,36.0,MALE, Mexico,2022-12-07,2024-06-18,7.0,472.03,67.43,Clothing,Referral,No,5.0,Tablet,Debit Card
934,Paula Ramirez,paula.ramirez@outlook.com,43.0,Other,United States ,2024-04-04,2025-12-29,4.0,36.82,9.2,Electronics,Referral,No,1.0,Mobile,PayPal
1153,Valentina Hernandez,valentina.hernandez@hotmail.com,38.0,MALE,United States ,2024-06-02,2025-08-10,4.0,170.38,42.6,electronics,Social Media,Yes,5.0,Desktop,Credit Card
1007,Pablo Rivera,pablo.rivera@hotmail.com,56.0,Femenino,colombia,2022-09-14,2023-10-07,7.0,136.76,19.54,SPORTS,Paid Ads,Yes,1.0,Tablet,Cash on Delivery
912,Carlos Rodriguez,carlos.rodriguez@yahoo.com,,Femenino,MEXICO,2022-03-07,2023-09-05,7.0,224.76,32.11,Beauty,Paid Ads,Yes,3.0,Tablet,Debit Card
1283,Miguel Gutierrez,miguel.gutierrez@outlook.com,55.0,Female,us,2022-11-10,2024-01-18,6.0,110.9,18.48,clothing,Referral,No,2.0,Mobile,PayPal
1902,Camila Gutierrez,camila.gutierrez@gmail.com,19.0,Male,U.S.A,2022-10-01,2024-03-03,5.0,874.72,174.94,BOOKS,EMAIL,Yes,,Tablet,Credit Card
1985,Paula Jimenez,paula.jimenez@gmail.com,37.0, Male,Chile,2023-10-05,2025-03-28,3.0,54.73,18.24,sports,Organic Search,No,2.0,Desktop,Debit Card
1217,Camila Garcia,camila.garcia@outlook.com,17.0,FEMALE,United States ,2023-06-16,2024-07-07,1.0,823.46,823.46,Electronics,Paid Ads,No,2.0,Tablet,Credit Card
911,Ricardo Martinez,ricardo.martinez@outlook.com,60.0,M,Espana,2022-03-20,2023-03-28,2.0,$81.56,40.78,BOOKS,SOCIAL MEDIA,Yes,1.0,Tablet,PayPal
362,Pablo Morales,pablo.morales@outlook.com,31.0,female,United States ,2022-04-15,2023-10-14,6.0,160.11,26.68,Sports, Organic Search ,No,5.0,Tablet,Cash on Delivery
981,Andres Cruz,andres.cruz@outlook.com,22.0,male,brazil,2022-01-25,2023-05-13,4.0,13.73,3.43,Sports,Social Media,No,2.0,Tablet,Credit Card
1039,Valentina Gonzalez,valentina.gonzalez@outlook.com,41.0,M,Colombia,2022-08-25,2023-05-26,5.0,160.96,32.19,Books,Email,No,,Mobile,Cash on Delivery
672,Paula Jimenez,paula.jimenez@yahoo.com,39.0,M,chile,2022-01-12,2022-05-27,6.0,49.79,8.3, Home , Organic Search ,No,5.0,Mobile,Credit Card
35,Pablo Gutierrez,pablo.gutierrez@hotmail.com,30.0,M,Peru,2022-03-04,2023-03-29,4.0,67.9,16.98,Beauty,referral,Yes,4.0,Tablet,Debit Card
960,Valentina Torres,valentina.torres@outlook.com,10.0, Male,colombia,2023-03-21,2024-08-03,5.0,36.89,7.38,ELECTRONICS, Referral ,Yes,1.0,Desktop,PayPal
1214,Pablo Gutierrez,pablo.gutierrez@yahoo.com,39.0,male,,2022-11-21,2023-02-21,8.0,279.1,34.89, Books ,referral,No,2.0,Mobile,Cash on Delivery
1238,Maria Gutierrez,maria.gutierrez@outlook.com,51.0,Other,Peru,2024-04-15,2024-11-05,5.0,488.97,97.79,Home,Email,No,2.0,Tablet,Credit Card
1913,Ana Hernandez,ana.hernandez@yahoo.com,48.0,female,us,2023-02-13,2024-04-17,8.0,97.09,12.14,Electronics,social media,Yes,4.0,Tablet,Credit Card
624,Valentina Ortiz,valentina.ortiz@gmail.com,35.0,Other,colombia,2022-08-25,2023-01-25,3.0,295.09,98.36,Home,ORGANIC SEARCH,No,5.0,Tablet,Debit Card
125,Pablo Cruz,pablo.cruz@outlook.com,32.0,Femenino,us,2022-05-13,2023-08-09,3.0,64.59,21.53,Books,PAID ADS,No,1.0,Mobile,Debit Card
225,Daniela Ramirez,daniela.ramirez@outlook.com,35.0,F,Mexico,2024-04-23,2025-11-30,5.0,344.74,68.95,Clothing,Referral,No,2.0,Tablet,Debit Card
1284,Fernanda Rodriguez,fernanda.rodriguez@outlook.com,53.0,MALE,Mexico,2022-12-11,2023-02-26,7.0,56.58,8.08,sports,PAID ADS,Yes,3.0,Mobile,Debit Card
1028,Jose Cruz,jose.cruz@gmail.com,54.0,female,mexico,2023-12-31,2025-08-04,8.0,72.23,9.03,Beauty,REFERRAL,Yes,5.0,Mobile,Debit Card
892,Daniela Rivera,daniela.rivera@yahoo.com,,Male,MEXICO,2022-07-10,2023-12-31,7.0,848.35,121.19,Books,referral,Yes,2.0,Tablet,Cash on Delivery
1553,Camila Ortiz,camila.ortiz@yahoo.com,30.0,MALE,chile,2022-09-02,2022-10-03,4.0,150.84,37.71,Electronics,paid ads,Yes,4.0,Mobile,Debit Card
1124,Sofia Gomez,sofia.gomez@yahoo.com,48.0,female,United States,2023-01-30,2023-10-21,10.0,,12.22,Electronics,Referral,No,5.0,Tablet,PayPal
426,Carlos Rivera,carlos.rivera@outlook.com,26.0,F,Brazil,2023-02-27,2024-01-24,1.0,147.48,147.48,CLOTHING,PAID ADS,No,4.0,Tablet,Cash on Delivery
1313,Ricardo Ortiz,ricardo.ortiz@gmail.com,38.0,male,USA,2023-06-05,2023-10-19,7.0,69.65,9.95,Electronics,Referral,No,3.0,Tablet,Credit Card
1833,Andres Reyes,andres.reyes@outlook.com,42.0,MALE,United States ,2024-02-21,2024-03-06,7.0,83.7,11.96,books,Organic Search,Yes,,Mobile,Credit Card
821,Ana Flores,ana.flores@yahoo.com,,FEMALE, Mexico,2022-12-12,2024-05-17,9.0,130.13,14.46,Clothing,organic search,No,3.0,Tablet,Cash on Delivery
1876,Maria Gomez,maria.gomez@gmail.com,31.0,M,Brasil,2022-11-09,2024-03-23,6.0,82.61,13.77,sports,Email,No,2.0,Tablet,Credit Card
909,Miguel Martinez,miguel.martinez@outlook.com,37.0,female,United States ,2023-02-20,2023-10-27,6.0,201.44,33.57,Beauty,referral,No,4.0,Desktop,PayPal
1076,Carlos Cruz,carlos.cruz@hotmail.com,28.0, Male,Mexico,2022-03-29,2023-10-15,10.0,280.49,28.05,beauty,referral,No,4.0,Tablet,PayPal
41,Carlos Gonzalez,carlos.gonzalez@hotmail.com,31.0,Female,Brasil,2022-06-24,2023-06-28,2.0,24.92,12.46,BEAUTY,Referral,No,3.0,Mobile,Debit Card
154,Jose Flores,jose.flores@outlook.com,24.0,MALE,peru,2022-03-26,2023-12-01,5.0,127.31,25.46,Electronics, Email ,No,1.0,Desktop,PayPal
860,Fernanda Ramirez,fernanda.ramirez@outlook.com,34.0,female,Mexico,2023-07-29,2024-10-23,9.0,139.62,15.51,Beauty,Social Media,No,3.0,Desktop,Debit Card
1289,Maria Hernandez,maria.hernandez@hotmail.com,45.0,Female,chile,2022-03-03,2022-12-05,4.0,$217.73,54.43,Clothing,Organic Search,Yes,,Tablet,Credit Card
499,Gabriela Garcia,gabriela.garcia@gmail.com,55.0,MALE,United States,2024-01-30,2025-11-06,11.0,222.64,20.24,sports,Paid Ads,Yes,4.0,Desktop,Debit Card
580,Maria Rivera,,30.0,Femenino,Mexico,2022-06-30,2024-04-26,5.0,35.8,7.16,SPORTS,Social Media,No,5.0,Mobile,PayPal
1969,Fernanda Rivera,fernanda.rivera@gmail.com,,F,MEXICO,2023-09-27,2024-01-20,3.0,727.17,242.39,ELECTRONICS,Social Media,No,5.0,Mobile,Debit Card
1168,Miguel Gonzalez,miguel.gonzalez@gmail.com,45.0,Femenino,Mexico,2023-12-29,2025-09-13,4.0,402.6,100.65,BOOKS,REFERRAL,Yes,4.0,Desktop,Cash on Delivery
1001,Fernanda Morales,fernanda.morales@gmail.com,51.0,F,MEXICO,2023-08-07,2023-11-27,7.0,22.19,3.17,Sports, Email ,Yes,4.0,Mobile,Cash on Delivery
1015,Camila Torres,camila.torres@yahoo.com,14.0,MALE,MEXICO,2022-07-11,2024-05-03,6.0,190.14,31.69,Sports,Referral,Yes,4.0,Mobile,PayPal
1953,Luis Cruz,luis.cruz@gmail.com,34.0,Male,Argentina,2023-04-27,2023-10-05,3.0,,78.57,books,ORGANIC SEARCH,Yes,,Desktop,Credit Card
1048,Paula Morales,paula.morales@yahoo.com,42.0,Male,Mexico,2023-09-07,2024-06-27,3.0,417.58,139.19,BEAUTY,Referral,Yes,3.0,Mobile,Cash on Delivery
1125,Fernanda Ramirez,fernanda.ramirez@gmail.com,,FEMALE,United States,2022-05-07,2022-10-11,5.0,342.16,68.43, Beauty ,email,No,5.0,Tablet,Cash on Delivery
372,Javier Reyes,javier.reyes@gmail.com,75.0,male,Colombia,2024-05-14,2025-02-18,3.0,386.22,128.74,BEAUTY,Email,No,2.0,Mobile,PayPal
1071,Javier Ramirez,javier.ramirez@outlook.com,65.0,Other,mexico,2024-06-17,2026-04-19,3.0,865.43,288.48,Beauty,Email,Yes,,Mobile,Cash on Delivery
1657,Fernanda Flores,fernanda.flores@outlook.com,32.0,Female, Mexico,2024-05-10,2026-01-15,7.0,179.38,25.63,SPORTS,email,Yes,2.0,Desktop,Cash on Delivery
671,Jorge Morales,jorge.morales@gmail.com,55.0,FEMALE,argentina,2024-05-29,2026-03-13,5.0,103.84,20.77,Beauty,PAID ADS,Yes,1.0,Tablet,Debit Card
1444,Valentina Lopez,valentina.lopez@outlook.com,20.0,FEMALE,United States,2022-04-07,2022-11-27,6.0,,12.54,beauty,SOCIAL MEDIA,No,4.0,Desktop,PayPal
49,Javier Morales,javier.morales@hotmail.com,,F,mexico,2023-11-05,2023-11-11,-3.0,132.41,18.92,Home,Organic Search,Yes,4.0,Mobile,Debit Card
473,Valentina Ramirez,valentina.ramirez@hotmail.com,23.0,female,mexico,2024-04-22,2024-08-28,4.0,45.36,11.34,Beauty,SOCIAL MEDIA,Yes,1.0,Mobile,Cash on Delivery
1260,Fernanda Ramirez,fernanda.ramirez@gmail.com,, Male,MEXICO,2022-09-18,2024-05-03,12.0,115.3,9.61,Beauty,Paid Ads,Yes,5.0,Tablet,Credit Card
1601,Laura Ramirez,laura.ramirez@hotmail.com,20.0,male,us,2023-03-02,2024-02-27,4.0,155.47,38.87, Home ,paid ads,No,1.0,Desktop,Credit Card
1812,Javier Ramirez,javier.ramirez@yahoo.com,36.0,Femenino,U.S.A,2022-10-29,2024-09-19,2.0,94.08,47.04,Clothing,organic search,No,4.0,Tablet,PayPal
714,Ricardo Flores,ricardo.flores@hotmail.com,, Male,Colombia,2022-11-05,2023-10-25,7.0,410.91,58.7,Home,Email,No,5.0,Desktop,Debit Card
1205,Javier Gonzalez,,40.0,Female,United States,2022-03-12,2023-11-07,6.0,163.52,27.25,CLOTHING,Organic Search,No,2.0,Desktop,Credit Card
115,Camila Cruz,camila.cruz@hotmail.com,,female,Mexico,2022-01-11,2022-11-13,6.0,33.55,5.59, Books ,Paid Ads,No,1.0,Tablet,Credit Card
1684,Ricardo Rivera,ricardo.rivera@hotmail.com,4.0,male,colombia,2024-01-13,2025-11-16,6.0,58.12,9.69,Books,EMAIL,No,1.0,Mobile,PayPal
1575,Maria Gutierrez,maria.gutierrez@yahoo.com,26.0,M,mexico,2024-01-02,2024-10-21,5.0,260.01,52.0,home,Social Media,No,2.0,Tablet,PayPal
73,Diego Ramirez,diego.ramirez@outlook.com,, Male,U.S.A,2024-04-12,2025-07-17,6.0,271.84,45.31,clothing,Referral,No,4.0,Mobile,Debit Card
112,Ricardo Diaz,ricardo.diaz@hotmail.com,40.0, Male,spain,2022-12-10,2023-08-18,7.0,170.11,24.3,CLOTHING,Paid Ads,Yes,1.0,Mobile,Debit Card
170,Ana Gutierrez,ana.gutierrez@yahoo.com,47.0,MALE, Mexico,2022-10-12,2023-06-22,5.0,231.24,46.25, Beauty ,Referral,Yes,3.0,Tablet,Debit Card
1816,Maria Rodriguez,,25.0,FEMALE,Colombia,2023-02-10,2023-06-21,2.0,165.61,82.8,BOOKS,Organic Search,No,4.0,Mobile,Credit Card
1569,Gabriela Morales,gabriela.morales@hotmail.com,51.0,MALE,,2022-03-08,2023-11-06,7.0,610.25,87.18,clothing,Paid Ads,Yes,1.0,Desktop,Debit Card
151,Pablo Perez,pablo.perez@hotmail.com,32.0,Female,MEXICO,2022-07-08,2023-01-22,9.0,,44.86,Books,Email,No,5.0,Tablet,PayPal
408,Maria Cruz,maria.cruz@gmail.com,34.0,Female,mexico,2024-03-21,2025-01-02,6.0,543.05,90.51,Books,Email,Yes,,Mobile,Cash on Delivery
1817,Sofia Torres,sofia.torres@hotmail.com,17.0,female,spain,2023-05-17,2025-02-08,0.0,148.65,148.65,Sports,Social Media,No,4.0,Mobile,Credit Card
1792,Pablo Hernandez,pablo.hernandez@gmail.com,41.0,Femenino,mexico,2023-05-09,2023-10-03,9.0,111.03,12.34,CLOTHING,Email,No,5.0,Mobile,Credit Card
1545,Sofia Garcia,,32.0, Male,mexico,2024-02-02,2025-04-09,2.0,206.97,103.48,Home,email,Yes,5.0,Desktop,Debit Card
771,Javier Diaz,javier.diaz@hotmail.com,29.0,OTHER,U.S.A,2023-05-13,2025-03-06,7.0,174.77,24.97,Books,paid ads,No,2.0,Tablet,Credit Card
1232,Daniela Lopez,daniela.lopez@hotmail.com,35.0,male,Colombia,2024-02-23,2024-05-04,6.0,129.42,21.57,electronics,Paid Ads,No,5.0,Desktop,Cash on Delivery
1524,Carlos Hernandez,carlos.hernandez@outlook.com,31.0,male,spain,2022-06-07,2022-07-27,9.0,43.38,4.82,Clothing,organic search,Yes,1.0,Tablet,PayPal
614,Miguel Rivera,miguel.rivera@yahoo.com,57.0,male,Chile,2022-09-09,2024-04-07,5.0,142.41,28.48,ELECTRONICS,Organic Search,No,3.0,Desktop,Debit Card
423,Ricardo Martinez,,6.0,FEMALE,Mexico,2022-06-05,2023-12-10,5.0,,71.14,Home,PAID ADS,No,4.0,Mobile,Credit Card
189,Sofia Torres,sofia.torres@gmail.com,40.0,FEMALE,Mexico,2022-02-21,2022-12-08,7.0,730.9,104.41,BEAUTY,organic search,No,3.0,Tablet,Cash on Delivery
616,Paula Diaz,paula.diaz@hotmail.com,,FEMALE,argentina,2023-02-07,2024-02-20,6.0,191.74,31.96,BEAUTY,referral,Yes,4.0,Mobile,Cash on Delivery
1907,Jose Cruz,jose.cruz@hotmail.com,43.0,male,United States ,2022-07-22,2023-09-05,4.0,274.11,68.53,clothing, Email ,No,2.0,Mobile,PayPal
31,Diego Rivera,diego.rivera@yahoo.com,29.0,FEMALE,Peru,2022-05-08,2022-12-02,6.0,210.2,35.03,Clothing,Social Media,Yes,5.0,Desktop,PayPal
1271,Miguel Hernandez,miguel.hernandez@gmail.com,63.0,F,Colombia,2022-01-08,2022-08-02,5.0,488.42,97.68,Beauty,email,No,3.0,Desktop,PayPal
1789,Diego Gutierrez,diego.gutierrez@yahoo.com,27.0,male,spain,2022-01-17,2022-12-25,9.0,206.33,22.93,Home,Organic Search,No,3.0,Desktop,Debit Card
819,Javier Martinez,javier.martinez@yahoo.com,30.0,M, Mexico,2022-06-17,2023-07-04,1.0,69.96,69.96,Electronics,Organic Search,Yes,3.0,Mobile,Debit Card
269,Paula Martinez,paula.martinez@gmail.com,52.0,M,chile,2022-12-12,2023-08-10,10.0,541.05,54.1,home,ORGANIC SEARCH,No,4.0,Desktop,PayPal
598,Ricardo Cruz,ricardo.cruz@gmail.com,57.0,MALE,,2022-11-09,2023-12-06,4.0,728.74,182.18,Books,Social Media,Yes,4.0,Tablet,Credit Card
841,Jose Ramirez,jose.ramirez@outlook.com,45.0,MALE,Mexico,2024-04-03,2024-10-12,3.0,183.69,61.23,CLOTHING,social media,Yes,4.0,Desktop,PayPal
753,Luis Rivera,,41.0,female,spain,2022-08-31,2023-03-27,12.0,2649.41,220.78,Clothing,social media,No,5.0,Tablet,Credit Card
957,Valentina Rodriguez,valentina.rodriguez@gmail.com,29.0,Other,spain,2023-03-25,2024-10-22,11.0,162.61,14.78,Beauty,Social Media,Yes,3.0,Mobile,Cash on Delivery
1686,Camila Hernandez,camila.hernandez@hotmail.com,,Female,Mexico,2023-08-13,2024-03-09,7.0,148.32,21.19, Home ,Organic Search,Yes,5.0,Desktop,Debit Card
579,Pablo Gutierrez,pablo.gutierrez@hotmail.com,21.0,Female,United States ,2022-11-13,2024-10-04,6.0,79.66,13.28, Sports ,Organic Search,No,2.0,Tablet,Debit Card
135,Ricardo Ramirez,ricardo.ramirez@outlook.com,43.0,M,Chile,2022-08-07,2023-08-07,6.0,556.93,92.82,Sports,referral,No,3.0,Mobile,PayPal
390,Carlos Jimenez,carlos.jimenez@yahoo.com,40.0,Male,Espana,2023-07-16,2023-08-11,5.0,338.24,67.65,BOOKS, Email ,No,3.0,Tablet,Debit Card
233,Ana Ortiz,ana.ortiz@yahoo.com,42.0,Female,Argentina,2022-09-08,2023-06-16,5.0,169.78,33.96,Electronics,REFERRAL,Yes,5.0,Tablet,PayPal
1998,Jorge Reyes,,46.0,F,Mexico,2023-09-14,2025-05-16,4.0,172.16,43.04,CLOTHING,social media,No,2.0,Desktop,Credit Card
1372,Laura Lopez,laura.lopez@yahoo.com,38.0,F, Mexico,2023-08-17,2024-05-07,9.0,184.37,20.49,SPORTS,EMAIL,No,5.0,Desktop,PayPal
1200,Paula Gonzalez,paula.gonzalez@outlook.com,42.0,Female,United States,2023-08-30,2023-12-08,2.0,158.28,79.14,Home,Organic Search,No,2.0,Tablet,Credit Card
458,Paula Ortiz,paula.ortiz@gmail.com,25.0,F,USA,2023-03-05,2024-01-05,4.0,233.71,58.43,Home,referral,No,2.0,Mobile,Debit Card
797,Jorge Jimenez,jorge.jimenez@yahoo.com,41.0,FEMALE,Brasil,2023-06-30,2024-02-11,7.0,568.38,81.2,Clothing,email,No,1.0,Mobile,Credit Card
1038,Ana Hernandez,ana.hernandez@yahoo.com,19.0, Male,Mexico,2023-01-11,2023-11-03,7.0,215.7,30.81,Electronics,Referral,No,3.0,Tablet,Credit Card
1932,Diego Rodriguez,diego.rodriguez@yahoo.com,28.0,F,colombia,2023-10-15,2025-02-06,7.0,116.33,16.62,Home,Email,Yes,,Mobile,Debit Card
1037,Gabriela Reyes,gabriela.reyes@outlook.com,26.0,Male,Mexico,2022-12-24,2024-03-05,8.0,513.16,64.14, Electronics ,EMAIL,No,5.0,Desktop,Credit Card
1473,Valentina Cruz,valentina.cruz@outlook.com,53.0,FEMALE,MEXICO,2023-07-11,2023-07-15,3.0,48.33,16.11,sports,Referral,Yes,4.0,Desktop,Debit Card
1986,Ricardo Perez,ricardo.perez@hotmail.com,41.0,Male,Peru,2023-07-27,2025-04-07,10.0,70.22,7.02,Beauty,Social Media,Yes,2.0,Desktop,PayPal
459,Fernanda Torres,fernanda.torres@gmail.com,17.0, Male,us,2022-02-15,2023-06-24,4.0,102.75,25.69,clothing,Referral,Yes,3.0,Tablet,PayPal
1134,Ricardo Rodriguez,ricardo.rodriguez@gmail.com,28.0,MALE,Mexico,2022-06-01,2023-05-07,7.0,433.6,61.94,Home,Organic Search,No,1.0,Desktop,Credit Card
163,Valentina Ramirez,valentina.ramirez@yahoo.com,24.0,F,United States,2023-01-05,2023-07-08,4.0,232.77,58.19,HOME,social media,Yes,,Desktop,PayPal
1583,Camila Lopez,camila.lopez@yahoo.com,49.0,Male,,2023-05-28,2024-07-26,6.0,210.66,35.11,Beauty,Social Media,No,1.0,Tablet,Debit Card
1458,Diego Garcia,diego.garcia@hotmail.com,40.0,FEMALE, Mexico,2023-08-18,2024-02-15,6.0,19.75,3.29,Beauty,Paid Ads,No,2.0,Desktop,Credit Card
1794,Jose Diaz,jose.diaz@outlook.com,34.0,F,United States ,2022-01-05,2022-09-30,3.0,78.77,26.26,Books,referral,Yes,4.0,Mobile,Credit Card
1762,Valentina Flores,valentina.flores@gmail.com,37.0,MALE,MEXICO,2024-02-29,2024-11-27,4.0,64.8,16.2,Books, Social Media ,Yes,3.0,Mobile,Cash on Delivery
709,Diego Cruz,diego.cruz@outlook.com,58.0,male,Spain,2022-12-14,2024-11-12,7.0,50.25,7.18,Books,social media,No,3.0,Mobile,Cash on Delivery
1649,Jorge Gutierrez,jorge.gutierrez@outlook.com,48.0,MALE,Brasil,2023-04-17,2023-09-03,7.0,,40.28,Beauty,Referral,No,1.0,Mobile,Cash on Delivery
328,Ana Hernandez,ana.hernandez@hotmail.com,39.0,Male,Spain,2024-06-12,2024-06-12,6.0,78.35,13.06,CLOTHING,Referral,No,1.0,Mobile,Cash on Delivery
899,Luis Morales,luis.morales@outlook.com,64.0,FEMALE,us,2022-07-15,2024-01-16,7.0,316.77,45.25,Clothing,Organic Search,Yes,3.0,Desktop,Debit Card
378,Daniela Martinez,daniela.martinez@hotmail.com,32.0,Female,United States,2022-01-27,2022-07-10,1.0,132.98,132.98,Books,Email,No,4.0,Desktop,Debit Card
555,Jorge Gutierrez,jorge.gutierrez@yahoo.com,41.0, Male,United States,2023-01-28,2023-03-09,6.0,72.1,12.02,Beauty,EMAIL,Yes,4.0,Mobile,PayPal
510,Sofia Martinez,sofia.martinez@outlook.com,39.0, Male,Mexico,2022-11-05,2024-03-11,9.0,153.28,17.03,Clothing,Email,No,1.0,Desktop,Debit Card
1396,Andres Morales,andres.morales@gmail.com,45.0,Femenino,Espana,2024-03-13,2024-09-14,4.0,49.27,12.32,BOOKS,Organic Search,No,2.0,Desktop,Debit Card
1626,Jorge Cruz,jorge.cruz@yahoo.com,47.0,F,U.S.A,2022-01-01,2022-01-24,9.0,135.78,15.09,Books,Referral,No,5.0,Tablet,Credit Card
245,Paula Cruz,paula.cruz@hotmail.com,40.0,FEMALE,Mexico,2022-04-12,2023-01-21,6.0,299.19,49.86,Books,EMAIL,Yes,1.0,Desktop,PayPal
322,Maria Garcia,maria.garcia@hotmail.com,34.0,male,Espana,2022-01-06,2023-05-13,4.0,302.39,75.6,Electronics,Referral,No,,Mobile,Debit Card
817,Ana Diaz,ana.diaz@outlook.com,54.0, Male,colombia,2022-04-10,2022-07-15,9.0,86.84,9.65,Home,Paid Ads,Yes,5.0,Mobile,PayPal
1749,Fernanda Ortiz,fernanda.ortiz@outlook.com,39.0,Male,us,2022-07-11,2021-01-01,3.0,170.59,56.86,Home,Social Media,No,3.0,Tablet,Debit Card
108,Javier Martinez,,53.0, Male,Peru,2023-02-09,2024-12-03,1.0,127.64,127.64,Sports,Email,No,,Tablet,Credit Card
428,Fernanda Sanchez,fernanda.sanchez@hotmail.com,37.0,Female,mexico,2024-02-07,2024-08-29,6.0,60.66,10.11,CLOTHING,paid ads,No,4.0,Tablet,Cash on Delivery
285,Valentina Diaz,valentina.diaz@gmail.com,52.0,male,argentina,2022-12-22,2023-09-24,9.0,470.19,52.24,Electronics,Paid Ads,Yes,4.0,Tablet,Debit Card
905,Diego Diaz,diego.diaz@gmail.com,36.0, Male,COLOMBIA,2023-02-14,2023-10-14,7.0,177.75,25.39,Books,Organic Search,Yes,2.0,Mobile,Credit Card
1148,Ricardo Reyes,ricardo.reyes@outlook.com,51.0,Other,United States,2022-11-21,2023-01-04,12.0,129.79,10.82,Beauty,Social Media,No,3.0,Mobile,Credit Card
1682,Ana Garcia,ana.garcia@outlook.com,31.0,M,Brasil,2023-05-05,2024-08-25,3.0,,462.9,Electronics,Organic Search,Yes,1.0,Desktop,PayPal
7,Luis Ramirez,luis.ramirez@hotmail.com,29.0,M, Mexico,2022-07-03,2024-03-19,3.0,110.9,36.97,Clothing,Email,No,1.0,Mobile,Cash on Delivery
1774,Miguel Martinez,miguel.martinez@gmail.com,43.0,OTHER,Chile,2024-03-23,2025-06-27,1.0,,152.56,clothing,referral,No,2.0,Desktop,PayPal
1145,Laura Morales,laura.morales@yahoo.com,32.0,male,U.S.A,2024-04-25,,8.0,178.29,22.29,Sports,paid ads,No,5.0,Mobile,PayPal
1757,Laura Gomez,laura.gomez@hotmail.com,31.0,F,Mexico,2022-12-30,2024-03-02,4.0,110.87,27.72,ELECTRONICS,REFERRAL,No,4.0,Mobile,Credit Card
1442,Camila Garcia,camila.garcia@yahoo.com,49.0,female,MEXICO,2023-12-01,2024-03-14,4.0,99.94,24.98,SPORTS,Email,Yes,3.0,Tablet,Debit Card
1346,Jorge Morales,jorge.morales@hotmail.com,33.0,Femenino,Argentina,2022-08-05,2023-12-21,12.0,162.74,13.56,home,Referral,No,3.0,Desktop,PayPal
1773,Miguel Flores,miguel.flores@hotmail.com,45.0,female,MEXICO,2023-07-11,2023-09-20,10.0,260.87,26.09,home,organic search,Yes,1.0,Tablet,Debit Card
668,Pablo Gutierrez,pablo.gutierrez@gmail.com,50.0,Femenino,Mexico,2024-01-06,2025-03-02,8.0,270.06,33.76,Beauty,ORGANIC SEARCH,Yes,4.0,Tablet,Credit Card
783,Maria Morales,maria.morales@hotmail.com,28.0,M,chile,2022-12-24,2024-04-23,4.0,41.51,10.38,Electronics,Social Media,Yes,5.0,Mobile,Cash on Delivery
872,Sofia Gutierrez,sofia.gutierrez@outlook.com,50.0, Male,MEXICO,2024-03-25,2025-06-13,4.0,306.1,76.53, Home ,Social Media,No,3.0,Tablet,PayPal
1383,Laura Gutierrez,laura.gutierrez@hotmail.com,37.0,M,United States,2022-02-04,2023-12-26,5.0,342.97,68.59,Beauty,Referral,No,2.0,Mobile,Cash on Delivery
236,Daniela Morales,daniela.morales@gmail.com,27.0,MALE,Colombia,2023-09-02,2024-04-11,7.0,177.39,25.34,Sports,Email,Yes,,Desktop,Credit Card
1390,Gabriela Diaz,gabriela.diaz@outlook.com,20.0,Male,argentina,2024-01-25,2024-11-17,8.0,310.29,38.79,SPORTS,Organic Search,No,5.0,Tablet,Cash on Delivery
1108,Gabriela Sanchez,gabriela.sanchez@outlook.com,39.0,female,Colombia,2023-04-21,2025-02-02,3.0,258.08,86.03, Electronics ,paid ads,No,1.0,Tablet,PayPal
1389,Pablo Gonzalez,pablo.gonzalez@hotmail.com,39.0,male,argentina,2023-01-08,2024-07-04,4.0,114.66,28.66,Beauty, Email ,No,1.0,Tablet,Debit Card
344,Camila Cruz,camila.cruz@hotmail.com,50.0,male,Mexico,2024-01-14,2025-06-04,5.0,91.53,18.31,HOME,ORGANIC SEARCH,No,3.0,Tablet,Credit Card
1307,Jose Gonzalez,jose.gonzalez@hotmail.com,46.0, Male,mexico,2023-06-14,2024-11-27,7.0,164.86,23.55,Sports,REFERRAL,Yes,2.0,Desktop,Credit Card
1618,Camila Ramirez,camila.ramirez@gmail.com,50.0, Male, Mexico,2022-02-23,2022-09-21,7.0,289.94,41.42,Home,REFERRAL,No,1.0,Mobile,Credit Card
851,Jorge Hernandez,jorge.hernandez@outlook.com,54.0,OTHER,,2024-06-06,2026-02-19,7.0,110.14,15.73, Beauty ,Social Media,Yes,,Tablet,Debit Card
1419,Pablo Rodriguez,pablo.rodriguez@yahoo.com,24.0, Male,Brazil,2024-04-17,2026-01-18,8.0,686.07,85.76,Electronics,Email,No,,Desktop,Cash on Delivery
1382,Jose Morales,jose.morales@outlook.com,38.0,Female,United States ,2023-12-25,2025-06-18,5.0,112.05,22.41,Clothing,Organic Search,Yes,5.0,Tablet,Cash on Delivery
1330,Laura Ortiz,laura.ortiz@hotmail.com,32.0,M,Espana,2024-02-01,2024-02-13,4.0,53.3,13.32,electronics,Referral,Yes,2.0,Tablet,Cash on Delivery
1353,Diego Martinez,diego.martinez@gmail.com,58.0,Male,brazil,2023-09-25,2024-08-26,7.0,78.82,11.26,Beauty,EMAIL,Yes,4.0,Desktop,Credit Card
302,Fernanda Martinez,fernanda.martinez@yahoo.com,32.0, Male,,2022-01-27,2023-06-02,8.0,99.88,12.48,Clothing,email,No,5.0,Desktop,PayPal
1819,Maria Gomez,maria.gomez@hotmail.com,41.0,M,United States ,2022-04-12,2022-11-13,3.0,374.99,125.0,Sports,Organic Search,Yes,5.0,Desktop,Credit Card
1654,Andres Flores,andres.flores@hotmail.com,44.0,male,us,2022-08-02,2022-10-15,4.0,43.36,10.84,Home,Referral,Yes,3.0,Tablet,Debit Card
1554,Paula Cruz,paula.cruz@yahoo.com,58.0,Femenino,Mexico,2023-12-16,2025-05-31,3.0,288.95,96.32,Sports,Referral,No,1.0,Tablet,PayPal
1609,Sofia Gomez,sofia.gomez@yahoo.com,41.0,other,Mexico,2022-11-11,2024-06-06,5.0,52.33,10.47,ELECTRONICS,Organic Search,Yes,4.0,Mobile,Debit Card
594,Jorge Rodriguez,jorge.rodriguez@yahoo.com,43.0,male,,2023-12-01,2024-06-02,7.0,72.21,10.32,Clothing,Referral,Yes,4.0,Tablet,Debit Card
358,Pablo Lopez,pablo.lopez@hotmail.com,35.0,female,argentina,2023-06-22,2024-02-11,4.0,,29.62,Clothing,Organic Search,No,2.0,Mobile,Debit Card
1820,Jose Jimenez,jose.jimenez@yahoo.com,,F,us,2024-05-28,2025-09-22,5.0,61.96,12.39,Sports,EMAIL,No,1.0,Mobile,Cash on Delivery
530,Gabriela Rivera,gabriela.rivera@yahoo.com,22.0,female,Spain,2023-11-30,2025-10-11,6.0,122.81,20.47,Beauty,Referral,Yes,3.0,Mobile,Cash on Delivery
610,Pablo Reyes,pablo.reyes@hotmail.com,36.0,Female,MEXICO,2023-06-30,2024-10-13,2.0,,87.42, Books ,Social Media,No,1.0,Mobile,Credit Card
537,Diego Perez,diego.perez@gmail.com,49.0,M,USA,2023-01-26,2024-09-28,6.0,74.62,12.44,CLOTHING,Paid Ads,Yes,2.0,Desktop,Credit Card
1653,Luis Ramirez,luis.ramirez@gmail.com,44.0,M,MEXICO,2024-04-27,2026-02-16,9.0,320.54,35.62,Books,Organic Search,No,3.0,Desktop,Cash on Delivery
746,Miguel Ramirez,miguel.ramirez@hotmail.com,30.0,Male,USA,2022-05-05,2022-07-22,6.0,289.55,48.26,Home,SOCIAL MEDIA,No,2.0,Tablet,Credit Card
1533,Gabriela Rodriguez,gabriela.rodriguez@yahoo.com,44.0,male,Mexico,2023-10-30,2025-09-12,5.0,295.55,59.11,Clothing,Email,Yes,3.0,Tablet,Cash on Delivery
1344,Andres Gomez,andres.gomez@hotmail.com,47.0,female,Mexico,2023-12-26,2025-11-23,10.0,13.15,1.32,Beauty, Referral ,No,3.0,Tablet,Debit Card
680,Gabriela Sanchez,gabriela.sanchez@gmail.com,31.0,MALE,Chile,2022-07-10,2023-08-11,3.0,355.58,118.53,Clothing,Paid Ads,Yes,5.0,Mobile,Credit Card
1381,Jorge Reyes,jorge.reyes@gmail.com,,FEMALE,colombia,2023-11-03,2025-06-16,8.0,112.33,14.04,clothing,Organic Search,No,1.0,Desktop,Credit Card
2,Ricardo Rodriguez,ricardo.rodriguez@outlook.com,29.0,MALE, Mexico,2024-01-23,2025-09-01,5.0,989.55,197.91,Home,Paid Ads,Yes,2.0,Mobile,Credit Card
336,Fernanda Flores,fernanda.flores@hotmail.com,34.0,Male,Peru,2022-10-23,2024-03-08,3.0,83.23,27.74,Books,Email,Yes,3.0,Desktop,Cash on Delivery
1523,Carlos Reyes,carlos.reyes@outlook.com,68.0,Male,United States ,2022-11-04,2024-01-16,2.0,237.15,118.58,Books, Social Media ,Yes,2.0,Mobile,Credit Card
1231,Fernanda Reyes,fernanda.reyes@gmail.com,22.0,MALE,argentina,2023-12-27,2025-03-28,7.0,46.54,6.65,HOME,PAID ADS,Yes,3.0,Tablet,Debit Card
617,Sofia Gutierrez,sofia.gutierrez@hotmail.com,45.0,other,Colombia,2022-01-25,2023-09-13,5.0,158.91,31.78,Home,Social Media,Yes,3.0,Desktop,Debit Card
857,Sofia Rivera,sofia.rivera@outlook.com,32.0,other,brazil,2024-05-02,2025-02-04,3.0,,22.32,Books,Email,No,5.0,Mobile,PayPal
1651,Carlos Martinez,carlos.martinez@outlook.com,53.0,Female,U.S.A,2022-09-09,2022-12-02,7.0,,28.94,Home,Referral,Yes,,Tablet,Credit Card
1835,Valentina Martinez,valentina.martinez@hotmail.com,,FEMALE,colombia,2023-08-26,2024-02-18,2.0,141.06,70.53,sports,paid ads,Yes,4.0,Desktop,PayPal
1663,Carlos Gutierrez,carlos.gutierrez@outlook.com,48.0,M,spain,2023-06-24,2025-03-05,8.0,178.86,22.36,Beauty,Email,No,3.0,Tablet,PayPal
1157,Maria Morales,maria.morales@outlook.com,47.0,MALE, Mexico,2023-09-12,2025-03-15,4.0,266.07,66.52,BEAUTY,PAID ADS,No,1.0,Tablet,Cash on Delivery
188,Miguel Gonzalez,miguel.gonzalez@gmail.com,42.0, Male,MEXICO,2023-02-11,2023-03-22,5.0,603.87,120.77,Books,Referral,No,3.0,Tablet,Credit Card
932,Javier Diaz,,17.0, Male,United States ,2022-05-04,2024-02-29,7.0,$94.64,13.52,SPORTS,Paid Ads,No,3.0,Desktop,Credit Card
232,Pablo Rodriguez,pablo.rodriguez@outlook.com,30.0,Female,Mexico,2022-09-30,2023-01-10,6.0,991.49,165.25,Electronics,ORGANIC SEARCH,No,3.0,Desktop,Credit Card
871,Diego Gonzalez,diego.gonzalez@gmail.com,42.0,female,colombia,2023-11-18,2024-05-04,6.0,107.35,17.89,Beauty,Organic Search,No,3.0,Desktop,Cash on Delivery
1337,Paula Flores,paula.flores@yahoo.com,36.0,female,Mexico,2022-01-26,2023-06-07,5.0,85.1,17.02,Sports,Email,No,1.0,Tablet,Cash on Delivery
589,Fernanda Gutierrez,,38.0,MALE,Argentina,2024-05-29,2025-09-07,6.0,174.48,29.08,Clothing,Email,Yes,1.0,Mobile,PayPal
249,Ricardo Hernandez,ricardo.hernandez@outlook.com,20.0,FEMALE,,2023-06-04,2024-05-01,8.0,98.36,12.3,Sports,Referral,Yes,3.0,Tablet,Cash on Delivery
917,Camila Gomez,camila.gomez@gmail.com,28.0,FEMALE,,2022-05-01,2022-10-02,3.0,54152.43,17.19,books,Paid Ads,Yes,5.0,Tablet,PayPal
1377,Jorge Flores,jorge.flores@gmail.com,9.0, Male,U.S.A,2022-04-24,2023-06-06,8.0,275.22,34.4,HOME,Organic Search,No,5.0,Tablet,Debit Card
601,Paula Jimenez,paula.jimenez@outlook.com,42.0,male, Mexico,2022-08-05,2023-01-13,3.0,,29.25,Clothing,Email,No,2.0,Mobile,Credit Card
751,Jorge Lopez,jorge.lopez@gmail.com,33.0,male,U.S.A,2022-11-26,2024-08-24,6.0,123.84,20.64,Home,Social Media,No,,Mobile,PayPal
1243,Jorge Jimenez,jorge.jimenez@outlook.com,32.0,Femenino,Argentina,2023-05-16,2023-09-24,9.0,141.73,15.75,Beauty,Social Media,No,1.0,Desktop,Debit Card
615,Javier Martinez,javier.martinez@yahoo.com,,female,colombia,2022-05-19,2023-05-26,11.0,60.16,5.47,BOOKS,Email,No,3.0,Tablet,PayPal
719,Sofia Rivera,sofia.rivera@hotmail.com,41.0,male,MEXICO,2023-07-05,2024-10-23,6.0,118.23,19.71,clothing, Organic Search ,Yes,1.0,Mobile,Cash on Delivery
992,Camila Gomez,camila.gomez@yahoo.com,38.0,Male,United States,2022-05-13,2023-05-20,7.0,261.55,37.36,Clothing,referral,No,3.0,Mobile,PayPal
1219,Fernanda Gutierrez,,55.0,Other,colombia,2023-01-02,2023-06-02,11.0,,9.83,Sports,Organic Search,Yes,4.0,Tablet,Debit Card
187,Carlos Perez,carlos.perez@hotmail.com,23.0,female, Mexico,2022-09-01,2022-10-31,4.0,417.71,104.43,Clothing,EMAIL,No,3.0,Mobile,Cash on Delivery
1552,Pablo Flores,pablo.flores@hotmail.com,39.0,MALE, Mexico,2023-04-09,2024-02-06,3.0,76.32,25.44,SPORTS,paid ads,No,5.0,Tablet,Cash on Delivery
998,Miguel Perez,miguel.perez@outlook.com,25.0,Female,U.S.A,2023-07-21,2025-04-30,2.0,84.28,42.14,Beauty,Social Media,No,,Mobile,PayPal
1239,Jose Jimenez,jose.jimenez@outlook.com,45.0,male,Chile,2023-05-15,2023-07-06,7.0,558.56,79.79,Beauty,Referral,No,1.0,Mobile,PayPal
1489,Maria Ramirez,maria.ramirez@outlook.com,47.0, Male,,2024-04-29,2024-11-04,9.0,153.15,17.02,Clothing,Email,No,4.0,Tablet,Credit Card
1956,Valentina Ortiz,valentina.ortiz@yahoo.com,,male,United States,2023-11-08,2024-05-10,5.0,32.96,6.59,beauty,Organic Search,No,5.0,Mobile,PayPal
1903,Daniela Flores,daniela.flores@gmail.com,29.0,FEMALE, Mexico,2022-12-12,2023-08-04,6.0,345.39,57.56,books,Social Media,Yes,4.0,Tablet,Debit Card
1143,Gabriela Torres,gabriela.torres@yahoo.com,,FEMALE,Argentina,2022-05-14,2022-09-12,5.0,366.3,73.26,Beauty,Organic Search,No,1.0,Tablet,Debit Card
253,Carlos Lopez,carlos.lopez@outlook.com,22.0,M,Brazil,2023-02-13,2024-04-01,7.0,91.89,13.13,Books,PAID ADS,No,4.0,Desktop,Debit Card
1988,Sofia Rodriguez,sofia.rodriguez@yahoo.com,,M,Mexico,2023-01-21,2023-12-01,7.0,,11.98,SPORTS,Social Media,No,3.0,Mobile,PayPal
1814,Diego Ramirez,diego.ramirez@outlook.com,47.0,MALE,MEXICO,2023-02-18,2023-07-20,4.0,118.31,29.58,Beauty,Paid Ads,Yes,4.0,Desktop,Debit Card
1829,Paula Diaz,paula.diaz@gmail.com,72.0,FEMALE,USA,2023-12-13,2025-07-12,3.0,700.0,233.33,Electronics,Organic Search,Yes,5.0,Desktop,Debit Card
317,Daniela Rodriguez,daniela.rodriguez@outlook.com,40.0, Male,MEXICO,2023-09-24,2025-05-22,6.0,839.07,139.84,CLOTHING,Referral,No,,Mobile,Credit Card
924,Maria Flores,maria.flores@yahoo.com,24.0,Other,MEXICO,2024-04-19,2024-08-17,6.0,152.64,25.44,BEAUTY,Social Media,No,2.0,Mobile,Debit Card
806,Ricardo Gutierrez,ricardo.gutierrez@outlook.com,30.0,Femenino,MEXICO,2022-07-04,2023-07-07,9.0,131.52,14.61,Electronics,ORGANIC SEARCH,No,5.0,Mobile,PayPal
124,Diego Gomez,diego.gomez@hotmail.com,33.0,OTHER,mexico,2024-02-01,2024-12-02,8.0,166.82,20.85,Sports,Organic Search,Yes,2.0,Desktop,Cash on Delivery
1942,Jose Perez,jose.perez@hotmail.com,26.0,FEMALE,argentina,2022-07-13,2022-12-29,4.0,183.3,45.82,Electronics,referral,No,2.0,Desktop,Cash on Delivery
886,Daniela Hernandez,daniela.hernandez@gmail.com,,Female,argentina,2022-03-11,2022-11-06,2.0,90.33,45.16,Sports,Referral,No,3.0,Desktop,Debit Card
893,Camila Sanchez,camila.sanchez@gmail.com,35.0,female,MEXICO,2023-02-05,2023-06-12,1.0,152.37,152.37,Sports,Email,No,2.0,Desktop,PayPal
1010,Camila Reyes,camila.reyes@hotmail.com,28.0,F,us,2023-04-15,2024-10-29,9.0,251.9,27.99,Clothing,Paid Ads,No,5.0,Desktop,PayPal
518,Luis Flores,luis.flores@gmail.com,19.0,Other, Mexico,2022-08-17,2023-09-21,10.0,251.34,25.13,Books,Organic Search,No,5.0,Mobile,Debit Card
636,Javier Garcia,javier.garcia@outlook.com,44.0,Male,chile,2022-03-17,,5.0,17.18,3.44, Beauty ,ORGANIC SEARCH,No,2.0,Desktop,Credit Card
93,Fernanda Reyes,fernanda.reyes@hotmail.com,,Male,chile,2022-12-06,2023-10-17,7.0,535.4,76.49,Beauty,Social Media,No,1.0,Tablet,Credit Card
244,Paula Martinez,paula.martinez@gmail.com,48.0,male,Mexico,2024-06-16,2025-10-09,2.0,389.13,194.56,SPORTS,REFERRAL,No,1.0,Desktop,Credit Card
1504,Laura Lopez,laura.lopez@yahoo.com,33.0,female, Mexico,2024-02-21,2025-04-05,5.0,292.64,58.53,Beauty,Email,No,1.0,Mobile,Cash on Delivery
449,Camila Morales,camila.morales@yahoo.com,42.0,male,Mexico,2022-12-30,2023-10-26,6.0,134.85,22.48,Sports, Social Media ,No,1.0,Desktop,Cash on Delivery
824,Javier Gutierrez,javier.gutierrez@outlook.com,36.0,Femenino, Mexico,2022-08-01,2024-03-26,8.0,47.7,5.96,Electronics,Paid Ads,No,2.0,Mobile,Debit Card
1452,Ana Rodriguez,ana.rodriguez@yahoo.com,47.0,male,mexico,2024-01-04,2024-12-08,5.0,121.68,24.34,Books,PAID ADS,No,-1.0,Mobile,Debit Card
1252,Valentina Cruz,valentina.cruz@hotmail.com,38.0,MALE, Mexico,2023-01-01,2023-10-27,6.0,,19.48,Clothing,Organic Search,Yes,2.0,Mobile,Debit Card
609,Jorge Flores,jorge.flores@outlook.com,42.0,Female,us,2023-05-28,2023-08-24,5.0,154.31,30.86,Sports,Email,No,3.0,Tablet,Debit Card
1919,Diego Rodriguez,diego.rodriguez@yahoo.com,36.0,Female,mexico,2022-03-25,2023-09-23,7.0,499.02,71.29,Electronics,Email,Yes,3.0,Tablet,Credit Card
856,Fernanda Rodriguez,fernanda.rodriguez@yahoo.com,59.0,Male,mexico,2022-11-18,2022-12-24,6.0,827.35,137.89,HOME,Social Media,Yes,5.0,Tablet,Debit Card
478,Ana Hernandez,ana.hernandez@hotmail.com,12.0,M,Argentina,2023-09-26,2025-05-10,4.0,148.86,37.22,Home,Social Media,No,2.0,Tablet,Cash on Delivery
263,Jose Garcia,jose.garcia@hotmail.com,51.0,Female, Mexico,2022-04-25,2023-09-29,6.0,63.44,10.57,SPORTS, Email ,No,5.0,Tablet,Debit Card
58,Carlos Cruz,carlos.cruz@yahoo.com,46.0,F,colombia,2022-04-16,2022-07-17,3.0,103.74,34.58,CLOTHING,Referral,No,4.0,Mobile,Cash on Delivery
430,Daniela Gonzalez,daniela.gonzalez@outlook.com,41.0,female,U.S.A,2024-03-27,2025-10-01,9.0,317.88,35.32,Beauty,PAID ADS,No,1.0,Tablet,PayPal
250,Ana Ramirez,ana.ramirez@hotmail.com,29.0,FEMALE,MEXICO,2023-11-28,2024-06-02,4.0,169.44,42.36,Home,organic search,No,4.0,Mobile,Debit Card
1376,Jorge Flores,jorge.flores@yahoo.com,42.0,Femenino, Mexico,2022-12-12,2024-06-16,14.0,162.58,11.61,electronics, Email ,No,2.0,Desktop,Cash on Delivery
20,Diego Torres,diego.torres@yahoo.com,200.0,F,USA,2023-12-10,2024-01-28,2.0,159.56,79.78,Books,Referral,Yes,3.0,Desktop,Cash on Delivery
1411,Luis Rodriguez,luis.rodriguez@gmail.com,32.0,FEMALE,COLOMBIA,2023-10-26,2024-06-10,7.0,66.49,9.5,Books,Email,No,2.0,Mobile,Debit Card
1519,Diego Diaz,diego.diaz@yahoo.com,35.0,female,colombia,2023-08-09,2023-09-04,1.0,210.35,210.35,Sports,email,No,4.0,Tablet,PayPal
1821,Laura Martinez,laura.martinez@yahoo.com,21.0,Male, Mexico,2023-07-12,2025-01-19,3.0,129.85,43.28,Sports,Social Media,No,4.0,Tablet,PayPal
1661,Paula Rivera,paula.rivera@gmail.com,,Male,Colombia,2022-11-16,2023-08-04,1.0,271.33,271.33,Books,EMAIL,No,3.0,Mobile,PayPal
830,Ana Martinez,ana.martinez@hotmail.com,42.0,F,Peru,2023-05-16,2024-04-07,6.0,71.79,11.97,home,Organic Search,No,4.0,Desktop,PayPal
486,Sofia Sanchez,sofia.sanchez@hotmail.com,40.0,male, Mexico,2022-04-02,2023-09-01,5.0,222.62,44.52,ELECTRONICS,ORGANIC SEARCH,No,1.0,Mobile,PayPal
403,Laura Cruz,laura.cruz@hotmail.com,35.0,female,Mexico,2022-06-25,2022-10-25,4.0,311.24,77.81,Clothing,Paid Ads,No,5.0,Mobile,PayPal
1096,Luis Morales,luis.morales@gmail.com,36.0,male,Spain,2022-06-25,2023-12-09,7.0,96.38,13.77,Electronics,Email,Yes,2.0,Mobile,PayPal
354,Valentina Torres,valentina.torres@hotmail.com,22.0,Female,MEXICO,2022-03-01,2023-03-05,8.0,160.79,20.1,Clothing,social media,Yes,,Desktop,PayPal
1866,Valentina Morales,valentina.morales@yahoo.com,33.0,FEMALE,colombia,2024-01-19,2024-04-10,5.0,613.01,122.6,CLOTHING,Paid Ads,Yes,5.0,Mobile,Cash on Delivery
769,Maria Torres,maria.torres@gmail.com,27.0,M,spain,2022-09-03,2023-09-08,2.0,93.97,46.98,BEAUTY, Social Media ,Yes,1.0,Desktop,Credit Card
1586,Laura Lopez,laura.lopez@yahoo.com,35.0,MALE,us,2024-01-22,2025-05-30,-3.0,99.91,19.98,Home,Email,No,2.0,Tablet,Debit Card
1741,Valentina Lopez,valentina.lopez@outlook.com,40.0,Femenino,colombia,2022-03-31,2023-09-22,6.0,235.25,39.21,Sports,Social Media,No,3.0,Tablet,Cash on Delivery
1086,Fernanda Sanchez,fernanda.sanchez@hotmail.com,34.0,MALE,USA,2022-06-13,2022-11-19,6.0,44.79,7.46,Clothing,organic search,Yes,2.0,Tablet,PayPal
52,Carlos Perez,carlos.perez@hotmail.com,22.0,MALE,us,2022-10-30,2024-03-12,5.0,201.13,40.23,Sports, Organic Search ,No,3.0,Tablet,PayPal
812,Pablo Gonzalez,pablo.gonzalez@gmail.com,72.0,male,Mexico,2024-05-26,2025-08-07,7.0,95.43,13.63,Electronics,Email,No,,Tablet,Debit Card
1012,Ricardo Flores,ricardo.flores@gmail.com,53.0,M,Chile,2023-08-31,2025-04-12,7.0,24.78,3.54,Sports,Organic Search,Yes,3.0,Desktop,Cash on Delivery
571,Gabriela Reyes,gabriela.reyes@yahoo.com,24.0, Male,mexico,2023-08-05,2024-02-08,6.0,198.39,33.06,Books,organic search,No,3.0,Tablet,Cash on Delivery
1189,Andres Rodriguez,andres.rodriguez@outlook.com,47.0,OTHER,Mexico,2022-08-02,2023-03-18,2.0,88.1,44.05,Electronics,referral,No,10.0,Mobile,PayPal
756,Valentina Jimenez,valentina.jimenez@yahoo.com,70.0,Male,Espana,2022-07-05,2023-09-16,8.0,158.01,19.75,ELECTRONICS,Paid Ads,Yes,1.0,Mobile,PayPal
895,Daniela Gonzalez,daniela.gonzalez@hotmail.com,41.0,MALE,United States,2023-10-17,2025-02-22,7.0,323.64,46.23,Clothing,Email,No,5.0,Mobile,Credit Card
974,Diego Gutierrez,diego.gutierrez@outlook.com,19.0,female,Mexico,2024-06-06,2026-03-15,4.0,113.77,28.44,clothing,Social Media,Yes,1.0,Mobile,PayPal
1021,Luis Perez,luis.perez@outlook.com,33.0,other,Argentina,2024-01-09,2025-04-27,4.0,2061.34,515.34,electronics,Email,Yes,2.0,Desktop,PayPal
1161,Andres Martinez,andres.martinez@hotmail.com,24.0, Male,MEXICO,2022-10-25,2022-11-23,6.0,68.41,11.4,Beauty,Email,No,3.0,Tablet,Credit Card
1421,Gabriela Flores,gabriela.flores@outlook.com,20.0,MALE,mexico,2024-04-21,2024-05-22,6.0,83.09,13.85,Sports,Organic Search,Yes,5.0,Mobile,Cash on Delivery
43,Daniela Cruz,daniela.cruz@outlook.com,42.0,FEMALE,Espana,2023-05-25,2024-09-18,7.0,15.69,2.24,Sports,Paid Ads,No,5.0,Tablet,PayPal
1982,Paula Rodriguez,paula.rodriguez@outlook.com,52.0, Male,colombia,2022-10-26,2023-12-27,2.0,143.67,71.83,Electronics,REFERRAL,Yes,1.0,Mobile,Cash on Delivery
1867,Maria Flores,maria.flores@yahoo.com,,MALE,spain,2023-04-03,2024-02-03,3.0,147.02,49.01,Beauty,Referral,No,4.0,Tablet,PayPal
802,Laura Ramirez,laura.ramirez@yahoo.com,39.0,Femenino,argentina,2023-04-25,2024-01-10,10.0,651.82,65.18,Beauty,Email,No,5.0,Desktop,PayPal
1801,Luis Ortiz,luis.ortiz@gmail.com,11.0,Female,mexico,2022-10-04,2022-10-05,8.0,294.29,36.79,BOOKS,Referral,Yes,4.0,Desktop,Debit Card
1483,Jose Morales,jose.morales@hotmail.com,28.0,MALE,Mexico,2022-07-10,2023-03-25,7.0,117.81,16.83,Sports,ORGANIC SEARCH,No,2.0,Tablet,Debit Card
1551,Jose Ramirez,,41.0,FEMALE,Espana,2023-09-12,2025-06-25,5.0,39.52,7.9,Books,Paid Ads,Yes,3.0,Tablet,PayPal
76,Diego Ramirez,diego.ramirez@gmail.com,35.0,Male,Brasil,2023-05-03,2023-07-14,4.0,191.16,47.79,Sports,PAID ADS,No,2.0,Desktop,Credit Card
228,Andres Ortiz,andres.ortiz@yahoo.com,37.0,male,mexico,2022-04-23,2023-11-22,4.0,25.91,6.48,Sports,Social Media,No,5.0,Mobile,Credit Card
1029,Andres Lopez,andres.lopez@yahoo.com,54.0,M,Colombia,2022-10-16,2024-08-01,3.0,258.74,86.25,BEAUTY,PAID ADS,No,4.0,Mobile,Credit Card
1638,Paula Torres,paula.torres@hotmail.com,37.0,MALE,mexico,2023-08-14,2025-03-08,6.0,,21.0,Electronics,Paid Ads,Yes,2.0,Desktop,Debit Card
949,Gabriela Flores,gabriela.flores@hotmail.com,55.0,Male,Colombia,2023-04-24,2023-07-10,6.0,102.16,17.03,Beauty, Email ,Yes,1.0,Desktop,Credit Card
1380,Camila Sanchez,camila.sanchez@yahoo.com,39.0,F,Peru,2023-08-03,2025-02-25,9.0,145.48,16.16,sports,Paid Ads,No,,Mobile,Cash on Delivery
153,Gabriela Jimenez,gabriela.jimenez@outlook.com,,Femenino,MEXICO,2022-02-01,2023-10-27,5.0,156.15,31.23,Clothing,Organic Search,Yes,2.0,Mobile,Debit Card
353,Jose Cruz,jose.cruz@yahoo.com,50.0,Other,U.S.A,2024-04-16,2025-03-06,4.0,73.38,18.34,Beauty,Paid Ads,No,2.0,Tablet,Debit Card
894,Jorge Ortiz,jorge.ortiz@gmail.com,48.0,M,Colombia,2023-09-14,2024-05-27,4.0,757.14,189.28,Beauty,SOCIAL MEDIA,Yes,2.0,Tablet,Credit Card
1532,Ana Rodriguez,ana.rodriguez@outlook.com,50.0,male,mexico,2024-03-06,2024-11-09,12.0,346.78,28.9,Books,Paid Ads,No,4.0,Desktop,Cash on Delivery
1727,Gabriela Martinez,,27.0,Femenino,U.S.A,2022-09-21,2023-11-15,4.0,475.04,118.76,clothing,Organic Search,No,4.0,Tablet,Debit Card
1204,Ricardo Martinez,ricardo.martinez@yahoo.com,55.0, Male,Mexico,2024-01-08,2024-07-13,6.0,90.68,15.11,Beauty,Referral,No,2.0,Tablet,Credit Card
120,Maria Cruz,maria.cruz@gmail.com,27.0,FEMALE,Mexico,2023-03-04,2024-10-26,10.0,48.5,4.85,Clothing,Social Media,No,4.0,Tablet,Debit Card
1334,Fernanda Reyes,fernanda.reyes@outlook.com,28.0,FEMALE, Mexico,2023-10-20,2024-02-18,8.0,156.63,19.58,books,Referral,Yes,5.0,Desktop,Cash on Delivery
1874,Gabriela Torres,gabriela.torres@hotmail.com,,Other,Peru,2022-09-20,2023-11-20,3.0,352.78,117.59,BOOKS,paid ads,No,3.0,Desktop,Cash on Delivery
938,Maria Cruz,maria.cruz@yahoo.com,38.0,other,spain,2022-01-29,2022-02-11,4.0,236.25,59.06,ELECTRONICS,ORGANIC SEARCH,No,4.0,Mobile,Cash on Delivery
1605,Maria Ortiz,maria.ortiz@yahoo.com,42.0,Female,Argentina,2024-04-27,2024-10-14,4.0,223.95,55.99,Books,Referral,No,2.0,Tablet,Credit Card
1218,Daniela Ramirez,daniela.ramirez@yahoo.com,33.0,MALE,mexico,2022-08-26,2024-07-20,3.0,154.19,51.4,Sports,Paid Ads,No,3.0,Desktop,Cash on Delivery
543,Carlos Gutierrez,carlos.gutierrez@outlook.com,45.0,MALE,Peru,2023-11-04,2024-11-03,5.0,232.47,46.49,Clothing,REFERRAL,Yes,3.0,Mobile,Debit Card
1690,Luis Hernandez,luis.hernandez@gmail.com,39.0,F, Mexico,2023-09-16,2023-10-01,3.0,197.44,65.81,clothing,Social Media,Yes,,Tablet,PayPal
202,Gabriela Garcia,gabriela.garcia@yahoo.com,32.0,Male,chile,2023-02-28,2023-10-31,5.0,386.13,77.23,ELECTRONICS,Social Media,Yes,5.0,Desktop,Credit Card
1418,Valentina Jimenez,valentina.jimenez@gmail.com,36.0,female,Colombia,2023-10-26,2024-03-24,10.0,34.84,3.48, Electronics ,Referral,Yes,3.0,Desktop,PayPal
65,Valentina Rivera,valentina.rivera@outlook.com,66.0,Male,Mexico,2023-05-09,2024-05-25,2.0,244.06,122.03,Sports,Paid Ads,Yes,3.0,Tablet,Cash on Delivery
1631,Andres Torres,andres.torres@hotmail.com,35.0,M,mexico,2022-03-23,2023-09-15,9.0,197.0,21.89,HOME,ORGANIC SEARCH,Yes,4.0,Tablet,Credit Card
179,Gabriela Gomez,gabriela.gomez@hotmail.com,53.0,M,us,2022-02-17,2023-10-29,3.0,22.61,7.54,BEAUTY,Email,Yes,5.0,Mobile,PayPal
741,Fernanda Hernandez,fernanda.hernandez@hotmail.com,15.0,Female,Argentina,2022-09-14,2024-07-26,7.0,,21.6,electronics,Paid Ads,Yes,4.0,Mobile,Cash on Delivery
1474,Sofia Jimenez,sofia.jimenez@gmail.com,32.0,Female,mexico,2022-08-02,2024-05-19,6.0,209.07,34.84,Beauty,Email,No,4.0,Desktop,Credit Card
1123,Jose Torres,jose.torres@yahoo.com,43.0,Femenino,Spain,2022-05-17,2022-06-17,7.0,350.53,50.08,Electronics,Social Media,Yes,5.0,Desktop,Credit Card
867,Fernanda Perez,fernanda.perez@hotmail.com,37.0,Femenino,USA,2022-03-16,2022-09-19,2.0,189.57,94.78,Electronics,Email,Yes,1.0,Desktop,Credit Card
1460,Camila Sanchez,camila.sanchez@outlook.com,25.0,other,spain,2022-07-21,2023-01-11,4.0,109.85,27.46,Clothing,referral,Yes,4.0,Tablet,Debit Card
593,Sofia Flores,sofia.flores@gmail.com,57.0,MALE,Colombia,2022-02-27,2023-01-07,7.0,129.64,18.52,books,Organic Search,No,1.0,Mobile,Cash on Delivery
864,Ricardo Gomez,ricardo.gomez@yahoo.com,18.0,MALE,Argentina,2022-08-15,2023-11-02,9.0,200.68,22.3,Clothing,ORGANIC SEARCH,No,2.0,Tablet,Credit Card
339,Sofia Garcia,sofia.garcia@yahoo.com,34.0,M,brazil,2022-01-05,2023-08-07,9.0,234.15,26.02,Sports,Paid Ads,No,4.0,Desktop,Debit Card
858,Luis Morales,luis.morales@yahoo.com,32.0,Male,MEXICO,2024-06-18,2025-12-27,5.0,39.45,7.89,Home,Organic Search,No,2.0,Mobile,PayPal
1787,Carlos Hernandez,carlos.hernandez@yahoo.com,40.0,Male,Spain,2023-08-10,2024-10-11,10.0,325.33,32.53,Beauty,PAID ADS,Yes,1.0,Desktop,Credit Card
361,Fernanda Gomez,fernanda.gomez@gmail.com,45.0,female,Spain,2023-11-21,,3.0,204.41,68.14,Home,Paid Ads,Yes,4.0,Tablet,Cash on Delivery
1414,Ricardo Rodriguez,ricardo.rodriguez@outlook.com,,Femenino,Spain,2024-03-05,2024-07-12,5.0,175.0,35.0,Electronics,PAID ADS,No,1.0,Mobile,Cash on Delivery
990,Ricardo Ramirez,ricardo.ramirez@outlook.com,25.0,Male,brazil,2023-04-18,2024-05-11,8.0,320.42,40.05,home,paid ads,No,1.0,Desktop,Cash on Delivery
862,Gabriela Ortiz,gabriela.ortiz@outlook.com,20.0,OTHER,,2023-11-05,2024-05-06,3.0,105.38,35.13,Home,EMAIL,Yes,4.0,Desktop,Credit Card
588,Luis Perez,luis.perez@hotmail.com,29.0,Femenino,Argentina,2024-01-21,2025-02-19,3.0,73.87,24.62,Clothing,Organic Search,No,2.0,Mobile,PayPal
1805,Maria Garcia,maria.garcia@hotmail.com,49.0,M,Mexico,2022-06-23,2022-08-28,4.0,485.09,121.27,SPORTS,email,No,,Tablet,Cash on Delivery
1800,Camila Rodriguez,camila.rodriguez@hotmail.com,65.0,F,us,2023-03-14,2024-08-24,8.0,320.87,40.11,Electronics,Organic Search,Yes,5.0,Mobile,PayPal
1118,Andres Gomez,andres.gomez@hotmail.com,49.0,Femenino,us,2023-07-24,2025-03-30,10.0,119.05,11.9,Clothing,Social Media,No,3.0,Mobile,Credit Card
1671,Ricardo Martinez,ricardo.martinez@hotmail.com,45.0,Female,United States ,2022-01-20,2023-07-11,11.0,314.96,28.63,Sports,social media,No,1.0,Mobile,Debit Card
1116,Diego Torres,diego.torres@hotmail.com,36.0,M,spain,2023-09-18,2024-02-01,5.0,101.25,20.25,Sports,Referral,Yes,2.0,Desktop,PayPal
98,Javier Jimenez,javier.jimenez@gmail.com,37.0,FEMALE,Mexico,2023-03-09,2024-12-23,5.0,932.79,186.56,Sports,Referral,No,4.0,Mobile,Debit Card
284,Diego Morales,diego.morales@hotmail.com,22.0,F,colombia,2022-05-12,2024-02-15,10.0,470.58,47.06,Electronics,Paid Ads,Yes,1.0,Mobile,Debit Card
678,Luis Jimenez,luis.jimenez@yahoo.com,46.0,M,chile,2023-05-13,2024-06-19,2.0,140.62,70.31,sports, Referral ,No,1.0,Desktop,Cash on Delivery
904,Pablo Gomez,pablo.gomez@yahoo.com,45.0,M,Mexico,2023-07-17,2024-12-27,4.0,144.34,36.08,Home,PAID ADS,Yes,3.0,Tablet,PayPal
1871,Ana Garcia,ana.garcia@outlook.com,50.0,male,mexico,2023-05-18,2024-02-21,7.0,371.53,53.08,Electronics, Referral ,No,3.0,Tablet,PayPal
1687,Valentina Martinez,valentina.martinez@outlook.com,45.0,M,COLOMBIA,2024-05-15,2024-12-17,6.0,,40.3,Clothing,EMAIL,No,,Desktop,Cash on Delivery
935,Valentina Reyes,valentina.reyes@hotmail.com,58.0,F,Peru,2024-01-30,2025-04-12,4.0,159.64,39.91,Beauty,Paid Ads,Yes,4.0,Desktop,PayPal
1459,Jose Reyes,jose.reyes@yahoo.com,53.0,Femenino,Mexico,2023-10-15,2025-09-08,4.0,24.36,6.09,Clothing,REFERRAL,No,2.0,Desktop,PayPal
443,Maria Garcia,maria.garcia@yahoo.com,31.0,male,Brasil,2022-01-17,2022-08-19,8.0,169.99,21.25,beauty,Organic Search,Yes,4.0,Desktop,Credit Card
1872,Sofia Martinez,sofia.martinez@hotmail.com,32.0,Male,Mexico,2022-10-29,2024-07-17,3.0,502.92,167.64,Sports,Organic Search,Yes,1.0,Mobile,PayPal
164,Valentina Ortiz,valentina.ortiz@gmail.com,54.0,FEMALE,Mexico,2023-09-18,2024-02-12,9.0,28.55,3.17,books,REFERRAL,No,5.0,Tablet,Debit Card
456,Andres Torres,andres.torres@gmail.com,,Femenino,Colombia,2024-06-11,2026-01-22,4.0,148.05,37.01,CLOTHING,organic search,No,4.0,Desktop,Debit Card
747,Camila Lopez,camila.lopez@outlook.com,39.0,M,U.S.A,2022-08-07,2023-10-05,4.0,192.99,48.25,electronics,Organic Search,Yes,5.0,Desktop,Cash on Delivery
425,Valentina Perez,valentina.perez@hotmail.com,32.0,male,Colombia,2022-07-14,2022-09-24,7.0,184.53,26.36,Home,Referral,Yes,2.0,Mobile,Debit Card
1993,Jose Martinez,jose.martinez@outlook.com,51.0,M,USA,2023-03-18,2024-06-29,5.0,124.16,24.83,Beauty,Paid Ads,No,2.0,Mobile,Debit Card
1531,Luis Sanchez,luis.sanchez@yahoo.com,31.0,female,United States,2022-03-27,2023-08-02,5.0,195.39,39.08,electronics,Organic Search,Yes,2.0,Desktop,Credit Card
1055,Luis Morales,luis.morales@gmail.com,43.0,female,USA,2022-07-20,2024-03-22,5.0,852.9,170.58,Sports,organic search,No,4.0,Tablet,PayPal
1164,Camila Perez,camila.perez@outlook.com,45.0,Femenino,Spain,2022-01-22,2022-03-13,13.0,195.77,15.06, Beauty ,Referral,No,3.0,Mobile,Debit Card
1302,Valentina Gonzalez,valentina.gonzalez@outlook.com,53.0,Femenino,USA,2022-10-04,2023-02-07,6.0,53.61,8.94,Sports,Email,No,1.0,Desktop,Cash on Delivery
966,Andres Rivera,andres.rivera@gmail.com,30.0,F,peru,2024-02-11,2025-06-07,4.0,60.87,15.22,Clothing,Referral,No,3.0,Tablet,PayPal
133,Luis Flores,luis.flores@yahoo.com,38.0,M,mexico,2023-06-25,2023-07-07,8.0,32.33,4.04,beauty,Referral,No,2.0,Tablet,PayPal
832,Sofia Morales,sofia.morales@gmail.com,37.0, Male,MEXICO,2022-07-23,2023-01-17,3.0,20.59,6.86,Books,Email,No,4.0,Mobile,Debit Card
585,Valentina Sanchez,valentina.sanchez@yahoo.com,37.0,F,MEXICO,2022-01-01,2022-11-24,5.0,71.25,14.25,Books,Email,No,2.0,Mobile,Credit Card
954,Valentina Ramirez,valentina.ramirez@gmail.com,26.0,Femenino,chile,2023-05-03,2024-08-31,3.0,,8.91,Clothing,Social Media,No,3.0,Mobile,Credit Card
144,Valentina Gomez,valentina.gomez@hotmail.com,38.0,FEMALE, Mexico,2024-05-12,2024-12-09,9.0,30.07,3.34,Electronics,Email,No,1.0,Desktop,Debit Card
1129,Andres Flores,andres.flores@yahoo.com,51.0,Female,argentina,2022-05-08,2023-04-04,11.0,863.57,78.51,Beauty,Email,No,5.0,Desktop,Credit Card
1416,Ricardo Ramirez,ricardo.ramirez@gmail.com,43.0,male,Chile,2022-02-03,2023-05-29,10.0,137.59,13.76,Clothing,paid ads,Yes,4.0,Tablet,Cash on Delivery
1826,Gabriela Ortiz,gabriela.ortiz@yahoo.com,26.0,F,Mexico,2022-12-03,2023-11-27,3.0,147.77,49.26,Sports,Social Media,No,5.0,Mobile,PayPal
1664,Andres Gutierrez,andres.gutierrez@hotmail.com,34.0,Male,argentina,2024-02-19,2024-07-28,11.0,202.8,18.44,Beauty,REFERRAL,Yes,3.0,Mobile,Credit Card
1475,Jorge Gonzalez,jorge.gonzalez@gmail.com,41.0,Femenino,United States,2024-01-21,2024-08-03,8.0,90.58,11.32,Home,Email,No,1.0,Desktop,PayPal
1352,Miguel Ortiz,miguel.ortiz@yahoo.com,33.0,Femenino,Espana,2024-04-25,2026-01-12,5.0,129.74,25.95,Home,Referral,No,1.0,Mobile,Credit Card
381,Ana Hernandez,ana.hernandez@outlook.com,,MALE,Espana,2024-05-16,2024-10-05,5.0,,21.41,home,Organic Search,Yes,1.0,Tablet,Debit Card
1420,Diego Gonzalez,diego.gonzalez@yahoo.com,39.0, Male,COLOMBIA,2022-09-20,2024-04-18,12.0,358.91,29.91,Home,Referral,Yes,2.0,Desktop,Cash on Delivery
315,Sofia Lopez,,22.0,Femenino,Argentina,2023-11-29,2024-11-08,9.0,588.77,65.42,Home,SOCIAL MEDIA,Yes,2.0,Tablet,Credit Card
1785,Daniela Gutierrez,daniela.gutierrez@yahoo.com,34.0, Male,brazil,2023-11-06,2025-02-03,3.0,103.52,34.51,beauty,Email,No,3.0,Tablet,Credit Card
360,Daniela Lopez,daniela.lopez@outlook.com,32.0,Femenino, Mexico,2024-03-29,2024-10-07,6.0,169.03,28.17,Clothing,email,No,2.0,Tablet,PayPal
1384,Pablo Ortiz,pablo.ortiz@hotmail.com,45.0,F,Mexico,2023-12-15,2024-12-10,4.0,213.29,53.32,Home,PAID ADS,Yes,2.0,Desktop,Cash on Delivery
842,Javier Cruz,javier.cruz@gmail.com,51.0,female,argentina,2022-11-25,2023-08-30,7.0,53.01,7.57,Books,Email,No,4.0,Tablet,Debit Card
1977,Gabriela Gomez,gabriela.gomez@outlook.com,37.0,MALE,MEXICO,2022-11-02,2022-11-27,5.0,50.35,10.07, Books ,Paid Ads,No,4.0,Mobile,Debit Card
1103,Gabriela Garcia,gabriela.garcia@gmail.com,40.0,Femenino,United States,2023-05-28,2024-09-05,4.0,100.42,25.1,books,paid ads,Yes,2.0,Desktop,PayPal
1142,Laura Ramirez,laura.ramirez@gmail.com,23.0,female,United States,2023-12-08,2024-11-19,6.0,177.3,29.55,Books,PAID ADS,No,3.0,Desktop,PayPal
613,Ricardo Hernandez,ricardo.hernandez@outlook.com,30.0,Female,mexico,2023-10-28,2024-08-26,6.0,87.67,14.61,Clothing,Organic Search,No,5.0,Mobile,Debit Card
1089,Javier Lopez,javier.lopez@gmail.com,42.0, Male,Mexico,2023-09-09,2023-10-31,8.0,378.55,47.32,Books,Organic Search,No,5.0,Desktop,Credit Card
1158,Pablo Gutierrez,pablo.gutierrez@gmail.com,65.0,other,spain,2022-07-28,2024-06-19,9.0,99.7,11.08,Books,Paid Ads,No,1.0,Mobile,Credit Card
1968,Diego Lopez,diego.lopez@yahoo.com,13.0,other,Brazil,2023-07-15,2024-05-28,6.0,104.83,17.47,Home,Paid Ads,No,1.0,Desktop,Credit Card
730,Javier Torres,javier.torres@yahoo.com,33.0,MALE,chile,2023-04-20,2023-05-02,5.0,39.5,7.9,Sports,Email,No,4.0,Tablet,Credit Card
688,Andres Rivera,andres.rivera@hotmail.com,42.0,male,Colombia,2024-02-17,2024-11-20,11.0,771.34,70.12,Clothing,PAID ADS,No,4.0,Desktop,Cash on Delivery
8,Javier Hernandez,,58.0,M,Mexico,2024-06-14,2025-03-12,7.0,124.59,17.8,Home,organic search,No,2.0,Mobile,PayPal
1731,Ricardo Cruz,ricardo.cruz@outlook.com,30.0,FEMALE,COLOMBIA,2023-12-10,2024-02-19,5.0,50.6,10.12,Books,Referral,No,3.0,Mobile,PayPal
826,Luis Reyes,luis.reyes@hotmail.com,,OTHER, Mexico,2022-07-01,,7.0,128.21,18.32,Home,social media,No,4.0,Mobile,Credit Card
1662,Paula Torres,paula.torres@gmail.com,47.0,M,argentina,2022-07-22,2024-04-08,9.0,144.31,16.03,Beauty,Referral,Yes,1.0,Mobile,PayPal
952,Laura Flores,laura.flores@gmail.com,29.0,FEMALE,USA,2022-08-25,2023-08-16,8.0,228.32,28.54,Sports,Social Media,Yes,4.0,Tablet,Cash on Delivery
880,Paula Gutierrez,paula.gutierrez@outlook.com,32.0,male,mexico,2023-06-16,2024-04-18,6.0,158.32,26.39,BEAUTY,Social Media,No,1.0,Desktop,Cash on Delivery
1333,Valentina Lopez,valentina.lopez@hotmail.com,32.0,Other,Mexico,2022-02-24,2022-02-26,4.0,329.85,82.46,books,Organic Search,Yes,2.0,Mobile,Cash on Delivery
239,Laura Torres,laura.torres@outlook.com,46.0,Femenino,Chile,2022-08-26,2024-07-01,4.0,62.06,15.52,Electronics,Social Media,Yes,,Tablet,PayPal
79,Andres Gonzalez,andres.gonzalez@gmail.com,34.0, Male, Mexico,2024-05-05,2025-05-18,7.0,45.65,6.52,beauty,Email,Yes,3.0,Mobile,PayPal
1660,Jose Torres,jose.torres@yahoo.com,41.0,F,Colombia,2022-11-08,2024-07-02,0.0,471.68,471.68,Beauty,Organic Search,No,2.0,Desktop,PayPal
1041,Daniela Sanchez,daniela.sanchez@hotmail.com,58.0,MALE,Brazil,2023-11-02,2025-02-03,2.0,54.65,27.32,Electronics,Social Media,Yes,4.0,Tablet,Credit Card
1862,Jose Gomez,jose.gomez@yahoo.com,52.0, Male,Chile,2023-07-01,2024-11-10,10.0,76.11,7.61,beauty,Referral,No,3.0,Desktop,Debit Card
117,Ana Gutierrez,ana.gutierrez@gmail.com,55.0,F,Espana,2023-10-27,2025-05-18,7.0,113.42,16.2,Home,Paid Ads,No,5.0,Desktop,Debit Card
324,Gabriela Diaz,gabriela.diaz@hotmail.com,30.0,OTHER,Spain,2023-11-01,2024-11-28,8.0,307.81,38.48,Clothing,Paid Ads,No,2.0,Tablet,Cash on Delivery
1236,Laura Rivera,laura.rivera@outlook.com,37.0, Male,chile,2024-05-19,2025-11-26,3.0,108.91,36.3, Books ,social media,No,1.0,Mobile,PayPal
440,Miguel Rodriguez,miguel.rodriguez@hotmail.com,20.0,male,Mexico,2023-07-14,2024-03-17,6.0,18.96,3.16,Clothing,EMAIL,Yes,5.0,Mobile,Cash on Delivery
549,Camila Torres,camila.torres@yahoo.com,49.0,Femenino,Chile,2023-04-08,2024-02-27,4.0,145.96,36.49,SPORTS,Paid Ads,No,2.0,Desktop,Credit Card
174,Daniela Morales,daniela.morales@hotmail.com,47.0,Male,MEXICO,2023-01-27,2023-02-01,12.0,98.78,8.23, Sports ,referral,Yes,1.0,Desktop,Cash on Delivery
1694,Miguel Perez,miguel.perez@gmail.com,32.0,Femenino,U.S.A,2022-07-22,2022-11-12,4.0,74.93,18.73,Beauty,Social Media,No,3.0,Desktop,Debit Card
1497,Andres Martinez,andres.martinez@outlook.com,20.0,female,Chile,2022-06-09,2022-08-05,7.0,232.16,33.17,beauty,Referral,No,5.0,Desktop,Cash on Delivery
1592,Laura Gonzalez,laura.gonzalez@yahoo.com,50.0,Male,Mexico,2022-02-02,2023-01-22,5.0,139.15,27.83,Sports,EMAIL,No,,Tablet,Credit Card
1117,Jorge Gomez,jorge.gomez@hotmail.com,39.0,OTHER,Brazil,2024-03-02,2024-07-09,6.0,103.51,17.25,Sports,REFERRAL,No,1.0,Mobile,Credit Card
1734,Pablo Ortiz,pablo.ortiz@hotmail.com,54.0,FEMALE,Spain,2022-07-04,2023-07-07,9.0,10.9,1.21,Electronics,Paid Ads,No,3.0,Tablet,Debit Card
985,Andres Cruz,,30.0,Male,mexico,2022-09-21,,11.0,329.6,29.96,Home,Referral,No,2.0,Desktop,Debit Card
1456,Luis Jimenez,luis.jimenez@gmail.com,18.0,female,COLOMBIA,2023-04-11,2024-06-19,9.0,49.76,5.53,electronics,Referral,Yes,2.0,Desktop,Cash on Delivery
415,Ana Sanchez,ana.sanchez@hotmail.com,40.0,F,United States,2023-01-28,2023-04-15,6.0,92.8,15.47,Books, Social Media ,No,1.0,Mobile,Debit Card
1225,Valentina Gomez,valentina.gomez@yahoo.com,54.0,Femenino,Spain,2022-08-29,2023-09-07,5.0,39.62,7.92, Sports ,paid ads,Yes,3.0,Tablet,PayPal
1428,Gabriela Jimenez,gabriela.jimenez@gmail.com,42.0,M,United States,2023-08-10,2024-06-05,9.0,96.22,10.69,CLOTHING,social media,No,4.0,Tablet,Cash on Delivery
807,Camila Gonzalez,camila.gonzalez@hotmail.com,32.0,Femenino,COLOMBIA,2022-02-02,2022-11-15,8.0,65.1,8.14,Sports,email,No,1.0,Desktop,PayPal
165,Valentina Gutierrez,valentina.gutierrez@yahoo.com,30.0,male,mexico,2022-04-09,2022-11-14,9.0,184.41,20.49,Home,social media,No,2.0,Desktop,Credit Card
1154,Gabriela Morales,gabriela.morales@yahoo.com,28.0, Male,Mexico,2023-12-12,2024-04-05,5.0,524.41,104.88,SPORTS,Social Media,Yes,4.0,Tablet,PayPal
1316,Jose Reyes,,30.0, Male,spain,2022-12-30,2023-10-30,6.0,58.67,9.78,Electronics,Referral,Yes,5.0,Tablet,Cash on Delivery
1630,Maria Reyes,maria.reyes@gmail.com,42.0,F,Argentina,2022-05-30,2023-09-28,4.0,248.31,62.08,Home,Organic Search,Yes,4.0,Tablet,PayPal
973,Diego Rivera,diego.rivera@outlook.com,67.0,M, Mexico,2022-05-29,2023-05-28,5.0,322.53,64.51,Beauty,Paid Ads,No,0.0,Tablet,PayPal
1763,Ana Rivera,ana.rivera@gmail.com,42.0,FEMALE,COLOMBIA,2022-04-12,2024-01-01,6.0,2706.45,451.08,CLOTHING,Organic Search,No,5.0,Mobile,Debit Card
1722,Daniela Rivera,daniela.rivera@hotmail.com,40.0, Male,us,2022-10-22,2024-08-04,5.0,212.55,42.51,Electronics,email,Yes,2.0,Tablet,Credit Card
387,Luis Gutierrez,luis.gutierrez@hotmail.com,47.0,Femenino,Mexico,2024-05-04,2025-12-13,4.0,132.47,33.12,sports,Organic Search,No,5.0,Desktop,Debit Card
1137,Daniela Rivera,,11.0,Femenino,Argentina,2022-12-18,2024-02-07,0.0,31.59,31.59,SPORTS,Referral,No,1.0,Mobile,Cash on Delivery
123,Javier Rivera,javier.rivera@outlook.com,24.0,M,Mexico,2022-12-31,2022-12-31,4.0,238.54,59.64,Clothing,Referral,Yes,4.0,Mobile,Debit Card
96,Jose Morales,jose.morales@yahoo.com,28.0,F, Mexico,2023-04-14,2024-10-04,9.0,79.69,8.85,Clothing,Social Media,No,5.0,Mobile,PayPal
1422,Jorge Morales,jorge.morales@outlook.com,26.0,M,Mexico,2023-02-12,2024-05-02,8.0,152.69,19.09,Books,email,Yes,5.0,Tablet,Credit Card
46,Jorge Gutierrez,jorge.gutierrez@gmail.com,31.0,male,Chile,2024-01-07,2025-01-30,5.0,354.13,70.83,Electronics,Referral,No,4.0,Desktop,Cash on Delivery
1767,Camila Diaz,camila.diaz@hotmail.com,38.0,Male,Colombia,2022-01-10,2023-03-24,8.0,195.51,24.44,Beauty,Social Media,Yes,3.0,Desktop,PayPal
1596,Carlos Gonzalez,carlos.gonzalez@hotmail.com,30.0,female,Mexico,2023-09-21,2024-07-11,3.0,384.73,128.24,beauty,referral,No,2.0,Tablet,Credit Card
996,Paula Gomez,paula.gomez@gmail.com,21.0,Female,USA,2022-04-14,2022-09-11,10.0,228.1,22.81,BEAUTY,Organic Search,No,3.0,Tablet,PayPal
383,Gabriela Ortiz,,48.0,Male,Argentina,2022-06-19,2023-07-17,10.0,533.1,53.31,beauty,REFERRAL,No,1.0,Desktop,Debit Card
1254,Ricardo Sanchez,ricardo.sanchez@yahoo.com,43.0,F,Argentina,2023-05-31,2024-05-14,6.0,479.56,79.93,Books,Email,No,5.0,Tablet,Debit Card
764,Gabriela Garcia,gabriela.garcia@gmail.com,30.0,FEMALE,mexico,2023-05-16,2025-04-12,8.0,175.87,21.98,Home,Social Media,No,4.0,Mobile,PayPal
1782,Laura Lopez,laura.lopez@gmail.com,31.0,Male, Mexico,2022-10-05,2024-07-22,1.0,525.35,525.35,Sports,Social Media,Yes,1.0,Mobile,PayPal
1393,Jorge Morales,jorge.morales@outlook.com,33.0,MALE,Espana,2022-08-04,2022-09-03,5.0,767.98,153.6,Electronics,EMAIL,No,2.0,Tablet,Cash on Delivery
191,Javier Sanchez,javier.sanchez@hotmail.com,45.0,M,U.S.A,2022-07-15,2023-12-03,8.0,113.1,14.14,Beauty,Social Media,No,2.0,Mobile,Cash on Delivery
1788,Luis Garcia,luis.garcia@yahoo.com,5.0,MALE,brazil,2022-08-05,2024-02-29,7.0,112.53,16.08,electronics,SOCIAL MEDIA,No,2.0,Desktop,PayPal
728,Luis Garcia,luis.garcia@outlook.com,38.0, Male,brazil,2023-10-26,2023-12-23,7.0,68.62,9.8,Sports,Organic Search,No,5.0,Mobile,PayPal
1268,Miguel Diaz,miguel.diaz@yahoo.com,28.0,F,United States,2024-02-16,2025-10-19,4.0,28.15,7.04,Books,Social Media,Yes,2.0,Tablet,Credit Card
1113,Carlos Rodriguez,carlos.rodriguez@outlook.com,36.0,Female,Colombia,2023-08-06,2024-09-24,6.0,$229.23,38.2,Home,organic search,No,1.0,Tablet,PayPal
39,Jose Gutierrez,jose.gutierrez@hotmail.com,37.0,Female, Mexico,2022-04-27,2023-01-14,15.0,,8.21,Home,referral,No,2.0,Tablet,Cash on Delivery
207,Ricardo Martinez,ricardo.martinez@outlook.com,62.0,FEMALE,colombia,2022-05-26,2022-07-20,4.0,361.16,90.29, Electronics ,referral,No,4.0,Desktop,Debit Card
1441,Ricardo Ortiz,ricardo.ortiz@yahoo.com,59.0,Female,Argentina,2023-02-16,2024-07-09,5.0,623.31,124.66,Electronics,Organic Search,Yes,4.0,Mobile,Credit Card
256,Maria Diaz,maria.diaz@hotmail.com,34.0,M,,2022-03-31,2023-05-31,5.0,,33.45,sports,organic search,No,3.0,Tablet,Credit Card
92,Fernanda Perez,fernanda.perez@gmail.com,36.0,female,Argentina,2024-05-23,2024-11-01,8.0,44.55,5.57,books,Social Media,Yes,5.0,Mobile,Cash on Delivery
726,Maria Gomez,maria.gomez@hotmail.com,27.0,Femenino,mexico,2022-12-28,2023-11-23,7.0,111.23,15.89,Clothing,Paid Ads,Yes,3.0,Mobile,Cash on Delivery
698,Andres Ramirez,andres.ramirez@gmail.com,47.0,Male,United States,2023-04-18,2024-04-06,8.0,159.06,19.88,HOME,REFERRAL,No,1.0,Desktop,Debit Card
1673,Jose Rivera,jose.rivera@outlook.com,40.0,Other, Mexico,2022-05-20,2023-10-08,4.0,239.63,59.91,Beauty,Social Media,No,4.0,Tablet,PayPal
1162,Diego Jimenez,diego.jimenez@gmail.com,45.0,M,MEXICO,2023-08-04,2024-10-22,9.0,139.17,15.46,SPORTS,Email,No,2.0,Tablet,Cash on Delivery
1019,Ana Rivera,ana.rivera@outlook.com,67.0,male,MEXICO,2023-02-13,2024-06-28,5.0,259.37,51.87,Sports,Social Media,No,3.0,Desktop,Debit Card
1614,Javier Rodriguez,javier.rodriguez@hotmail.com,6.0,female,United States ,2022-05-18,2023-02-15,4.0,250.37,62.59,BEAUTY,Email,No,2.0,Desktop,PayPal
1799,Diego Garcia,diego.garcia@yahoo.com,,MALE,Spain,2024-01-16,2025-01-14,4.0,58.21,14.55, Clothing ,EMAIL,No,5.0,Tablet,Debit Card
1581,Jose Jimenez,jose.jimenez@yahoo.com,29.0, Male,argentina,2023-04-12,2023-04-19,3.0,83.42,27.81,Beauty,Email,No,5.0,Mobile,PayPal
371,Laura Garcia,laura.garcia@yahoo.com,50.0,FEMALE,Peru,2023-08-16,2024-12-24,7.0,49.47,7.07,Books,Email,No,3.0,Tablet,Credit Card
1904,Sofia Garcia,sofia.garcia@outlook.com,,FEMALE,colombia,2022-05-22,2022-08-13,3.0,209.71,69.9,BEAUTY,Organic Search,Yes,2.0,Tablet,Cash on Delivery
1975,Andres Rodriguez,andres.rodriguez@outlook.com,26.0,M,COLOMBIA,2022-07-04,2023-01-27,7.0,139.57,19.94,BEAUTY,Organic Search,Yes,2.0,Mobile,Cash on Delivery
586,Gabriela Rivera,gabriela.rivera@yahoo.com,38.0, Male,Colombia,2022-12-26,2024-01-11,5.0,204.57,40.91,Sports,Social Media,No,2.0,Desktop,Cash on Delivery
1723,Javier Morales,javier.morales@yahoo.com,37.0,MALE,United States ,2023-02-17,2023-05-11,5.0,357.16,71.43,BEAUTY,Organic Search,No,2.0,Desktop,Debit Card
553,Fernanda Lopez,fernanda.lopez@gmail.com,-5.0,F,mexico,2022-02-12,2023-07-28,6.0,349.54,58.26,HOME,Referral,Yes,3.0,Mobile,Credit Card
592,Gabriela Sanchez,gabriela.sanchez@gmail.com,27.0, Male,Mexico,2022-01-21,2023-08-23,5.0,47.55,9.51,Sports,Email,No,,Tablet,Debit Card
627,Laura Gutierrez,laura.gutierrez@gmail.com,28.0,other,Chile,2023-01-02,2023-09-13,9.0,53.07,5.9,Home,REFERRAL,Yes,,Mobile,Credit Card
655,Andres Jimenez,andres.jimenez@gmail.com,40.0,MALE,Mexico,2022-11-19,2023-10-31,7.0,314.37,44.91,BEAUTY,Paid Ads,No,,Mobile,PayPal
986,Javier Gomez,javier.gomez@gmail.com,41.0,Femenino,USA,2023-08-31,2024-10-15,10.0,155.71,15.57,Clothing,Referral,No,2.0,Mobile,PayPal
793,Daniela Cruz,daniela.cruz@outlook.com,55.0,F,peru,2022-07-03,2023-07-10,5.0,34.56,6.91,Beauty,ORGANIC SEARCH,No,5.0,Tablet,PayPal
424,Andres Reyes,andres.reyes@hotmail.com,31.0,Male,us,2023-10-06,2024-07-29,8.0,222.46,27.81,Clothing,Organic Search,No,3.0,Desktop,Debit Card
348,Gabriela Morales,gabriela.morales@gmail.com,59.0,M, Mexico,2023-11-29,2024-01-19,5.0,27.86,5.57,Beauty,PAID ADS,No,4.0,Mobile,Cash on Delivery
903,Sofia Jimenez,sofia.jimenez@yahoo.com,41.0, Male,USA,2024-02-15,2025-02-10,1.0,310.31,310.31,HOME,Referral,No,4.0,Mobile,Credit Card
422,Javier Morales,javier.morales@outlook.com,34.0,Femenino,,2022-05-16,2022-12-12,9.0,125.32,13.92,Clothing,referral,No,3.0,Desktop,PayPal
522,Maria Garcia,maria.garcia@yahoo.com,56.0,other,mexico,2022-06-04,2023-10-15,6.0,145.88,24.31,Beauty,Email,No,5.0,Tablet,Credit Card
1043,Valentina Perez,valentina.perez@hotmail.com,,male, Mexico,2022-03-22,2023-04-14,6.0,692.12,115.35,Beauty,paid ads,No,2.0,Desktop,Debit Card
1610,Maria Diaz,maria.diaz@gmail.com,16.0,F,argentina,2023-04-12,2024-07-27,8.0,85.97,10.75,HOME, Social Media ,Yes,4.0,Tablet,Debit Card
1679,Gabriela Flores,gabriela.flores@yahoo.com,62.0,M,chile,2023-08-26,2023-10-21,7.0,66.42,9.49,Electronics,SOCIAL MEDIA,Yes,1.0,Tablet,PayPal
1603,Fernanda Hernandez,fernanda.hernandez@gmail.com,42.0, Male,colombia,2023-04-24,2023-09-25,9.0,80.91,8.99,books,Social Media,Yes,4.0,Tablet,Credit Card
991,Laura Torres,laura.torres@yahoo.com,46.0,Femenino,U.S.A,2023-04-07,2024-04-25,11.0,340.47,30.95,BOOKS,Social Media,Yes,2.0,Mobile,PayPal
443,Maria Garcia,maria.garcia@yahoo.com,31.0,male,Brasil,2022-01-17,2022-08-19,8.0,169.99,21.25,beauty,Organic Search,Yes,4.0,Desktop,Credit Card
297,Fernanda Hernandez,fernanda.hernandez@hotmail.com,21.0,male,Peru,2023-11-02,2024-04-12,8.0,121.48,15.18,BOOKS,Social Media,No,4.0,Mobile,Credit Card
1859,Camila Perez,camila.perez@hotmail.com,1.0,F,Colombia,2022-11-28,2024-04-14,5.0,64.15,12.83,SPORTS,Paid Ads,No,4.0,Mobile,PayPal
116,Andres Lopez,andres.lopez@hotmail.com,49.0,MALE,Mexico,2022-11-25,2023-06-21,2.0,267.53,133.76,Sports,Social Media,Yes,1.0,Tablet,Credit Card
1132,Javier Torres,javier.torres@hotmail.com,40.0,Femenino,Espana,2023-10-15,2025-04-11,3.0,99.13,33.04,Clothing,Email,No,4.0,Tablet,Cash on Delivery
1971,Fernanda Torres,fernanda.torres@yahoo.com,40.0,Femenino,Mexico,2022-10-13,2023-07-22,8.0,32.97,4.12,Clothing,Email,Yes,1.0,Tablet,Credit Card
1748,Miguel Gutierrez,miguel.gutierrez@gmail.com,57.0,MALE,Colombia,2022-01-31,2023-11-05,4.0,275.04,68.76,CLOTHING,SOCIAL MEDIA,No,5.0,Desktop,Debit Card
469,Carlos Garcia,carlos.garcia@outlook.com,48.0,MALE,United States ,2024-05-14,2024-11-29,6.0,111.1,18.52,Beauty,Email,Yes,,Mobile,PayPal
689,Valentina Gomez,valentina.gomez@gmail.com,30.0,Femenino,Argentina,2022-01-11,2023-03-12,4.0,158.67,39.67,clothing,EMAIL,No,1.0,Mobile,PayPal
280,Luis Diaz,,46.0,female,Mexico,2022-08-21,2023-07-17,5.0,185.99,37.2,Books,Email,No,2.0,Desktop,Credit Card
451,Jorge Reyes,jorge.reyes@outlook.com,30.0,FEMALE,Chile,2024-06-03,2026-01-05,10.0,392.23,39.22,Home,organic search,No,,Desktop,PayPal
847,Carlos Jimenez,carlos.jimenez@outlook.com,15.0,Male,argentina,2024-03-11,2025-01-18,6.0,319.49,53.25,Sports,Email,No,2.0,Desktop,Cash on Delivery
540,Ana Torres,ana.torres@outlook.com,51.0,Femenino,mexico,2023-09-03,2024-10-13,4.0,519.74,129.94,Books,Organic Search,Yes,4.0,Tablet,Cash on Delivery
1495,Valentina Ortiz,valentina.ortiz@outlook.com,21.0,FEMALE,Spain,2023-05-02,2024-11-14,9.0,30.27,3.36,Books,Paid Ads,Yes,3.0,Tablet,PayPal
1853,Diego Martinez,diego.martinez@hotmail.com,19.0,M,Espana,2023-01-12,2023-03-01,8.0,319.04,39.88, Electronics ,Social Media,Yes,2.0,Mobile,Credit Card
1141,Pablo Torres,pablo.torres@hotmail.com,55.0,Female,,2023-11-05,2025-09-25,6.0,355.83,59.3,Books,Referral,No,4.0,Desktop,Credit Card
515,Jorge Martinez,jorge.martinez@outlook.com,50.0,female,Mexico,2023-08-27,2024-06-26,8.0,54.27,6.78,Electronics,Organic Search,No,4.0,Tablet,Cash on Delivery
483,Jose Hernandez,jose.hernandez@outlook.com,39.0,Femenino,MEXICO,2023-04-24,2024-02-18,7.0,161.3,23.04,SPORTS,REFERRAL,No,3.0,Desktop,Credit Card
575,Ana Morales,ana.morales@yahoo.com,43.0,MALE,Mexico,2024-02-01,2024-12-27,8.0,445.39,55.67,Books,email,Yes,1.0,Desktop,Debit Card
1207,Camila Gutierrez,camila.gutierrez@yahoo.com,42.0,Male,Chile,2023-02-17,2023-05-22,8.0,71.32,8.91,Home,Organic Search,No,4.0,Tablet,Cash on Delivery
1837,Gabriela Hernandez,gabriela.hernandez@outlook.com,57.0,FEMALE,Colombia,2024-03-01,2025-08-24,6.0,165.02,27.5,Electronics,Email,No,1.0,Tablet,Debit Card
882,Pablo Lopez,pablo.lopez@outlook.com,52.0, Male,Colombia,2022-03-15,2023-12-05,10.0,186.3,18.63,Books,Referral,No,5.0,Tablet,Debit Card
1229,Carlos Cruz,carlos.cruz@gmail.com,22.0, Male,us,2022-12-07,2023-02-25,9.0,151.63,16.85,ELECTRONICS,Paid Ads,No,3.0,Desktop,Debit Card
388,Fernanda Gutierrez,fernanda.gutierrez@gmail.com,19.0,Femenino,argentina,2022-11-25,2023-08-24,3.0,172.88,57.63,Sports,EMAIL,No,2.0,Desktop,Debit Card
748,Laura Reyes,laura.reyes@hotmail.com,30.0,Female,Colombia,2023-02-01,2024-08-03,7.0,22.81,3.26,beauty,Paid Ads,No,4.0,Mobile,PayPal
203,Diego Garcia,diego.garcia@hotmail.com,25.0,Male,Colombia,2022-02-14,2022-04-18,6.0,149.3,24.88,Home,Referral,No,3.0,Tablet,Credit Card
503,Jorge Morales,jorge.morales@outlook.com,44.0,male,Mexico,2023-12-06,2024-10-08,9.0,244.54,27.17,BOOKS,Organic Search,No,,Tablet,Cash on Delivery
1961,Fernanda Ortiz,fernanda.ortiz@gmail.com,28.0,OTHER,Mexico,2023-08-15,2023-11-14,6.0,248.63,41.44,Books,Email,No,2.0,Desktop,PayPal
529,Gabriela Rodriguez,gabriela.rodriguez@hotmail.com,21.0, Male,Mexico,2024-05-04,2025-02-07,6.0,84.04,14.01,Books,Organic Search,No,1.0,Desktop,Debit Card
1574,Fernanda Perez,fernanda.perez@yahoo.com,47.0,female,COLOMBIA,2023-06-20,2024-12-13,6.0,173.29,28.88,BOOKS,Paid Ads,Yes,2.0,Desktop,Debit Card
1321,Maria Rodriguez,maria.rodriguez@hotmail.com,16.0,F, Mexico,2023-09-03,2024-04-29,7.0,123.5,17.64,Books,Social Media,No,2.0,Mobile,Credit Card
110,Daniela Gonzalez,daniela.gonzalez@hotmail.com,27.0,Female,USA,2024-01-01,2025-08-25,3.0,175.71,58.57,Sports,Organic Search,No,3.0,Tablet,PayPal
143,Jose Gutierrez,jose.gutierrez@gmail.com,28.0,M,U.S.A,2023-03-02,2023-08-11,7.0,301.28,43.04,electronics,Email,Yes,4.0,Mobile,PayPal
784,Maria Reyes,maria.reyes@outlook.com,47.0,Female,us,2022-09-12,2022-10-07,5.0,195.2,39.04,Home,PAID ADS,Yes,5.0,Desktop,Credit Card
928,Laura Perez,laura.perez@yahoo.com,23.0,F,us,2022-11-21,2024-02-21,6.0,36.94,6.16,electronics,EMAIL,No,1.0,Mobile,Cash on Delivery
1880,Maria Garcia,maria.garcia@gmail.com,38.0,OTHER,,2022-05-07,,4.0,251.15,62.79,Books,paid ads,No,4.0,Tablet,Debit Card
402,Ricardo Rivera,ricardo.rivera@gmail.com,39.0,female,USA,2024-01-13,2025-05-11,6.0,119.92,19.99,home,referral,No,4.0,Mobile,PayPal
159,Camila Reyes,camila.reyes@gmail.com,30.0,F,Brazil,2022-04-20,2023-07-10,11.0,,41.17,Electronics,PAID ADS,No,5.0,Mobile,Credit Card
775,Fernanda Flores,fernanda.flores@hotmail.com,45.0,Femenino,U.S.A,2022-06-10,2023-06-25,10.0,86.45,8.64,Beauty,Email,Yes,5.0,Tablet,Debit Card
446,Javier Jimenez,javier.jimenez@hotmail.com,26.0,Male,MEXICO,2024-02-10,2025-07-14,9.0,110.9,12.32,Beauty,Referral,Yes,2.0,Tablet,Cash on Delivery
1500,Fernanda Ramirez,fernanda.ramirez@gmail.com,44.0,FEMALE,Mexico,2023-10-21,2023-12-02,8.0,718.73,89.84,clothing,Referral,No,4.0,Desktop,Cash on Delivery
572,Valentina Ortiz,valentina.ortiz@gmail.com,40.0, Male,Colombia,2022-10-08,2024-02-21,8.0,197.72,24.72,Beauty, Referral ,No,5.0,Tablet,Credit Card
1450,Maria Torres,maria.torres@gmail.com,44.0,Female,chile,2023-09-17,2025-02-18,3.0,176.37,58.79,beauty,Social Media,No,2.0,Tablet,PayPal
1681,Gabriela Cruz,gabriela.cruz@gmail.com,30.0,F,MEXICO,2022-11-06,2023-03-26,6.0,54.98,9.16,Home,Paid Ads,Yes,5.0,Tablet,Debit Card
1195,Camila Cruz,camila.cruz@hotmail.com,34.0,MALE,Colombia,2024-03-11,2024-10-27,8.0,27.88,3.48, Electronics ,Referral,No,2.0,Mobile,Cash on Delivery
215,Daniela Martinez,daniela.martinez@yahoo.com,37.0,FEMALE,peru,2024-02-23,2024-02-24,6.0,43.63,7.27,Clothing,PAID ADS,No,5.0,Tablet,Cash on Delivery
779,Jose Sanchez,jose.sanchez@gmail.com,46.0,M,mexico,2022-12-24,2023-07-24,4.0,166.91,41.73,Electronics,Organic Search,No,3.0,Mobile,Cash on Delivery
1730,Maria Gomez,maria.gomez@hotmail.com,45.0,M,mexico,2022-04-08,2023-10-21,7.0,81.86,11.69,Beauty,SOCIAL MEDIA,Yes,4.0,Mobile,Credit Card
1692,Pablo Gomez,pablo.gomez@yahoo.com,60.0,MALE,MEXICO,2024-04-08,2024-06-19,5.0,380.78,76.16,home,Social Media,Yes,1.0,Desktop,Credit Card
1949,Ana Gutierrez,ana.gutierrez@outlook.com,41.0,Femenino,COLOMBIA,2024-01-25,2024-09-27,6.0,411.45,68.58,BOOKS,email,Yes,5.0,Desktop,Credit Card
1032,Carlos Gonzalez,carlos.gonzalez@outlook.com,35.0,FEMALE,argentina,2023-07-24,2025-05-08,9.0,77.47,8.61, Books ,PAID ADS,No,1.0,Tablet,PayPal
331,Camila Rodriguez,camila.rodriguez@gmail.com,57.0,M,mexico,2023-10-13,2023-11-13,5.0,530.8,106.16,Clothing,Organic Search,No,3.0,Desktop,PayPal
1221,Paula Diaz,paula.diaz@hotmail.com,28.0,male,MEXICO,2023-04-21,2024-02-12,5.0,119.77,23.95,SPORTS,Paid Ads,Yes,4.0,Tablet,Credit Card
1342,Maria Perez,maria.perez@yahoo.com,43.0,female,spain,2023-06-30,2025-05-20,6.0,391.78,65.3,Sports, Email ,Yes,4.0,Desktop,PayPal
1513,Daniela Martinez,daniela.martinez@outlook.com,25.0,FEMALE,Colombia,2023-12-11,2025-03-17,6.0,57.3,9.55, Books ,email,Yes,1.0,Mobile,Cash on Delivery
1764,Paula Gomez,paula.gomez@gmail.com,47.0,Female, Mexico,2022-09-20,2022-12-15,6.0,47.89,7.98,Sports,social media,Yes,3.0,Tablet,PayPal
429,Ana Morales,ana.morales@outlook.com,11.0,female,us,2023-03-17,2024-03-13,13.0,299.52,23.04,HOME,Social Media,No,5.0,Desktop,Debit Card
834,Maria Flores,maria.flores@gmail.com,49.0,male,Mexico,2023-08-27,2024-02-08,6.0,176.1,29.35,Sports,Organic Search,No,,Tablet,Cash on Delivery
713,Daniela Ortiz,daniela.ortiz@outlook.com,,F,U.S.A,2023-08-21,2025-01-30,6.0,55.74,9.29,Beauty,Referral,Yes,2.0,Mobile,Debit Card
1000,Camila Diaz,camila.diaz@hotmail.com,42.0,female, Mexico,2022-04-03,2022-04-24,7.0,75.27,10.75,Home, Referral ,No,4.0,Tablet,Cash on Delivery
1172,Paula Ortiz,paula.ortiz@hotmail.com,34.0,M,mexico,2022-09-23,2023-04-27,5.0,80.3,16.06,Home,Paid Ads,No,2.0,Desktop,PayPal
1954,Diego Torres,diego.torres@yahoo.com,,F, Mexico,2023-06-04,2024-02-23,6.0,396.39,66.06,BOOKS,Organic Search,No,5.0,Desktop,Cash on Delivery
1885,Paula Hernandez,paula.hernandez@gmail.com,36.0,Male,MEXICO,2022-01-20,2023-02-20,9.0,525.02,58.34,CLOTHING,social media,No,2.0,Tablet,PayPal
1468,Miguel Gonzalez,miguel.gonzalez@hotmail.com,37.0, Male,U.S.A,2022-12-05,2023-03-11,4.0,477.77,119.44,Beauty,Referral,No,4.0,Tablet,Credit Card
638,Jose Cruz,jose.cruz@hotmail.com,47.0,Male, Mexico,2023-09-20,2023-12-06,4.0,99.55,24.89,books,organic search,Yes,4.0,Mobile,Credit Card
1625,Andres Reyes,andres.reyes@gmail.com,44.0,F,Mexico,2023-06-03,2023-11-01,5.0,719.93,143.99,Home,EMAIL,No,3.0,Tablet,PayPal
1548,Fernanda Jimenez,fernanda.jimenez@gmail.com,41.0,male, Mexico,2023-03-23,2024-03-25,7.0,154.88,22.13, Home ,Social Media,No,3.0,Desktop,Credit Card
1052,Miguel Hernandez,miguel.hernandez@gmail.com,28.0,Male,Brasil,2022-03-08,2022-05-07,8.0,64.34,8.04,SPORTS,referral,Yes,5.0,Desktop,Credit Card
596,Fernanda Hernandez,fernanda.hernandez@gmail.com,20.0,F,mexico,2023-04-02,2024-03-11,4.0,144.96,36.24,Books,Email,Yes,1.0,Desktop,Credit Card
1328,Luis Lopez,luis.lopez@gmail.com,42.0,female,chile,2022-03-19,2023-09-06,4.0,166.37,41.59,SPORTS,Organic Search,Yes,1.0,Desktop,Cash on Delivery
238,Valentina Gonzalez,valentina.gonzalez@gmail.com,51.0,MALE,us,2022-01-23,2023-10-06,3.0,69.49,23.16,Books,Paid Ads,No,,Desktop,PayPal
448,Jorge Gomez,jorge.gomez@gmail.com,41.0,F,U.S.A,2022-02-11,2023-01-05,8.0,24.61,3.08,sports,Organic Search,Yes,4.0,Mobile,PayPal
1528,Maria Rodriguez,maria.rodriguez@hotmail.com,43.0,M,colombia,2022-01-05,2023-05-28,6.0,671.28,111.88,Electronics,Referral,Yes,5.0,Desktop,PayPal
1111,Paula Flores,paula.flores@yahoo.com,21.0,MALE,chile,2022-06-30,2024-05-13,3.0,159.34,53.11,Books,Social Media,Yes,3.0,Mobile,Debit Card
216,Jose Sanchez,jose.sanchez@outlook.com,59.0,MALE,United States ,2024-02-19,2025-03-17,5.0,187.27,37.45,Books,Organic Search,Yes,2.0,Mobile,Credit Card
517,Pablo Diaz,pablo.diaz@hotmail.com,38.0,female,mexico,2022-04-05,2023-06-16,5.0,304.36,60.87,Books, Organic Search ,No,2.0,Desktop,Debit Card
564,Carlos Ramirez,carlos.ramirez@gmail.com,50.0,FEMALE,argentina,2024-01-16,2025-10-28,6.0,179.14,29.86,Books,Social Media,No,4.0,Mobile,Debit Card
1650,Fernanda Cruz,fernanda.cruz@outlook.com,40.0,MALE,MEXICO,2022-06-07,2023-01-27,8.0,637.22,79.65,Home,Email,Yes,5.0,Tablet,Credit Card
759,Maria Sanchez,maria.sanchez@hotmail.com,37.0,female,Espana,2023-08-06,2023-12-14,9.0,169.83,18.87,home,social media,No,4.0,Mobile,Cash on Delivery
273,Carlos Gonzalez,carlos.gonzalez@outlook.com,34.0,other,colombia,2023-07-06,2023-09-23,7.0,122.97,17.57,Beauty,Social Media,No,5.0,Desktop,Credit Card
1068,Paula Cruz,paula.cruz@gmail.com,41.0,Female,us,2023-04-21,2025-03-01,9.0,255.87,28.43,Home,Referral,Yes,1.0,Mobile,PayPal
639,Ricardo Hernandez,ricardo.hernandez@yahoo.com,47.0, Male,U.S.A,2022-05-09,2022-06-16,8.0,441.3,55.16,Beauty,ORGANIC SEARCH,No,5.0,Mobile,Cash on Delivery
1894,Daniela Lopez,daniela.lopez@hotmail.com,33.0,Female,spain,2023-10-11,2025-04-24,4.0,186.84,46.71,Beauty,Social Media,No,3.0,Desktop,Debit Card
140,Valentina Ramirez,valentina.ramirez@yahoo.com,19.0,Femenino,spain,2022-11-10,2023-02-06,7.0,225.93,32.28,Beauty,paid ads,No,3.0,Mobile,PayPal
1771,Laura Ramirez,laura.ramirez@hotmail.com,41.0,Female,COLOMBIA,2022-12-08,2023-04-02,3.0,101.36,33.79,Sports,Email,No,5.0,Desktop,Cash on Delivery
850,Paula Sanchez,paula.sanchez@outlook.com,27.0,female,argentina,2022-10-17,2023-03-03,6.0,390.37,65.06,Books,Paid Ads,No,5.0,Mobile,PayPal
1645,Maria Gutierrez,maria.gutierrez@yahoo.com,9.0,Male,Spain,2022-05-16,2022-06-20,1.0,43.8,43.8,Beauty,social media,Yes,,Tablet,Cash on Delivery
1433,Carlos Lopez,carlos.lopez@hotmail.com,50.0,Other,Mexico,2024-02-23,2024-07-27,4.0,,325.07,Home,Organic Search,No,5.0,Mobile,Credit Card
1843,Fernanda Rivera,fernanda.rivera@yahoo.com,47.0,male,peru,2024-04-16,2025-02-11,8.0,230.51,28.81,BEAUTY,Paid Ads,Yes,1.0,Desktop,PayPal
1562,Jose Hernandez,jose.hernandez@gmail.com,42.0,FEMALE,MEXICO,2024-02-04,2024-09-21,6.0,409.17,68.2,Books,Paid Ads,Yes,1.0,Tablet,PayPal
782,Paula Ortiz,paula.ortiz@yahoo.com,, Male,Mexico,2023-10-02,2024-10-17,2.0,105.71,52.86,Books,Email,Yes,5.0,Desktop,PayPal
1940,Sofia Flores,sofia.flores@gmail.com,22.0, Male,United States ,2024-06-15,2025-12-04,7.0,197.78,28.25,ELECTRONICS,Organic Search,No,,Mobile,Debit Card
1319,Valentina Gonzalez,valentina.gonzalez@outlook.com,,Male,brazil,2023-01-27,2024-08-21,4.0,210.8,52.7,books,Social Media,No,,Tablet,Credit Card
675,Paula Ortiz,paula.ortiz@outlook.com,56.0,Female,Chile,2023-01-08,2024-08-29,2.0,45.24,22.62,home,Organic Search,No,2.0,Mobile,Cash on Delivery
820,Jorge Cruz,jorge.cruz@outlook.com,36.0,MALE, Mexico,2022-05-22,2023-09-27,4.0,101.4,25.35, Home ,Email,Yes,1.0,Tablet,Credit Card
800,Valentina Sanchez,valentina.sanchez@yahoo.com,,Femenino,MEXICO,2023-08-24,2024-01-09,2.0,55.02,27.51,Books,email,No,3.0,Tablet,Credit Card
647,Diego Rivera,diego.rivera@yahoo.com,22.0,MALE,Argentina,2022-01-20,2022-10-06,4.0,335.39,83.85,clothing,referral,No,4.0,Desktop,Cash on Delivery
432,Daniela Flores,daniela.flores@gmail.com,44.0,Femenino,Peru,2024-02-25,2024-07-30,10.0,219.93,21.99,clothing,Referral,Yes,4.0,Desktop,Credit Card
1611,Ricardo Rivera,ricardo.rivera@hotmail.com,26.0,M,MEXICO,2022-05-31,2022-09-02,7.0,57.93,8.28,Electronics,ORGANIC SEARCH,No,,Mobile,Debit Card
1348,Daniela Martinez,daniela.martinez@hotmail.com,55.0,Male, Mexico,2022-08-14,2023-10-16,9.0,152.86,16.98,Books,Paid Ads,Yes,5.0,Tablet,Cash on Delivery
1250,Jorge Sanchez,jorge.sanchez@yahoo.com,21.0,MALE,,2022-12-30,2023-03-07,5.0,103.49,20.7,Home,Organic Search,Yes,4.0,Tablet,Cash on Delivery
750,Carlos Gutierrez,carlos.gutierrez@hotmail.com,40.0,Femenino,Colombia,2023-09-12,,5.0,96.29,19.26,Electronics,Referral,Yes,5.0,Tablet,Cash on Delivery
1639,Carlos Rodriguez,carlos.rodriguez@gmail.com,58.0,Male,Chile,2022-08-21,2023-08-07,3.0,1154.13,384.71,Beauty,social media,Yes,5.0,Tablet,Cash on Delivery
1413,Jose Lopez,jose.lopez@yahoo.com,42.0,MALE,Mexico,2023-04-01,2024-05-29,6.0,1405.35,234.22,Electronics,Paid Ads,Yes,3.0,Mobile,PayPal
1249,Laura Martinez,laura.martinez@outlook.com,39.0, Male,U.S.A,2023-02-19,2024-04-17,3.0,1145.43,381.81,Clothing,Social Media,No,1.0,Mobile,PayPal
1220,Valentina Ramirez,valentina.ramirez@hotmail.com,43.0,Femenino,Mexico,2024-01-22,2025-07-19,3.0,230.17,76.72,ELECTRONICS,Referral,Yes,2.0,Mobile,Credit Card
1415,Andres Rivera,andres.rivera@hotmail.com,11.0,F,Peru,2023-03-20,2025-01-24,8.0,153.26,19.16,Beauty,Social Media,No,3.0,Tablet,PayPal
1698,Maria Ramirez,maria.ramirez@outlook.com,17.0,MALE, Mexico,2023-10-04,2024-07-12,2.0,286.31,143.16,sports, Social Media ,Yes,4.0,Tablet,Cash on Delivery
1908,Carlos Gutierrez,carlos.gutierrez@outlook.com,40.0,Male,Mexico,2024-05-31,2025-08-27,14.0,148.88,10.63,Electronics,SOCIAL MEDIA,No,5.0,Desktop,PayPal
1856,Pablo Cruz,pablo.cruz@yahoo.com,62.0,M,United States,2022-01-11,2022-07-20,3.0,99.1,33.03,Electronics, Referral ,Yes,4.0,Tablet,PayPal
1131,Valentina Sanchez,valentina.sanchez@hotmail.com,30.0,Male,MEXICO,2024-04-09,2024-04-14,9.0,133.79,14.87,Home,paid ads,No,2.0,Mobile,Cash on Delivery
939,Diego Ortiz,diego.ortiz@hotmail.com,26.0,male,brazil,2024-01-06,2025-05-31,6.0,$141.60,23.6,Home,Referral,Yes,1.0,Tablet,PayPal
683,Jorge Sanchez,jorge.sanchez@yahoo.com,48.0,female,COLOMBIA,2022-07-02,2023-08-20,5.0,104.29,20.86,Clothing,email,Yes,2.0,Desktop,PayPal
734,Ricardo Lopez,ricardo.lopez@hotmail.com,38.0,F,Argentina,2022-02-19,2022-06-19,4.0,170.72,42.68,Beauty,REFERRAL,No,3.0,Mobile,Debit Card
612,Diego Ortiz,diego.ortiz@hotmail.com,35.0,MALE,Spain,2022-03-04,2023-07-13,7.0,243.51,34.79,beauty,Organic Search,No,2.0,Mobile,PayPal
1992,Valentina Morales,valentina.morales@hotmail.com,21.0, Male,Brazil,2023-09-27,2024-03-22,8.0,107.64,13.46,Home,Paid Ads,Yes,3.0,Mobile,Cash on Delivery
1304,Pablo Gonzalez,pablo.gonzalez@hotmail.com,40.0,MALE,Peru,2022-04-25,2023-05-22,6.0,41.75,6.96,BOOKS,Email,No,4.0,Tablet,Cash on Delivery
884,Carlos Garcia,carlos.garcia@gmail.com,37.0,male,us,2022-05-25,2024-01-23,7.0,141.47,20.21,Sports,Email,Yes,3.0,Tablet,PayPal
1823,Laura Flores,laura.flores@outlook.com,31.0,female, Mexico,2023-05-24,2024-09-22,5.0,181.98,36.4,Sports,Email,Yes,5.0,Desktop,Debit Card
1175,Ana Gutierrez,ana.gutierrez@gmail.com,53.0,OTHER,USA,2022-06-13,2023-07-24,3.0,328.86,109.62,BEAUTY,Organic Search,Yes,4.0,Mobile,Credit Card
721,Maria Gomez,maria.gomez@yahoo.com,47.0,Femenino,Mexico,2023-03-23,2023-10-30,5.0,317.85,63.57,Sports,PAID ADS,No,3.0,Desktop,Debit Card
129,Andres Rodriguez,andres.rodriguez@yahoo.com,40.0,Female,Mexico,2024-06-15,2025-01-03,12.0,179.12,14.93,Clothing,Organic Search,No,4.0,Tablet,Cash on Delivery
890,Jose Hernandez,jose.hernandez@hotmail.com,37.0,FEMALE,argentina,2024-05-29,2025-09-03,3.0,69.09,23.03,Clothing,social media,No,3.0,Mobile,PayPal
1425,Jose Gomez,jose.gomez@hotmail.com,34.0,MALE,Mexico,2024-05-26,2025-06-27,4.0,156.84,39.21,SPORTS,SOCIAL MEDIA,Yes,2.0,Tablet,Debit Card
9,Sofia Morales,sofia.morales@gmail.com,53.0,M,Mexico,2022-06-23,2023-12-07,5.0,20.74,4.15,HOME,SOCIAL MEDIA,Yes,1.0,Tablet,Cash on Delivery
1978,Laura Gutierrez,laura.gutierrez@gmail.com,29.0,F,Mexico,2023-07-16,2024-12-14,5.0,70.05,14.01,sports,Paid Ads,Yes,5.0,Mobile,Cash on Delivery
1677,Maria Sanchez,maria.sanchez@yahoo.com,33.0,M,Argentina,2022-01-06,2023-06-09,7.0,22.04,3.15,home,Referral,Yes,5.0,Desktop,Cash on Delivery
1478,Miguel Flores,miguel.flores@yahoo.com,55.0,Male,Brazil,2022-02-01,2023-02-02,5.0,86.99,17.4,Home,PAID ADS,No,2.0,Desktop,Debit Card
1851,Luis Cruz,luis.cruz@gmail.com,42.0,Other,United States ,2023-12-13,2025-09-08,7.0,58.47,8.35,Electronics,social media,No,5.0,Desktop,Cash on Delivery
527,Gabriela Torres,gabriela.torres@gmail.com,47.0,male,Espana,2023-12-29,2024-04-01,8.0,197.8,24.72,Home,Social Media,No,3.0,Mobile,Debit Card
978,Andres Jimenez,andres.jimenez@gmail.com,54.0,male,us,2023-02-02,2023-05-25,4.0,305.21,76.3,Sports,organic search,Yes,5.0,Mobile,Credit Card
507,Camila Torres,camila.torres@hotmail.com,61.0,F,peru,2023-05-22,2024-03-15,8.0,96.77,12.1,Home,Organic Search,No,3.0,Mobile,Debit Card
902,Ana Reyes,ana.reyes@yahoo.com,55.0,female,Colombia,2023-06-06,2024-11-29,7.0,491.59,70.23,ELECTRONICS,Organic Search,No,2.0,Desktop,Debit Card
1936,Carlos Reyes,carlos.reyes@hotmail.com,64.0,Male, Mexico,2022-09-14,2024-06-29,7.0,98.59,14.08,beauty, Organic Search ,No,2.0,Tablet,Debit Card
717,Camila Ramirez,camila.ramirez@outlook.com,39.0, Male,argentina,2022-02-16,2022-06-10,4.0,174.8,43.7,sports,Email,Yes,5.0,Desktop,PayPal
271,Jose Perez,jose.perez@outlook.com,51.0,Femenino,Mexico,2023-03-05,2024-03-15,6.0,87.23,14.54,ELECTRONICS,ORGANIC SEARCH,No,5.0,Mobile,Debit Card
1994,Paula Gonzalez,paula.gonzalez@yahoo.com,52.0,male, Mexico,2022-01-02,2022-04-05,2.0,92.41,46.2,beauty,SOCIAL MEDIA,Yes,1.0,Tablet,Credit Card
1169,Jorge Reyes,jorge.reyes@hotmail.com,40.0,MALE,Colombia,2023-07-26,2025-03-07,7.0,250.15,35.74,sports,REFERRAL,No,2.0,Mobile,PayPal
55,Diego Cruz,diego.cruz@gmail.com,57.0,M,USA,2023-06-04,2025-04-21,6.0,139.55,23.26,Beauty,Email,No,,Mobile,Cash on Delivery
541,Daniela Gonzalez,daniela.gonzalez@yahoo.com,,Femenino,COLOMBIA,2024-05-24,2025-01-23,4.0,142.56,35.64,Home,Paid Ads,No,3.0,Desktop,Cash on Delivery
1318,Andres Sanchez,andres.sanchez@gmail.com,35.0,F,MEXICO,2024-02-13,2025-01-26,3.0,26.36,8.79,Electronics,Paid Ads,No,2.0,Desktop,Credit Card
767,Paula Sanchez,paula.sanchez@yahoo.com,23.0,Femenino,spain,2023-04-28,2023-10-10,10.0,205.11,20.51,Home,ORGANIC SEARCH,No,,Tablet,Cash on Delivery
1371,Pablo Gutierrez,,31.0,Male,Mexico,2022-09-06,2023-12-15,7.0,28.81,4.12,Home,REFERRAL,No,4.0,Desktop,Debit Card
1209,Jose Ramirez,jose.ramirez@hotmail.com,79.0,FEMALE,mexico,2023-09-29,2025-02-14,9.0,44.89,4.99,Beauty,social media,No,2.0,Tablet,Credit Card
190,Laura Rivera,laura.rivera@outlook.com,46.0,FEMALE,mexico,2022-11-27,2023-09-14,6.0,1089.11,181.52,Home,social media,Yes,1.0,Mobile,Credit Card
109,Diego Gonzalez,diego.gonzalez@yahoo.com,37.0,FEMALE, Mexico,2022-10-09,2023-09-15,5.0,62.92,12.58,Books,Email,Yes,5.0,Mobile,Credit Card
538,Maria Torres,maria.torres@yahoo.com,19.0,Female,argentina,2022-05-03,2022-10-06,8.0,149.37,18.67,Books,Paid Ads,Yes,3.0,Desktop,PayPal
855,Jose Cruz,jose.cruz@gmail.com,,F,Mexico,2023-05-10,2023-11-09,6.0,37.95,6.32,home, Paid Ads ,No,1.0,Tablet,Debit Card
1836,Maria Cruz,maria.cruz@outlook.com,20.0,male,COLOMBIA,2022-03-26,2023-12-06,11.0,186.86,16.99,BEAUTY,referral,No,3.0,Desktop,Cash on Delivery
1056,Jorge Torres,jorge.torres@outlook.com,52.0,female,Colombia,2022-02-27,2022-12-14,4.0,47.03,11.76, Clothing ,organic search,No,1.0,Desktop,Credit Card
23,Carlos Diaz,carlos.diaz@yahoo.com,26.0,M,U.S.A,2022-11-29,2024-02-21,3.0,385.23,128.41,Clothing, Social Media ,Yes,2.0,Tablet,Credit Card
377,Daniela Jimenez,daniela.jimenez@hotmail.com,33.0,female,United States ,2023-05-20,2023-11-09,5.0,44.08,8.82,Beauty,referral,Yes,5.0,Desktop,Credit Card
737,Daniela Rivera,,40.0,Femenino,Argentina,2022-11-03,2022-12-08,8.0,,12.17,Home,Paid Ads,Yes,2.0,Tablet,PayPal
1379,Camila Jimenez,camila.jimenez@hotmail.com,38.0,F,mexico,2024-06-10,2025-06-03,3.0,74.38,24.79,clothing, Referral ,No,5.0,Tablet,Cash on Delivery
595,Laura Perez,laura.perez@yahoo.com,22.0,MALE,United States ,2023-01-21,2023-10-10,11.0,276.26,25.11,Books,EMAIL,No,3.0,Mobile,Credit Card
1818,Jose Reyes,jose.reyes@outlook.com,48.0,Femenino,Colombia,2022-05-09,2024-03-13,6.0,163.47,27.24,Electronics,Social Media,Yes,1.0,Desktop,PayPal
206,Jose Morales,jose.morales@outlook.com,44.0,MALE,Mexico,2023-02-20,2024-01-27,9.0,123.21,13.69,BOOKS,Referral,No,1.0,Desktop,PayPal
94,Miguel Hernandez,miguel.hernandez@hotmail.com,47.0,Female,us,2022-10-10,2024-08-22,11.0,312.88,28.44,Sports,Email,No,1.0,Tablet,Cash on Delivery
808,Maria Perez,maria.perez@outlook.com,19.0,male,Mexico,2022-06-11,2022-10-11,7.0,153.13,21.88,home,Email,No,,Mobile,Cash on Delivery
1964,Fernanda Sanchez,fernanda.sanchez@hotmail.com,45.0,male, Mexico,2024-04-27,2026-01-24,2.0,202.03,101.02,books,REFERRAL,Yes,1.0,Mobile,Credit Card
1453,Luis Torres,luis.torres@outlook.com,,F,Peru,2023-01-01,2024-08-17,9.0,98.07,10.9,CLOTHING,paid ads,No,2.0,Desktop,Credit Card
1265,Sofia Flores,sofia.flores@outlook.com,18.0,Male,us,2023-02-28,2023-07-21,7.0,1741.82,248.83,sports, Organic Search ,No,2.0,Mobile,PayPal
1092,Valentina Sanchez,valentina.sanchez@hotmail.com,27.0,Femenino,Colombia,2023-05-02,2025-01-19,6.0,71.97,12.0,Home,Social Media,Yes,3.0,Desktop,PayPal
447,Laura Morales,laura.morales@hotmail.com,,Femenino,Mexico,2022-06-11,,8.0,53.85,6.73,Sports,Email,No,2.0,Tablet,Cash on Delivery
1182,Gabriela Hernandez,gabriela.hernandez@outlook.com,28.0,Male,MEXICO,2024-02-17,2025-05-07,5.0,164.67,32.93,Home,Social Media,No,,Mobile,Credit Card
568,Sofia Gomez,sofia.gomez@yahoo.com,35.0,Femenino,mexico,2023-05-09,2025-02-17,6.0,82.87,13.81,Books,email,No,5.0,Tablet,Debit Card
1667,Ricardo Rivera,ricardo.rivera@gmail.com,61.0,FEMALE,United States ,2023-05-25,2024-11-05,2.0,199.94,99.97,HOME,ORGANIC SEARCH,No,4.0,Desktop,Credit Card
936,Gabriela Lopez,gabriela.lopez@yahoo.com,42.0,Femenino,United States,2023-07-19,2024-12-24,7.0,318.39,45.48,Sports, Email ,Yes,3.0,Mobile,Credit Card
1760,Andres Rivera,andres.rivera@gmail.com,41.0,other, Mexico,2022-07-04,2023-06-22,5.0,220.38,44.08,ELECTRONICS,Referral,Yes,3.0,Tablet,PayPal
1526,Ana Lopez,ana.lopez@gmail.com,31.0,M,Peru,2022-01-25,2023-06-29,7.0,88.19,12.6,CLOTHING,Paid Ads,No,1.0,Tablet,PayPal
778,Maria Ortiz,maria.ortiz@yahoo.com,44.0,female, Mexico,2023-09-27,2025-08-19,6.0,521.98,87.0,clothing,EMAIL,No,5.0,Desktop,Credit Card
1005,Maria Cruz,maria.cruz@outlook.com,44.0,FEMALE,Argentina,2023-09-28,2024-02-18,10.0,25.85,2.58,home,ORGANIC SEARCH,Yes,3.0,Tablet,Cash on Delivery
655,Andres Jimenez,andres.jimenez@gmail.com,40.0,MALE,Mexico,2022-11-19,2023-10-31,7.0,314.37,44.91,BEAUTY,Paid Ads,No,,Mobile,PayPal
708,Andres Perez,andres.perez@yahoo.com,19.0,Other,Peru,2022-04-24,2023-08-07,6.0,1577.85,262.97,Electronics,Referral,Yes,4.0,Tablet,Debit Card
561,Camila Rivera,camila.rivera@hotmail.com,41.0, Male,COLOMBIA,2022-12-04,2023-10-31,11.0,48.05,4.37,Electronics,Organic Search,Yes,1.0,Desktop,Credit Card
1655,Carlos Diaz,carlos.diaz@gmail.com,56.0,MALE,,2023-09-16,2024-02-29,8.0,31.85,3.98,home,Social Media,No,,Tablet,Credit Card
1875,Valentina Gomez,valentina.gomez@yahoo.com,31.0,male,MEXICO,2023-03-18,2024-09-14,8.0,371.25,46.41, Beauty ,social media,Yes,3.0,Desktop,Cash on Delivery
1778,Carlos Jimenez,carlos.jimenez@gmail.com,43.0,Femenino,Colombia,2023-12-09,2024-11-05,11.0,71.3,6.48,Sports,Email,No,1.0,Tablet,Cash on Delivery
956,Paula Gutierrez,paula.gutierrez@gmail.com,35.0,Femenino,chile,2023-07-30,2023-09-13,6.0,143.68,23.95,Beauty,Paid Ads,No,4.0,Mobile,Credit Card
1211,Paula Gutierrez,paula.gutierrez@gmail.com,33.0,F,USA,2023-05-02,2023-08-22,5.0,113.01,22.6,beauty,Paid Ads,No,2.0,Desktop,Debit Card
1558,Ricardo Perez,ricardo.perez@hotmail.com,59.0,Femenino,mexico,2023-10-01,2024-05-07,7.0,98.85,14.12,Books,Email,No,4.0,Desktop,PayPal
470,Gabriela Lopez,gabriela.lopez@yahoo.com,29.0,MALE,spain,2022-12-31,2023-12-15,2.0,108.32,54.16,Sports,Referral,No,1.0,Mobile,Credit Card
987,Paula Cruz,paula.cruz@outlook.com,43.0, Male,USA,2024-03-17,2024-04-28,5.0,670.92,134.18,Books, Email ,No,1.0,Desktop,Cash on Delivery
1150,Pablo Martinez,pablo.martinez@yahoo.com,39.0,FEMALE,Mexico,2024-05-04,2025-12-23,7.0,66.1,9.44,Books,Social Media,No,4.0,Tablet,Debit Card
810,Jorge Hernandez,jorge.hernandez@outlook.com,17.0,F,Spain,2023-06-13,2024-03-16,6.0,151.93,25.32,beauty,SOCIAL MEDIA,No,5.0,Desktop,Cash on Delivery
1451,Jose Torres,jose.torres@hotmail.com,30.0,female,argentina,2022-10-13,2023-03-05,6.0,117.57,19.6,Beauty,Referral,No,1.0,Tablet,Credit Card
131,Andres Cruz,andres.cruz@gmail.com,40.0,Male,mexico,2024-01-05,2024-11-09,5.0,80.3,16.06,Books,Email,No,,Mobile,PayPal
982,Daniela Rodriguez,daniela.rodriguez@outlook.com,11.0,Female,Chile,2023-06-22,2023-12-09,7.0,109.55,15.65,Home,EMAIL,Yes,,Tablet,PayPal
848,Luis Sanchez,luis.sanchez@gmail.com,43.0,female,Mexico,2023-11-11,2024-09-09,6.0,24.03,4.0,Electronics,Organic Search,Yes,4.0,Mobile,Credit Card
945,Maria Reyes,maria.reyes@gmail.com,42.0,male,Chile,2022-04-04,2023-08-23,7.0,246.49,35.21,Electronics,Email,No,4.0,Desktop,Cash on Delivery
25,Ricardo Rodriguez,ricardo.rodriguez@hotmail.com,39.0, Male,MEXICO,2022-09-01,2022-11-05,7.0,120.75,17.25,Electronics,EMAIL,No,2.0,Desktop,Debit Card
584,Luis Diaz,luis.diaz@yahoo.com,43.0,other,spain,2023-06-04,2025-01-10,5.0,64.47,12.89,SPORTS,social media,Yes,4.0,Mobile,Cash on Delivery
392,Carlos Hernandez,carlos.hernandez@outlook.com,49.0,female,,2024-01-16,2025-10-28,7.0,98.66,14.09, Sports ,social media,No,2.0,Desktop,Cash on Delivery
343,Paula Flores,paula.flores@hotmail.com,24.0, Male,Mexico,2024-05-31,2025-04-08,5.0,159.76,31.95,Beauty,REFERRAL,No,5.0,Tablet,PayPal
407,Valentina Sanchez,valentina.sanchez@hotmail.com,18.0,Female,spain,2022-07-02,2022-12-22,7.0,141.91,20.27,Electronics,Referral,Yes,,Mobile,Debit Card
1559,Jorge Hernandez,jorge.hernandez@yahoo.com,27.0,Femenino,us,2024-05-09,2024-09-19,5.0,87.51,17.5,Books,Paid Ads,Yes,4.0,Tablet,PayPal
156,Javier Torres,javier.torres@gmail.com,40.0,F,Mexico,2023-10-23,2024-01-05,6.0,305.71,50.95,SPORTS,Organic Search,Yes,1.0,Mobile,PayPal
1930,Jorge Cruz,jorge.cruz@hotmail.com,46.0,female,Espana,2022-08-27,2022-11-30,8.0,151.29,18.91,Books,EMAIL,Yes,2.0,Tablet,Debit Card
1285,Miguel Ramirez,miguel.ramirez@outlook.com,44.0,MALE,mexico,2024-02-03,2025-01-17,5.0,64.71,12.94,Beauty,referral,Yes,2.0,Desktop,PayPal
1280,Pablo Cruz,pablo.cruz@gmail.com,45.0,FEMALE,United States,2022-02-22,2022-07-29,6.0,55.99,9.33,Clothing,email,No,2.0,Desktop,PayPal
1023,Pablo Sanchez,pablo.sanchez@yahoo.com,14.0,MALE,colombia,2024-06-14,2024-12-23,2.0,686.57,343.28,HOME,Email,No,2.0,Mobile,Credit Card
1283,Miguel Gutierrez,miguel.gutierrez@outlook.com,55.0,Female,us,2022-11-10,2024-01-18,6.0,110.9,18.48,clothing,Referral,No,2.0,Mobile,PayPal
630,Miguel Garcia,miguel.garcia@hotmail.com,23.0,F,Colombia,2023-11-20,2024-11-02,3.0,178.97,59.66,Sports,referral,Yes,4.0,Mobile,Debit Card
1828,Jorge Flores,jorge.flores@yahoo.com,40.0,Femenino,colombia,2023-07-13,2025-05-03,2.0,118.86,59.43,BEAUTY,Email,Yes,3.0,Mobile,Cash on Delivery
1505,Andres Garcia,andres.garcia@yahoo.com,48.0,male,chile,2023-03-28,2023-04-13,7.0,504.51,72.07,Books,Paid Ads,Yes,2.0,Tablet,Cash on Delivery
1120,Diego Jimenez,diego.jimenez@gmail.com,43.0,F,United States,2022-07-30,2022-11-06,4.0,973.82,243.46,clothing,referral,Yes,4.0,Tablet,Credit Card
1057,Valentina Reyes,valentina.reyes@outlook.com,27.0,Male,Mexico,2024-05-13,2025-02-21,6.0,146.72,24.45,electronics,paid ads,No,5.0,Mobile,Debit Card
881,Luis Garcia,luis.garcia@hotmail.com,35.0,female, Mexico,2023-08-24,2025-03-14,6.0,309.95,51.66,Books,Referral,No,3.0,Desktop,Credit Card
1327,Javier Hernandez,,34.0,female,Espana,2023-07-29,2024-10-17,4.0,621.01,155.25,Electronics,Paid Ads,No,1.0,Desktop,Debit Card
180,Camila Torres,camila.torres@hotmail.com,57.0,M,USA,2023-09-01,2023-12-06,5.0,65.35,13.07,Home,Referral,No,2.0,Tablet,Credit Card
948,Maria Torres,maria.torres@yahoo.com,32.0,FEMALE,Mexico,2022-03-16,2023-06-15,5.0,118.86,23.77,Home,EMAIL,No,1.0,Tablet,Cash on Delivery
1088,Jorge Hernandez,jorge.hernandez@gmail.com,40.0,MALE,Mexico,2022-11-08,2023-10-04,5.0,342.62,68.52,Electronics,Referral,Yes,3.0,Desktop,Cash on Delivery
11,Camila Torres,,, Male,Peru,2023-01-31,2023-12-28,4.0,428.25,107.06,electronics,Organic Search,No,3.0,Desktop,Cash on Delivery
355,Jorge Perez,jorge.perez@hotmail.com,51.0,Female, Mexico,2023-07-31,2025-04-21,5.0,596.43,119.29,Electronics,Paid Ads,No,5.0,Mobile,Cash on Delivery
68,Miguel Ortiz,miguel.ortiz@hotmail.com,53.0,male,Mexico,2024-01-08,2025-08-10,6.0,51.89,8.65,Books,Paid Ads,No,2.0,Mobile,PayPal
1281,Daniela Rodriguez,daniela.rodriguez@yahoo.com,36.0, Male,,2024-03-23,2024-05-19,4.0,260.5,65.12,Sports,Referral,Yes,5.0,Desktop,Debit Card
146,Pablo Ramirez,pablo.ramirez@hotmail.com,23.0,FEMALE,USA,2022-08-20,2022-08-27,5.0,236.4,47.28,Electronics,Email,Yes,5.0,Desktop,Debit Card
1987,Fernanda Perez,fernanda.perez@outlook.com,50.0,Male,COLOMBIA,2022-10-23,2024-01-31,2.0,295.67,147.84,CLOTHING,Paid Ads,No,3.0,Mobile,Cash on Delivery
416,Javier Torres,javier.torres@hotmail.com,44.0,F,Mexico,2022-04-12,2024-02-17,3.0,150.64,50.21,Home,Email,Yes,5.0,Tablet,Debit Card
393,Miguel Gomez,miguel.gomez@gmail.com,,Femenino,Argentina,2022-07-26,2022-08-22,5.0,66.13,13.23,Sports,SOCIAL MEDIA,No,2.0,Tablet,Cash on Delivery
524,Fernanda Ramirez,fernanda.ramirez@outlook.com,41.0, Male,,2024-04-27,2025-12-12,7.0,234.44,33.49,Electronics,Paid Ads,No,4.0,Mobile,Debit Card
1970,Carlos Gomez,carlos.gomez@gmail.com,38.0,FEMALE,United States,2023-04-16,2024-05-07,3.0,202.22,67.41,Books, Organic Search ,No,3.0,Desktop,Credit Card
1516,Gabriela Gutierrez,gabriela.gutierrez@yahoo.com,55.0,FEMALE,chile,2022-12-10,2024-01-23,3.0,421.38,140.46,Books,Paid Ads,No,3.0,Desktop,Cash on Delivery
438,Gabriela Diaz,gabriela.diaz@outlook.com,35.0,other,colombia,2024-04-09,2025-06-05,1.0,324.34,324.34,Clothing,Social Media,No,2.0,Desktop,Debit Card
1226,Jorge Morales,jorge.morales@hotmail.com,51.0,Male,MEXICO,2024-05-19,2024-12-11,8.0,93.93,11.74,Books,Social Media,Yes,4.0,Mobile,Debit Card
56,Ana Sanchez,ana.sanchez@hotmail.com,41.0,MALE,Argentina,2022-11-21,2023-04-27,10.0,177.36,17.74,Books,Email,Yes,4.0,Tablet,Debit Card
139,Laura Flores,laura.flores@outlook.com,40.0,FEMALE,Mexico,2024-06-04,2024-07-08,4.0,,19.94,Beauty,email,Yes,3.0,Desktop,PayPal
1658,Pablo Ortiz,pablo.ortiz@outlook.com,48.0,male,Chile,2023-08-05,2025-01-23,7.0,353.4,50.49,sports,Email,Yes,2.0,Tablet,Cash on Delivery
196,Luis Reyes,luis.reyes@hotmail.com,29.0,Female,argentina,2022-11-12,2024-08-01,7.0,60.04,8.58,Electronics,Paid Ads,Yes,5.0,Desktop,Debit Card
1401,Pablo Reyes,pablo.reyes@outlook.com,50.0, Male,COLOMBIA,2024-03-18,2025-10-27,4.0,109.7,27.42,books,Paid Ads,No,2.0,Desktop,Debit Card
1060,Laura Gonzalez,laura.gonzalez@yahoo.com,,Female,Peru,2024-01-13,2024-12-06,5.0,467.14,93.43, Books ,Email,No,1.0,Tablet,PayPal
450,Jose Hernandez,jose.hernandez@outlook.com,61.0, Male,colombia,2022-10-10,2022-11-11,8.0,60077.71,9.49,ELECTRONICS,paid ads,Yes,5.0,Tablet,Credit Card
547,Valentina Morales,valentina.morales@yahoo.com,38.0,Other,U.S.A,2024-05-12,2025-02-08,9.0,116.53,12.95,books,Organic Search,Yes,,Desktop,Credit Card
989,Sofia Ortiz,sofia.ortiz@outlook.com,34.0,FEMALE,,2023-01-27,2023-05-12,1.0,81.93,81.93,Books,Referral,No,1.0,Mobile,Cash on Delivery
1642,Luis Ortiz,luis.ortiz@hotmail.com,51.0,FEMALE,,2022-07-02,2024-05-28,7.0,106.07,15.15,Beauty,Organic Search,No,4.0,Mobile,Cash on Delivery
970,Ana Gomez,ana.gomez@outlook.com,20.0, Male,Chile,2023-09-29,2024-09-25,9.0,46.97,5.22,Beauty,PAID ADS,Yes,3.0,Tablet,Cash on Delivery
1171,Paula Gomez,paula.gomez@yahoo.com,60.0,M,United States ,2023-12-14,2025-09-04,3.0,76.24,25.41,home,Organic Search,Yes,2.0,Mobile,Credit Card
1488,Ana Gutierrez,ana.gutierrez@outlook.com,52.0,MALE,Mexico,2022-09-16,2023-04-18,13.0,1234.0,94.92,Sports,Email,No,3.0,Mobile,Credit Card
175,Javier Lopez,javier.lopez@hotmail.com,40.0,male, Mexico,2022-01-29,2022-10-23,4.0,86.42,21.6,SPORTS,Social Media,No,5.0,Tablet,Cash on Delivery
255,Javier Gonzalez,,29.0,Male,mexico,2023-07-16,2024-02-20,5.0,38.44,7.69,sports,Email,Yes,5.0,Tablet,PayPal
386,Maria Jimenez,maria.jimenez@yahoo.com,52.0,FEMALE,mexico,2023-02-28,2023-04-02,5.0,123.09,24.62,Home,social media,No,4.0,Desktop,Credit Card
1910,Gabriela Ortiz,gabriela.ortiz@yahoo.com,20.0,FEMALE,United States,2022-06-12,2023-02-04,4.0,50.21,12.55,Beauty,email,Yes,5.0,Desktop,Debit Card
1102,Diego Martinez,diego.martinez@yahoo.com,29.0,Other,Mexico,2022-06-14,2023-04-12,6.0,54.07,9.01,Electronics,Paid Ads,Yes,2.0,Mobile,PayPal
1746,Jorge Gutierrez,jorge.gutierrez@gmail.com,27.0,male,mexico,2023-08-22,2024-09-15,6.0,144.65,24.11,HOME,Organic Search,No,4.0,Desktop,PayPal
712,Camila Garcia,camila.garcia@outlook.com,35.0,Male,us,2023-08-05,2024-02-07,15.0,59.56,3.97,Clothing,paid ads,No,2.0,Mobile,Cash on Delivery
838,Carlos Jimenez,carlos.jimenez@gmail.com,33.0,Female,colombia,2022-01-18,2023-07-09,6.0,293.89,48.98,Electronics,Social Media,Yes,3.0,Mobile,Cash on Delivery
1931,Luis Cruz,luis.cruz@outlook.com,44.0,female,Mexico,2023-04-22,2024-12-06,1.0,61.57,61.57,clothing,social media,No,2.0,Desktop,PayPal
1896,Pablo Ortiz,pablo.ortiz@outlook.com,, Male,chile,2023-10-03,2023-10-31,7.0,109.49,15.64,Sports,Organic Search,Yes,1.0,Mobile,PayPal
90,Fernanda Garcia,fernanda.garcia@outlook.com,43.0,Male,peru,2023-05-16,2023-08-21,6.0,414.02,69.0,home,Referral,No,1.0,Mobile,Credit Card
1345,Carlos Flores,carlos.flores@hotmail.com,35.0,OTHER,COLOMBIA,2022-02-27,2022-03-12,5.0,82.25,16.45,electronics,Organic Search,Yes,4.0,Mobile,Credit Card
1892,Sofia Ortiz,sofia.ortiz@hotmail.com,47.0,Female,Argentina,2023-03-09,2024-12-04,2.0,130.76,65.38,Electronics,Organic Search,No,3.0,Tablet,Credit Card
1888,Valentina Hernandez,valentina.hernandez@gmail.com,32.0,Male,United States,2022-05-29,2023-11-14,8.0,234.61,29.33,Sports,Referral,No,,Mobile,Debit Card
1,Luis Jimenez,luis.jimenez@hotmail.com,51.0,Male,Argentina,2022-09-06,2024-03-25,5.0,69.21,13.84,Home,ORGANIC SEARCH,No,4.0,Tablet,PayPal
1417,Paula Gomez,paula.gomez@hotmail.com,44.0,Male,United States,2022-01-19,2022-10-16,9.0,228.24,25.36,Electronics,Paid Ads,Yes,3.0,Desktop,Cash on Delivery
823,Maria Martinez,maria.martinez@outlook.com,32.0,FEMALE,COLOMBIA,2022-06-30,2023-06-17,10.0,1066.44,106.64,Home,paid ads,Yes,2.0,Desktop,Credit Card
614,Miguel Rivera,miguel.rivera@yahoo.com,57.0,male,Chile,2022-09-09,2024-04-07,5.0,142.41,28.48,ELECTRONICS,Organic Search,No,3.0,Desktop,Debit Card
1030,Laura Jimenez,laura.jimenez@gmail.com,,Femenino, Mexico,2022-03-10,2022-10-23,8.0,604.48,75.56,Sports, Referral ,No,1.0,Desktop,Credit Card
1126,Fernanda Jimenez,fernanda.jimenez@yahoo.com,45.0, Male,us,2022-01-10,2022-08-09,4.0,657.7,164.42,Sports,Paid Ads,No,2.0,Desktop,Cash on Delivery
1180,Ana Hernandez,ana.hernandez@hotmail.com,30.0,Female,Mexico,2022-04-01,2024-02-13,5.0,39.57,7.91,Sports,Organic Search,No,5.0,Desktop,Debit Card
40,Paula Ramirez,paula.ramirez@hotmail.com,38.0,Female,U.S.A,2023-09-02,2025-03-15,5.0,510.29,102.06,Clothing, Paid Ads ,No,3.0,Tablet,Debit Card
1402,Sofia Ortiz,sofia.ortiz@yahoo.com,, Male,Espana,2023-06-28,2024-09-21,6.0,75.94,12.66,Beauty,Social Media,No,4.0,Tablet,Cash on Delivery
1013,Sofia Garcia,sofia.garcia@yahoo.com,37.0, Male,United States,2023-07-16,2024-05-25,5.0,46.41,9.28,electronics,Referral,No,1.0,Desktop,Debit Card
944,Diego Hernandez,diego.hernandez@outlook.com,25.0,Female,argentina,2023-06-01,2024-03-30,4.0,134.8,33.7,clothing,Social Media,Yes,5.0,Tablet,Debit Card
666,Javier Flores,javier.flores@outlook.com,,Male,,2024-03-09,2025-05-27,3.0,85452.97,40.64,home,Paid Ads,No,,Mobile,Cash on Delivery
453,Diego Rodriguez,diego.rodriguez@hotmail.com,43.0,OTHER,Mexico,2023-05-18,2024-08-06,6.0,192.85,32.14,Books,Social Media,Yes,4.0,Tablet,Credit Card
781,Pablo Perez,pablo.perez@outlook.com,,Female,U.S.A,2023-03-14,2025-01-04,5.0,58.69,11.74,Home,Referral,No,2.0,Desktop,Cash on Delivery
1149,Javier Gutierrez,javier.gutierrez@hotmail.com,48.0, Male,colombia,2022-08-31,2023-04-12,5.0,393.72,78.74,books,Email,No,3.0,Tablet,PayPal
178,Carlos Torres,carlos.torres@yahoo.com,,Male,Peru,2022-07-25,2023-03-07,6.0,90.63,15.1, Clothing ,Social Media,Yes,1.0,Mobile,PayPal
137,Paula Flores,paula.flores@outlook.com,28.0,Femenino,COLOMBIA,2023-12-11,2024-07-26,5.0,316.69,63.34,home,Paid Ads,No,5.0,Tablet,PayPal
337,Jorge Torres,jorge.torres@outlook.com,28.0,M,COLOMBIA,2022-03-09,2023-05-13,6.0,476.83,79.47,Home,Social Media,Yes,3.0,Mobile,Debit Card
119,Sofia Flores,sofia.flores@gmail.com,27.0,Female,Argentina,2023-12-14,2024-10-18,5.0,27.58,5.52,Home,Referral,No,4.0,Mobile,Credit Card
1497,Andres Martinez,andres.martinez@outlook.com,20.0,female,Chile,2022-06-09,2022-08-05,7.0,232.16,33.17,beauty,Referral,No,5.0,Desktop,Cash on Delivery
1889,Luis Martinez,luis.martinez@yahoo.com,30.0, Male,United States,2022-05-27,2022-05-27,5.0,371.99,74.4,HOME,email,No,1.0,Mobile,Cash on Delivery
1259,Camila Rivera,camila.rivera@yahoo.com,48.0,male,peru,2024-03-24,2025-12-03,6.0,157.83,26.31,Books,Referral,Yes,4.0,Tablet,Credit Card
352,Ana Morales,ana.morales@yahoo.com,29.0,M,Espana,2022-12-18,2023-08-27,4.0,23.67,5.92,Beauty,social media,No,5.0,Mobile,PayPal
625,Paula Ortiz,paula.ortiz@hotmail.com,43.0,female,Spain,2022-12-23,2024-09-09,8.0,237.64,29.7, Clothing ,Referral,No,1.0,Desktop,Cash on Delivery
193,Paula Gonzalez,paula.gonzalez@yahoo.com,45.0,Female,USA,2022-04-24,2022-05-04,5.0,772.89,154.58,electronics,Social Media,No,4.0,Desktop,Debit Card
1492,Diego Gomez,diego.gomez@outlook.com,26.0,Female,argentina,2022-12-30,2024-08-28,4.0,201.83,50.46,BEAUTY,social media,Yes,2.0,Mobile,Debit Card
1375,Pablo Diaz,pablo.diaz@yahoo.com,63.0,other,USA,2023-02-18,2024-11-26,7.0,54.6,7.8,Beauty,email,No,4.0,Tablet,Debit Card
136,Laura Diaz,laura.diaz@outlook.com,63.0,Female,COLOMBIA,2024-05-14,2024-10-18,3.0,58.13,19.38,sports,ORGANIC SEARCH,No,3.0,Mobile,Credit Card
461,Daniela Perez,daniela.perez@gmail.com,25.0,F, Mexico,2022-06-24,2023-08-19,6.0,267.05,44.51,Clothing,Organic Search,No,3.0,Tablet,Credit Card
42,Ricardo Jimenez,ricardo.jimenez@yahoo.com,39.0,M,Colombia,2023-10-30,2024-02-25,6.0,46.24,7.71,BEAUTY,Referral,Yes,2.0,Desktop,Cash on Delivery
724,Maria Sanchez,maria.sanchez@gmail.com,35.0,F,U.S.A,2023-05-20,2025-03-25,7.0,302.05,43.15,Electronics,Organic Search,Yes,5.0,Mobile,Credit Card
699,Luis Martinez,luis.martinez@hotmail.com,52.0,F,spain,2023-08-10,2025-06-20,5.0,29.35,5.87,sports,Referral,Yes,1.0,Desktop,Debit Card
637,Sofia Perez,sofia.perez@outlook.com,48.0,M,United States,2022-03-30,2023-04-18,7.0,110.04,15.72,Beauty,referral,No,1.0,Desktop,PayPal
359,Luis Gomez,luis.gomez@yahoo.com,41.0,M,mexico,2023-11-22,2025-04-03,7.0,1550.67,221.52,Beauty,Referral,No,4.0,Tablet,Credit Card
1747,Jorge Ramirez,jorge.ramirez@hotmail.com,25.0, Male,us,2023-09-21,2024-11-30,6.0,176.4,29.4,Home,Referral,No,2.0,Mobile,Cash on Delivery
559,Ricardo Garcia,ricardo.garcia@outlook.com,27.0,Femenino,mexico,2022-01-22,2023-03-21,11.0,328.7,29.88,SPORTS,Email,No,2.0,Tablet,Debit Card
814,Jose Gutierrez,jose.gutierrez@yahoo.com,18.0,Male,spain,2024-02-29,2026-01-10,5.0,128.59,25.72,Electronics,REFERRAL,No,5.0,Mobile,PayPal
619,Luis Diaz,luis.diaz@yahoo.com,24.0,female,USA,2023-05-24,2024-11-19,6.0,129.08,21.51,Sports,PAID ADS,Yes,5.0,Mobile,Credit Card
466,Jorge Hernandez,jorge.hernandez@gmail.com,16.0,Male,Colombia,2024-02-25,2025-11-09,10.0,92.48,9.25,Electronics,Referral,No,4.0,Mobile,Credit Card
1798,Carlos Rodriguez,carlos.rodriguez@yahoo.com,,male,U.S.A,2024-01-03,2024-09-13,7.0,36.19,5.17,Home,Paid Ads,No,4.0,Tablet,PayPal
1693,Javier Hernandez,javier.hernandez@outlook.com,43.0,F,colombia,2022-03-26,2024-01-04,4.0,156.13,39.03,beauty,PAID ADS,Yes,4.0,Mobile,Debit Card
1395,Sofia Perez,sofia.perez@yahoo.com,44.0,MALE,Spain,2024-04-03,2024-09-18,8.0,186.28,23.28,Clothing,email,Yes,3.0,Desktop,PayPal
80,Javier Martinez,javier.martinez@outlook.com,33.0, Male,USA,2022-07-20,2023-10-06,5.0,109.9,21.98,Clothing,Social Media,No,,Tablet,Credit Card
1777,Laura Flores,laura.flores@hotmail.com,45.0, Male,United States ,2023-06-14,2025-04-25,7.0,213.99,30.57,Home,organic search,Yes,5.0,Mobile,Cash on Delivery
492,Pablo Gonzalez,,72.0,M,Mexico,2022-03-27,2024-02-16,8.0,46.62,5.83,beauty,email,No,,Tablet,Debit Card
1864,Miguel Gomez,miguel.gomez@gmail.com,42.0, Male,Colombia,2024-05-13,2024-10-15,3.0,308.52,102.84,Electronics,Social Media,No,5.0,Desktop,PayPal
528,Maria Ortiz,,39.0,FEMALE,United States,2022-10-31,2023-10-22,6.0,,26.48,beauty,PAID ADS,No,4.0,Tablet,Cash on Delivery
1839,Sofia Gutierrez,sofia.gutierrez@hotmail.com,6.0,female,MEXICO,2023-06-09,2025-05-06,8.0,46.44,5.8,Beauty,Referral,No,4.0,Desktop,PayPal
1324,Pablo Gomez,pablo.gomez@hotmail.com,17.0,female,chile,2023-03-16,2023-10-09,5.0,221.73,44.35,Books,Social Media,No,2.0,Mobile,Cash on Delivery
1369,Jorge Ramirez,jorge.ramirez@yahoo.com,51.0,Female,Colombia,2022-10-30,2022-11-19,9.0,86.37,9.6,Home,Email,No,1.0,Tablet,PayPal
1491,Jose Martinez,jose.martinez@hotmail.com,30.0, Male,mexico,2022-06-10,2023-03-14,3.0,153.74,51.25,Sports,Paid Ads,No,4.0,Desktop,Debit Card
1847,Valentina Morales,valentina.morales@gmail.com,38.0,male,U.S.A,2022-11-11,2024-08-31,7.0,68.13,9.73,Electronics,Organic Search,No,4.0,Desktop,Cash on Delivery
1950,Laura Hernandez,laura.hernandez@yahoo.com,30.0,M,United States,2024-03-02,2025-02-10,8.0,562.85,70.36,Sports,Referral,No,5.0,Desktop,PayPal
1707,Jorge Hernandez,jorge.hernandez@hotmail.com,31.0,female,Mexico,2024-06-18,2025-08-18,10.0,9.88,0.99,Home,Referral,No,,Desktop,Credit Card
1136,Luis Garcia,luis.garcia@gmail.com,37.0,Female,,2023-10-22,2024-08-25,6.0,152.78,25.46,beauty,Email,No,1.0,Mobile,PayPal
480,Maria Martinez,maria.martinez@yahoo.com,40.0,Male,mexico,2022-03-16,2022-11-14,4.0,182.51,45.63,Electronics,referral,No,5.0,Desktop,Debit Card
1780,Javier Ramirez,javier.ramirez@gmail.com,51.0,FEMALE,Brazil,2023-05-31,2024-04-13,4.0,432.58,108.14,Clothing,Social Media,No,5.0,Tablet,Credit Card
1927,Miguel Flores,miguel.flores@yahoo.com,35.0,female,Brazil,2023-05-14,2025-03-22,5.0,120.71,24.14,sports,Referral,Yes,4.0,Mobile,Credit Card
103,Fernanda Hernandez,fernanda.hernandez@gmail.com,44.0,Female,,2024-04-26,2024-07-01,12.0,56.42,4.7,Clothing, Paid Ads ,No,1.0,Tablet,Debit Card
664,Sofia Torres,,33.0,FEMALE,Brazil,2023-04-09,2023-11-10,6.0,533.62,88.94,Books,SOCIAL MEDIA,No,4.0,Tablet,Cash on Delivery
743,Paula Flores,paula.flores@hotmail.com,62.0,MALE,USA,2024-05-06,2025-03-08,5.0,205.5,41.1,Electronics,referral,Yes,4.0,Desktop,PayPal
1537,Carlos Garcia,carlos.garcia@gmail.com,28.0,female,mexico,2023-09-23,2024-01-24,10.0,123.03,12.3,electronics,paid ads,No,4.0,Desktop,Cash on Delivery
1557,Pablo Cruz,pablo.cruz@gmail.com,34.0,Male,spain,2023-09-15,2023-12-21,4.0,181.09,45.27,Home,Social Media,Yes,,Tablet,PayPal
54,Diego Ortiz,diego.ortiz@outlook.com,41.0,FEMALE,Mexico,2023-02-25,2024-02-20,9.0,34.4,3.82,Beauty,Organic Search,No,4.0,Tablet,Credit Card
988,Laura Morales,laura.morales@outlook.com,42.0, Male,MEXICO,2023-09-21,2024-06-22,6.0,192.4,32.07,sports,Paid Ads,No,3.0,Desktop,Debit Card
1306,Javier Gonzalez,javier.gonzalez@outlook.com,37.0,male,United States ,2023-11-11,2025-09-27,10.0,38.69,3.87,sports,Organic Search,No,2.0,Tablet,Cash on Delivery
1466,Maria Cruz,maria.cruz@yahoo.com,26.0,M,Mexico,2022-07-13,2023-12-11,6.0,71.07,11.84,Electronics,EMAIL,No,,Desktop,Cash on Delivery
69,Luis Perez,luis.perez@yahoo.com,46.0,Other,United States ,2022-01-25,2023-06-14,3.0,29.34,9.78,Beauty,Social Media,No,5.0,Mobile,Credit Card
1325,Pablo Ramirez,pablo.ramirez@outlook.com,,male,MEXICO,2022-08-04,2022-10-25,8.0,156.74,19.59,CLOTHING,Referral,Yes,3.0,Mobile,Credit Card
718,Diego Diaz,diego.diaz@outlook.com,,M,Chile,2022-08-11,2022-11-09,3.0,79.6,26.53,sports,referral,No,4.0,Desktop,Cash on Delivery
1101,Diego Sanchez,diego.sanchez@yahoo.com,45.0,female,United States,2024-01-16,2025-08-19,5.0,556.62,111.32,Home,paid ads,Yes,5.0,Desktop,Cash on Delivery
727,Daniela Martinez,daniela.martinez@gmail.com,38.0,FEMALE,Brazil,2023-02-03,2024-05-17,7.0,53.1,7.59,electronics,Paid Ads,Yes,5.0,Mobile,Debit Card
334,Fernanda Reyes,fernanda.reyes@outlook.com,5.0,MALE, Mexico,2024-05-29,2025-12-12,2.0,79.14,39.57, Clothing ,Paid Ads,No,5.0,Mobile,Cash on Delivery
1310,Pablo Ortiz,pablo.ortiz@hotmail.com,25.0,MALE,MEXICO,2023-12-12,2025-03-07,8.0,442.12,55.26,beauty,REFERRAL,Yes,4.0,Tablet,Debit Card
787,Ana Gonzalez,ana.gonzalez@yahoo.com,41.0,F,United States ,2023-09-04,2025-06-07,2.0,158.94,79.47,home,Organic Search,Yes,4.0,Desktop,PayPal
785,Diego Ortiz,diego.ortiz@outlook.com,43.0,Female,United States,2022-05-10,2023-09-09,8.0,501.59,62.7,Clothing,Referral,Yes,2.0,Mobile,PayPal
1423,Andres Gomez,andres.gomez@gmail.com,29.0,F,argentina,2022-02-22,2022-05-13,5.0,89.87,17.97,Beauty,Email,No,1.0,Mobile,PayPal
1159,Miguel Diaz,miguel.diaz@gmail.com,39.0,female,USA,2023-10-17,2024-04-02,10.0,234.73,23.47,electronics,SOCIAL MEDIA,No,2.0,Mobile,Credit Card
955,Ricardo Gonzalez,ricardo.gonzalez@hotmail.com,,female,argentina,2022-01-01,2023-10-22,5.0,61.74,12.35,clothing,ORGANIC SEARCH,No,1.0,Tablet,Credit Card
1138,Miguel Torres,miguel.torres@yahoo.com,35.0,female,Mexico,2024-05-04,2026-01-29,5.0,534.16,106.83,Books,Organic Search,No,3.0,Desktop,Debit Card
1391,Laura Gonzalez,laura.gonzalez@gmail.com,39.0,F,Mexico,2023-07-11,2024-04-07,11.0,46.22,4.2,Books,social media,Yes,3.0,Desktop,Credit Card
659,Luis Diaz,luis.diaz@hotmail.com,54.0,MALE,brazil,2023-02-27,2024-11-21,12.0,1434.22,119.52,Home,Social Media,No,4.0,Desktop,PayPal
128,Ricardo Gomez,ricardo.gomez@gmail.com,52.0, Male,United States ,2023-05-26,2024-06-08,10.0,,27.88,BOOKS,email,No,,Desktop,Credit Card
1482,Ana Lopez,ana.lopez@gmail.com,36.0,male,Mexico,2022-06-22,2022-10-02,8.0,159.3,19.91,BEAUTY,PAID ADS,No,1.0,Mobile,Credit Card
1929,Carlos Diaz,,45.0,female, Mexico,2023-03-12,2023-08-11,3.0,120.82,40.27,Home,Organic Search,Yes,2.0,Desktop,PayPal
1635,Valentina Gutierrez,valentina.gutierrez@outlook.com,40.0,M,COLOMBIA,2024-04-12,2026-01-01,6.0,,61.66,Books,PAID ADS,No,3.0,Desktop,PayPal
1476,Laura Lopez,laura.lopez@yahoo.com,37.0, Male,Mexico,2022-04-19,2023-11-11,11.0,236.91,21.54,home,Social Media,No,5.0,Desktop,PayPal
460,Maria Rodriguez,maria.rodriguez@yahoo.com,28.0,FEMALE,Mexico,2022-06-09,2024-04-07,2.0,,29.94,Beauty,Referral,No,4.0,Mobile,PayPal
1107,Sofia Jimenez,sofia.jimenez@outlook.com,36.0, Male,Espana,2022-05-20,2024-03-18,4.0,163.34,40.84,BEAUTY,ORGANIC SEARCH,No,1.0,Mobile,Debit Card
951,Luis Garcia,luis.garcia@hotmail.com,53.0,female,MEXICO,2022-04-08,2023-08-06,4.0,25.65,6.41,Beauty,ORGANIC SEARCH,No,3.0,Mobile,Cash on Delivery
1080,Fernanda Ramirez,fernanda.ramirez@yahoo.com,,female,mexico,2023-07-28,2024-05-22,4.0,168.33,42.08,sports,email,No,2.0,Tablet,Cash on Delivery
770,Miguel Gutierrez,miguel.gutierrez@gmail.com,29.0,male,Mexico,2023-04-11,2025-01-12,8.0,176.02,22.0,Sports,Organic Search,No,4.0,Mobile,Debit Card
75,Javier Diaz,javier.diaz@hotmail.com,51.0,F,Peru,2022-02-01,2023-08-05,5.0,39.16,7.83,electronics,Organic Search,No,1.0,Tablet,Debit Card
1130,Paula Morales,paula.morales@yahoo.com,30.0,Male,colombia,2023-06-20,2025-04-21,6.0,48.72,8.12,Clothing,organic search,Yes,5.0,Tablet,Credit Card
1188,Andres Ramirez,andres.ramirez@gmail.com,30.0,Other, Mexico,2023-03-27,2024-10-18,5.0,103.07,20.61,books,PAID ADS,Yes,1.0,Tablet,PayPal
1672,Andres Rodriguez,andres.rodriguez@yahoo.com,,Female,us,2024-04-03,2024-05-15,9.0,388.26,43.14,Sports,PAID ADS,No,2.0,Mobile,Credit Card
462,Maria Lopez,maria.lopez@hotmail.com,45.0,Female,,2023-03-16,2023-08-02,13.0,26.65,2.05,BEAUTY,Paid Ads,No,1.0,Mobile,PayPal
1434,Andres Perez,andres.perez@yahoo.com,43.0, Male,COLOMBIA,2022-12-03,2022-12-26,8.0,318.62,39.83,Sports,Email,No,4.0,Mobile,Debit Card
640,Gabriela Jimenez,gabriela.jimenez@outlook.com,42.0,MALE,chile,2024-05-21,2024-11-08,4.0,67.77,16.94,Books, Email ,No,2.0,Tablet,PayPal
1728,Andres Flores,andres.flores@gmail.com,19.0,MALE,United States,2023-01-07,2024-03-13,7.0,1645.45,235.06,Home, Referral ,No,2.0,Desktop,Debit Card
632,Laura Diaz,laura.diaz@hotmail.com,55.0,F,Mexico,2023-11-25,,3.0,533.46,177.82,CLOTHING,Organic Search,Yes,1.0,Mobile,Credit Card
519,Diego Martinez,diego.martinez@yahoo.com,46.0, Male,USA,2024-03-31,2025-04-10,8.0,102.82,12.85,beauty, Email ,No,1.0,Desktop,Debit Card
1701,Jose Hernandez,jose.hernandez@yahoo.com,24.0,M,us,2023-07-14,2025-05-23,3.0,281.22,93.74,Beauty,Paid Ads,Yes,3.0,Desktop,Debit Card
1776,Maria Hernandez,maria.hernandez@outlook.com,28.0,OTHER,Spain,2022-07-26,2024-05-06,9.0,102.56,11.4,Sports,Referral,No,1.0,Desktop,Cash on Delivery
930,Andres Diaz,andres.diaz@gmail.com,24.0,other,Mexico,2022-10-02,2023-11-22,10.0,160.25,16.02,Books,Email,No,,Mobile,Cash on Delivery
231,Diego Gomez,,46.0,female,MEXICO,2023-10-12,2024-01-24,4.0,251.5,62.88,Sports,Referral,Yes,1.0,Desktop,PayPal
413,Jose Ortiz,jose.ortiz@hotmail.com,35.0,MALE,Argentina,2022-12-30,2024-02-04,11.0,78.42,7.13,Beauty,EMAIL,Yes,2.0,Tablet,PayPal
556,Camila Martinez,camila.martinez@gmail.com,39.0,Female,spain,2022-02-12,2021-01-01,3.0,53.69,17.9, Home ,Referral,Yes,2.0,Mobile,Credit Card
544,Carlos Sanchez,carlos.sanchez@yahoo.com,12.0,Female,United States ,2023-04-23,2023-04-25,2.0,740.61,370.3,Beauty,EMAIL,No,2.0,Desktop,Cash on Delivery
1387,Andres Morales,andres.morales@gmail.com,74.0,F,United States ,2024-06-04,2025-01-13,14.0,352.09,25.15,Books,Organic Search,Yes,5.0,Mobile,Debit Card
1295,Jorge Hernandez,jorge.hernandez@outlook.com,61.0,Male,USA,2023-07-04,2025-01-01,4.0,141.25,35.31,Home,Social Media,No,4.0,Tablet,Cash on Delivery
1568,Paula Hernandez,paula.hernandez@hotmail.com,20.0,F,MEXICO,2023-02-28,2024-07-10,7.0,254.14,36.31,BOOKS,paid ads,No,5.0,Mobile,Credit Card
1604,Laura Gomez,laura.gomez@hotmail.com,27.0,FEMALE,peru,2022-03-27,2022-10-04,7.0,341.69,48.81,HOME, Paid Ads ,Yes,2.0,Desktop,Credit Card
1251,Sofia Perez,sofia.perez@gmail.com,150.0,Female,Spain,2022-04-16,2023-03-31,8.0,34.66,4.33,SPORTS,Referral,No,4.0,Mobile,Debit Card
645,Ricardo Torres,ricardo.torres@gmail.com,40.0,male,chile,2023-05-16,2024-10-14,7.0,589.02,84.15,Electronics,REFERRAL,No,4.0,Tablet,PayPal
1472,Javier Cruz,javier.cruz@hotmail.com,37.0,female,Brazil,2024-03-23,2024-07-23,6.0,174.45,29.08,Clothing,Email,Yes,2.0,Tablet,Debit Card
1644,Andres Torres,andres.torres@yahoo.com,27.0,M,Mexico,2022-11-18,2023-12-17,1.0,461.21,461.21,BEAUTY,REFERRAL,No,,Desktop,Cash on Delivery
959,Jorge Flores,jorge.flores@outlook.com,21.0,FEMALE,Mexico,2022-09-29,2023-07-04,8.0,307.11,38.39,clothing,Paid Ads,No,2.0,Desktop,Cash on Delivery
665,Andres Lopez,andres.lopez@hotmail.com,31.0,Female,mexico,2024-02-21,2024-05-06,6.0,118.76,19.79,Sports,Email,Yes,1.0,Desktop,PayPal
1973,Javier Martinez,javier.martinez@hotmail.com,53.0,Female,Colombia,2024-05-16,2025-04-15,9.0,646.61,71.85, Sports ,Email,Yes,4.0,Desktop,Credit Card
1582,Sofia Morales,sofia.morales@outlook.com,39.0,FEMALE,Mexico,2022-07-09,2022-12-06,6.0,48.7,8.12,HOME,Email,No,1.0,Tablet,Credit Card
772,Jorge Garcia,jorge.garcia@outlook.com,44.0, Male,Mexico,2022-06-09,2023-03-30,5.0,26.56,5.31,Sports,Email,No,4.0,Desktop,Cash on Delivery
1481,Carlos Morales,carlos.morales@outlook.com,29.0,F,USA,2023-05-07,2023-08-16,8.0,40.26,5.03,clothing,ORGANIC SEARCH,No,4.0,Tablet,Debit Card
1791,Andres Martinez,andres.martinez@yahoo.com,34.0,female,COLOMBIA,2022-06-29,2022-12-26,3.0,509.42,169.81,beauty,email,No,3.0,Desktop,Debit Card
262,Carlos Gutierrez,carlos.gutierrez@gmail.com,37.0,M,U.S.A,2023-11-10,2023-12-11,7.0,139.82,19.97,BOOKS,Social Media,No,4.0,Mobile,PayPal
295,Camila Cruz,camila.cruz@outlook.com,,MALE,Colombia,2023-05-06,2025-01-22,2.0,395.18,197.59,Books,Paid Ads,No,5.0,Mobile,PayPal
722,Gabriela Diaz,gabriela.diaz@outlook.com,45.0,Male,Mexico,2024-02-14,2024-09-17,7.0,217.73,31.1,Home,social media,No,1.0,Mobile,Cash on Delivery
1861,Daniela Flores,daniela.flores@yahoo.com,37.0,Male,Spain,2024-06-08,2025-02-20,5.0,362.41,72.48,Clothing,REFERRAL,Yes,5.0,Desktop,Credit Card
1385,Miguel Morales,miguel.morales@gmail.com,31.0,Femenino,Chile,2022-08-07,2022-10-22,6.0,243.86,40.64,Electronics,Social Media,No,2.0,Mobile,PayPal
1426,Fernanda Gutierrez,fernanda.gutierrez@gmail.com,33.0,Femenino,Mexico,2022-08-14,2023-02-04,4.0,182.32,45.58,Electronics,Referral,No,4.0,Desktop,PayPal
1431,Diego Lopez,diego.lopez@outlook.com,,FEMALE,Brasil,2022-12-27,2023-04-14,5.0,13.75,2.75,Electronics,Paid Ads,No,1.0,Mobile,Credit Card
160,Ricardo Perez,ricardo.perez@gmail.com,49.0,Female,peru,2023-06-13,2025-01-24,4.0,268.25,67.06,Books,SOCIAL MEDIA,No,3.0,Tablet,Cash on Delivery
1392,Camila Flores,camila.flores@gmail.com,27.0,MALE,MEXICO,2022-04-30,2022-08-19,9.0,19.54,2.17,ELECTRONICS,organic search,No,4.0,Mobile,Credit Card
651,Diego Jimenez,diego.jimenez@hotmail.com,37.0, Male,U.S.A,2022-04-27,2023-05-27,6.0,52.63,8.77,ELECTRONICS,Email,No,1.0,Mobile,Credit Card
1863,Fernanda Lopez,fernanda.lopez@yahoo.com,27.0,Femenino, Mexico,2023-11-11,2025-07-29,7.0,341.18,48.74,Sports,Social Media,No,1.0,Mobile,Credit Card
695,Luis Ortiz,luis.ortiz@yahoo.com,27.0,male,Brazil,2023-07-27,2025-05-14,6.0,86.5,14.42,Home,Paid Ads,No,3.0,Desktop,Cash on Delivery
910,Luis Perez,luis.perez@yahoo.com,42.0,Femenino, Mexico,2023-10-13,2023-10-25,7.0,70.66,10.09,SPORTS,SOCIAL MEDIA,Yes,3.0,Tablet,PayPal
1983,Luis Diaz,luis.diaz@outlook.com,39.0,Female,Mexico,2023-09-16,2024-10-11,3.0,300.96,100.32,Electronics,Social Media,No,2.0,Mobile,Debit Card
869,Valentina Jimenez,valentina.jimenez@outlook.com,29.0,Female,Espana,2022-05-01,2022-11-14,5.0,102.02,20.4,Sports,SOCIAL MEDIA,No,5.0,Mobile,Credit Card
1729,Valentina Perez,valentina.perez@hotmail.com,34.0,Other,colombia,2022-11-14,2024-05-17,10.0,214.17,21.42,clothing,Social Media,Yes,3.0,Desktop,Debit Card
15,Daniela Gomez,daniela.gomez@hotmail.com,43.0,Male,Mexico,2023-05-13,2023-07-17,3.0,124.07,41.36,Books,Email,No,5.0,Mobile,Credit Card
976,Sofia Torres,,26.0,F,Mexico,2024-05-08,2025-04-04,3.0,253.66,84.55,Beauty,Organic Search,No,,Desktop,Cash on Delivery
1350,Andres Morales,andres.morales@yahoo.com,48.0,female,USA,2023-07-01,2024-12-25,1.0,91.81,91.81,Sports,SOCIAL MEDIA,No,4.0,Tablet,Debit Card
463,Daniela Torres,daniela.torres@yahoo.com,,female,MEXICO,2022-06-20,2023-02-06,7.0,313.88,44.84,Beauty,paid ads,No,1.0,Mobile,PayPal
1732,Gabriela Jimenez,gabriela.jimenez@gmail.com,68.0,M,USA,2024-03-13,2024-03-13,8.0,65.74,8.22,Beauty,Social Media,No,1.0,Tablet,Cash on Delivery
1884,Fernanda Torres,fernanda.torres@gmail.com,61.0, Male,Colombia,2023-02-07,2024-09-08,3.0,139.94,46.65, Sports ,Paid Ads,No,5.0,Tablet,Credit Card
620,Maria Ortiz,maria.ortiz@outlook.com,50.0,M,,2023-04-07,,7.0,143.45,20.49,Books,Referral,No,2.0,Mobile,Debit Card
1578,Ricardo Jimenez,ricardo.jimenez@outlook.com,35.0,F,,2022-06-16,2022-12-03,4.0,49.85,12.46,Electronics,PAID ADS,No,4.0,Mobile,Credit Card
1579,Maria Jimenez,,36.0,MALE,Chile,2024-06-15,2025-12-08,7.0,511.77,73.11,Beauty,Email,No,5.0,Mobile,PayPal
1261,Jose Ramirez,jose.ramirez@outlook.com,26.0, Male,Espana,2023-06-27,2025-04-25,6.0,1010.79,168.46,electronics,paid ads,Yes,3.0,Tablet,PayPal
874,Maria Lopez,,28.0,Male,argentina,2022-12-24,2023-06-19,4.0,80.66,20.16,Electronics,Organic Search,No,5.0,Tablet,Credit Card
467,Carlos Perez,carlos.perez@outlook.com,32.0,male,USA,2022-03-04,2022-07-14,3.0,537.97,179.32,Electronics,social media,Yes,,Mobile,Cash on Delivery
754,Gabriela Diaz,gabriela.diaz@outlook.com,23.0,M,Argentina,2023-03-23,2023-03-25,9.0,16.23,1.8,Beauty,Referral,Yes,5.0,Tablet,Cash on Delivery
1846,Paula Torres,paula.torres@gmail.com,,Male,Peru,2023-10-01,2024-08-11,11.0,100.94,9.18,Sports,Social Media,No,2.0,Desktop,Credit Card
942,Valentina Ortiz,valentina.ortiz@hotmail.com,23.0,M,United States,2022-03-19,2023-12-06,5.0,657.28,131.46,Clothing,REFERRAL,Yes,2.0,Tablet,Credit Card
883,Valentina Rivera,valentina.rivera@hotmail.com,29.0,M,Mexico,2022-05-14,2023-11-12,6.0,952.57,158.76,Beauty,Paid Ads,Yes,1.0,Desktop,Credit Card
292,Jose Perez,jose.perez@outlook.com,41.0,Female,MEXICO,2023-03-26,2024-10-12,5.0,209.49,41.9,Clothing,Email,No,5.0,Tablet,Credit Card
234,Ricardo Martinez,ricardo.martinez@hotmail.com,27.0,M,colombia,2022-06-04,2023-05-22,7.0,192.89,27.56,Beauty,Social Media,No,4.0,Desktop,Credit Card
742,Ricardo Rodriguez,ricardo.rodriguez@hotmail.com,22.0,Female,colombia,2023-06-28,2024-09-01,5.0,205.32,41.06,Sports,Referral,Yes,4.0,Tablet,PayPal
1349,Daniela Martinez,daniela.martinez@hotmail.com,8.0,Femenino,mexico,2022-11-14,2023-06-30,7.0,184.63,26.38,Clothing,Social Media,Yes,5.0,Desktop,Credit Card
1305,Paula Martinez,paula.martinez@gmail.com,41.0,female,United States ,2023-01-17,2024-02-27,3.0,35.63,11.88,SPORTS,Organic Search,No,5.0,Desktop,Credit Card
1680,Camila Cruz,camila.cruz@gmail.com,33.0,Female,Argentina,2024-03-18,2025-02-05,4.0,53.64,13.41, Home ,Organic Search,Yes,3.0,Mobile,Credit Card
1979,Luis Flores,luis.flores@gmail.com,44.0, Male,mexico,2022-11-21,2023-01-11,3.0,49.17,16.39,home,PAID ADS,No,5.0,Tablet,PayPal
50,Ricardo Diaz,ricardo.diaz@hotmail.com,36.0,MALE,colombia,2022-01-28,2023-06-14,7.0,214.63,30.66,Beauty,Email,No,2.0,Mobile,PayPal
786,Andres Martinez,andres.martinez@hotmail.com,43.0,Male,mexico,2023-05-04,2024-12-17,7.0,88.38,12.63,Books,Email,Yes,5.0,Tablet,Debit Card
1084,Andres Lopez,andres.lopez@hotmail.com,56.0,male,MEXICO,2023-03-13,2024-01-25,5.0,247.38,49.48,Clothing,Referral,No,1.0,Desktop,Cash on Delivery
1637,Carlos Flores,carlos.flores@hotmail.com,43.0,FEMALE,U.S.A,2022-11-20,2024-02-04,5.0,138.74,27.75,Beauty,Paid Ads,No,2.0,Desktop,Debit Card
1242,Ricardo Lopez,ricardo.lopez@outlook.com,25.0,M,Argentina,2022-12-28,2024-10-22,3.0,189.26,63.09,Sports,Social Media,No,3.0,Desktop,PayPal
535,Andres Reyes,andres.reyes@gmail.com,15.0,Female,United States ,2022-05-09,2023-10-26,3.0,371.81,123.94, Clothing ,Organic Search,No,1.0,Mobile,Cash on Delivery
629,Camila Gomez,camila.gomez@outlook.com,39.0,MALE,Mexico,2024-04-20,2024-05-07,3.0,39.47,13.16,electronics,Social Media,Yes,1.0,Mobile,Debit Card
929,Valentina Hernandez,valentina.hernandez@gmail.com,47.0,female,Argentina,2022-10-12,2023-04-07,7.0,51.64,7.38,ELECTRONICS, Referral ,Yes,3.0,Mobile,Credit Card
1691,Ricardo Ramirez,ricardo.ramirez@hotmail.com,48.0,F, Mexico,2022-10-24,2024-08-17,12.0,85.62,7.14,ELECTRONICS,Social Media,Yes,,Tablet,Cash on Delivery
526,Laura Perez,laura.perez@hotmail.com,35.0,Male,Espana,2024-03-09,2024-11-06,10.0,171.87,17.19,BEAUTY,Paid Ads,No,5.0,Mobile,Cash on Delivery
1081,Gabriela Ramirez,,59.0,MALE, Mexico,2024-04-30,2025-01-21,3.0,78.95,26.32,BEAUTY,Paid Ads,No,4.0,Tablet,Debit Card
400,Laura Cruz,,15.0,F,Mexico,2023-12-02,2024-07-10,6.0,336.31,56.05,Beauty, Social Media ,No,3.0,Mobile,Credit Card
1477,Diego Flores,diego.flores@hotmail.com,18.0,FEMALE,MEXICO,2022-09-18,2024-07-21,6.0,229.79,38.3,Beauty,Referral,No,3.0,Desktop,PayPal
1623,Gabriela Perez,gabriela.perez@gmail.com,57.0,Female,U.S.A,2024-04-24,2025-09-05,3.0,183.34,61.11,SPORTS,ORGANIC SEARCH,No,3.0,Desktop,Debit Card
1358,Maria Jimenez,maria.jimenez@yahoo.com,33.0,female,spain,2024-06-12,2025-10-21,6.0,69.29,11.55,SPORTS,EMAIL,No,4.0,Tablet,Cash on Delivery
1465,Pablo Sanchez,pablo.sanchez@gmail.com,32.0,female,MEXICO,2023-01-31,2024-06-14,13.0,40.75,3.13,Sports, Referral ,Yes,3.0,Mobile,Credit Card
1062,Javier Perez,javier.perez@yahoo.com,45.0,Femenino,Espana,2023-12-30,2024-10-26,11.0,153.5,13.95,clothing,ORGANIC SEARCH,Yes,5.0,Tablet,Cash on Delivery
590,Fernanda Perez,fernanda.perez@hotmail.com,34.0,F,U.S.A,2023-09-21,2024-05-29,4.0,52.97,13.24, Electronics ,Paid Ads,No,,Desktop,Credit Card
674,Luis Hernandez,luis.hernandez@outlook.com,18.0,M,Mexico,2023-07-21,2024-11-10,2.0,48.71,24.36,Electronics,EMAIL,Yes,1.0,Desktop,PayPal
1265,Sofia Flores,sofia.flores@outlook.com,18.0,Male,us,2023-02-28,2023-07-21,7.0,1741.82,248.83,sports, Organic Search ,No,2.0,Mobile,PayPal
107,Ricardo Morales,ricardo.morales@gmail.com,37.0,female,Brazil,2023-04-22,2023-08-20,5.0,66.51,13.3,Sports,email,Yes,4.0,Tablet,Credit Card
836,Ricardo Flores,ricardo.flores@yahoo.com,49.0,Female,Mexico,2022-03-29,2023-05-04,6.0,103.69,17.28, Electronics ,Referral,No,5.0,Tablet,Debit Card
252,Diego Rivera,diego.rivera@hotmail.com,46.0,MALE,COLOMBIA,2022-02-02,2023-05-10,3.0,1435.68,478.56,Clothing,Paid Ads,No,3.0,Tablet,PayPal
1600,Daniela Gomez,daniela.gomez@outlook.com,60.0,male,U.S.A,2022-05-23,2023-10-12,6.0,107.68,17.95,CLOTHING,paid ads,No,,Desktop,PayPal
1944,Ana Gutierrez,ana.gutierrez@yahoo.com,49.0, Male,United States ,2022-04-27,2023-09-10,6.0,67.96,11.33,Beauty,Paid Ads,No,3.0,Tablet,PayPal
391,Daniela Torres,daniela.torres@gmail.com,47.0, Male,Brasil,2022-06-03,2023-08-15,7.0,$311.89,44.56,sports,Social Media,Yes,3.0,Desktop,Debit Card
1240,Ana Garcia,ana.garcia@outlook.com,39.0,Male,brazil,2023-04-26,2024-10-06,7.0,33.82,4.83,CLOTHING,Organic Search,Yes,2.0,Mobile,Credit Card
795,Valentina Rodriguez,valentina.rodriguez@hotmail.com,46.0,MALE, Mexico,2022-10-24,2024-02-18,4.0,387.73,96.93,Electronics,Paid Ads,Yes,2.0,Desktop,Debit Card
57,Camila Cruz,camila.cruz@outlook.com,55.0,Other,MEXICO,2024-02-07,2025-05-08,5.0,155.01,31.0,beauty,Referral,No,3.0,Tablet,Cash on Delivery
669,Gabriela Rodriguez,,67.0,M, Mexico,2022-08-08,2023-12-19,10.0,373.67,37.37,sports,Organic Search,No,1.0,Tablet,Debit Card
682,Maria Martinez,maria.martinez@gmail.com,16.0, Male,Peru,2023-10-30,2025-01-24,5.0,103.89,20.78,Beauty,Email,No,1.0,Tablet,PayPal
804,Gabriela Rodriguez,gabriela.rodriguez@outlook.com,,M,United States,2022-05-04,2023-11-01,5.0,662.24,132.45,ELECTRONICS,Referral,No,2.0,Tablet,PayPal
1206,Gabriela Diaz,gabriela.diaz@hotmail.com,26.0,female,Mexico,2023-01-19,2024-05-21,6.0,64.09,10.68,Books,Referral,Yes,5.0,Desktop,PayPal
1078,Carlos Reyes,carlos.reyes@gmail.com,42.0,F,COLOMBIA,2024-04-01,2025-06-06,5.0,225.06,45.01,Home, Social Media ,No,1.0,Desktop,Debit Card
1719,Valentina Diaz,valentina.diaz@gmail.com,50.0,F,United States,2022-07-26,2024-05-22,8.0,621.05,77.63,BOOKS,Referral,No,2.0,Mobile,Debit Card
1895,Maria Gomez,maria.gomez@yahoo.com,35.0, Male,Spain,2022-07-12,2023-08-17,6.0,85.4,14.23, Clothing ,REFERRAL,No,4.0,Desktop,Debit Card
347,Jorge Perez,jorge.perez@gmail.com,33.0,Femenino,spain,2022-01-13,2023-03-14,9.0,19.28,2.14,Beauty,Organic Search,No,3.0,Mobile,Debit Card
1753,Paula Gutierrez,paula.gutierrez@gmail.com,,male,us,2023-11-07,2024-02-13,5.0,228.06,45.61,HOME,Social Media,Yes,4.0,Mobile,PayPal
152,Jose Perez,jose.perez@yahoo.com,32.0, Male,mexico,2023-08-08,2024-05-02,6.0,196.3,32.72, Sports ,Social Media,No,1.0,Desktop,PayPal
1737,Camila Sanchez,camila.sanchez@hotmail.com,29.0,Femenino,USA,2023-05-12,2023-08-15,8.0,158.83,19.85,books,Email,No,4.0,Desktop,Credit Card
828,Pablo Ortiz,pablo.ortiz@yahoo.com,33.0,M,Mexico,2023-07-13,2023-11-29,5.0,251.85,50.37,Electronics,Organic Search,No,5.0,Mobile,Debit Card
1255,Paula Lopez,paula.lopez@hotmail.com,34.0,MALE,Mexico,2022-09-01,2023-07-19,7.0,93.7,13.39,Clothing,Organic Search,No,,Tablet,Debit Card
525,Laura Rodriguez,laura.rodriguez@outlook.com,27.0,MALE,chile,2023-01-14,2023-09-24,5.0,54.36,10.87,Sports,Paid Ads,Yes,2.0,Desktop,Cash on Delivery
1266,Ana Gomez,ana.gomez@outlook.com,14.0,male,colombia,2024-02-11,2025-09-12,4.0,880.89,220.22,home,Paid Ads,Yes,4.0,Tablet,Cash on Delivery
22,Miguel Diaz,miguel.diaz@gmail.com,12.0, Male,Mexico,2022-06-25,2023-07-30,7.0,221.9,31.7,CLOTHING,EMAIL,No,2.0,Mobile,PayPal
406,Camila Reyes,camila.reyes@outlook.com,,female,Mexico,2023-05-01,2025-01-11,5.0,200.73,40.15,ELECTRONICS,social media,No,5.0,Mobile,Credit Card
258,Maria Diaz,maria.diaz@gmail.com,21.0,MALE,MEXICO,2022-12-27,2023-05-24,6.0,272.63,45.44,clothing,Email,Yes,5.0,Mobile,Credit Card
701,Camila Jimenez,camila.jimenez@outlook.com,36.0,MALE,MEXICO,2023-11-28,2023-12-09,1.0,109.55,109.55,Books, Referral ,No,5.0,Desktop,Credit Card
389,Pablo Gutierrez,pablo.gutierrez@hotmail.com,34.0,female,Argentina,2022-12-24,2024-07-11,4.0,,171.85,Books,social media,Yes,2.0,Mobile,Cash on Delivery
186,Valentina Gonzalez,valentina.gonzalez@yahoo.com,28.0,F,colombia,2022-08-03,2022-08-08,7.0,1680.32,240.05,CLOTHING,paid ads,Yes,3.0,Mobile,Debit Card
44,Miguel Cruz,miguel.cruz@gmail.com,29.0,MALE,colombia,2022-04-24,2023-09-27,2.0,440.31,220.16,Books,email,Yes,2.0,Mobile,Credit Card
474,Diego Lopez,diego.lopez@gmail.com,47.0,Female,Mexico,2022-12-31,2023-08-01,7.0,393.31,56.19,beauty,SOCIAL MEDIA,Yes,2.0,Mobile,Credit Card
853,Jorge Martinez,jorge.martinez@gmail.com,23.0,F,Colombia,2024-05-01,2024-09-03,5.0,244.76,48.95,Home,Referral,Yes,5.0,Mobile,Credit Card
1825,Ricardo Rivera,ricardo.rivera@yahoo.com,48.0,Male,,2022-03-11,2023-03-07,4.0,388.51,97.13,Beauty,Social Media,No,1.0,Mobile,Credit Card
341,Paula Ramirez,paula.ramirez@gmail.com,33.0,female,us,2022-12-09,2024-05-13,7.0,450.35,64.34,Electronics,Email,No,4.0,Mobile,Cash on Delivery
1167,Ana Cruz,ana.cruz@yahoo.com,35.0,male,United States ,2023-08-27,2023-10-24,2.0,286.83,143.42, Beauty ,Social Media,No,2.0,Tablet,PayPal
1462,Laura Ortiz,laura.ortiz@gmail.com,24.0,FEMALE,USA,2023-04-11,2025-03-03,8.0,111.94,13.99, Books ,social media,No,5.0,Mobile,PayPal
1543,Luis Rodriguez,luis.rodriguez@hotmail.com,44.0,Female,Mexico,2023-02-25,2023-07-14,2.0,236.19,118.1,books,social media,No,1.0,Tablet,PayPal
1042,Pablo Gonzalez,pablo.gonzalez@gmail.com,,F,United States,2022-02-16,2023-09-11,9.0,99.81,11.09,sports,Referral,Yes,1.0,Mobile,Credit Card
1947,Carlos Garcia,carlos.garcia@hotmail.com,25.0,F,spain,2022-06-09,2024-04-11,5.0,24.57,4.91,Books,Social Media,No,3.0,Mobile,Credit Card
961,Carlos Ortiz,carlos.ortiz@hotmail.com,25.0, Male,mexico,2022-03-15,2022-09-03,7.0,208.46,29.78,Electronics,Social Media,No,3.0,Desktop,PayPal
1503,Sofia Perez,sofia.perez@gmail.com,48.0,female,Chile,2022-06-26,2023-06-30,7.0,50.74,7.25,Electronics,Referral,No,2.0,Desktop,Credit Card
1454,Sofia Perez,sofia.perez@outlook.com,35.0,Male,Mexico,2022-06-12,2023-05-03,4.0,103.51,25.88,HOME,Paid Ads,Yes,2.0,Mobile,PayPal
1351,Luis Hernandez,luis.hernandez@gmail.com,32.0,F,Mexico,2023-10-28,2024-01-23,9.0,147.41,16.38,Clothing,organic search,Yes,5.0,Mobile,Credit Card
316,Javier Garcia,javier.garcia@hotmail.com,,female,mexico,2022-12-09,2023-09-27,9.0,69.65,7.74,Beauty,Organic Search,No,3.0,Desktop,Credit Card
330,Andres Martinez,andres.martinez@outlook.com,42.0,male,Mexico,2023-12-07,2024-01-17,4.0,141.08,35.27,Clothing,Email,No,,Mobile,Credit Card
513,Fernanda Gutierrez,fernanda.gutierrez@gmail.com,34.0,Male,colombia,2023-11-16,2023-12-26,7.0,510.35,72.91,Beauty,Social Media,No,,Mobile,PayPal
1469,Ricardo Flores,ricardo.flores@yahoo.com,32.0,OTHER, Mexico,2022-12-16,2023-02-02,11.0,216.87,19.72,Beauty,Paid Ads,No,2.0,Tablet,Debit Card
346,Jose Gonzalez,jose.gonzalez@yahoo.com,29.0,Femenino,Mexico,2024-06-16,2025-11-14,9.0,83.66,9.3,Electronics,Paid Ads,Yes,2.0,Tablet,PayPal
833,Diego Perez,diego.perez@hotmail.com,52.0,male,Mexico,2023-06-02,2024-12-07,3.0,119.06,39.69,ELECTRONICS,Organic Search,No,4.0,Mobile,Cash on Delivery
1311,Camila Flores,camila.flores@outlook.com,29.0,F,chile,2023-01-24,2023-12-06,10.0,,32.26,Clothing,email,Yes,1.0,Tablet,Cash on Delivery
684,Jorge Reyes,jorge.reyes@gmail.com,52.0, Male,Colombia,2023-08-26,2024-06-29,8.0,392.82,49.1,Home,Organic Search,No,3.0,Tablet,Cash on Delivery
1003,Andres Ortiz,andres.ortiz@yahoo.com,41.0,Female,MEXICO,2022-03-03,2023-04-12,4.0,67.45,16.86,Books,PAID ADS,No,2.0,Tablet,Cash on Delivery
1967,Miguel Morales,miguel.morales@yahoo.com,33.0,male,Brasil,2024-04-24,2025-02-23,7.0,412.89,58.98,Clothing,Organic Search,No,3.0,Mobile,Cash on Delivery
1906,Sofia Morales,sofia.morales@gmail.com,52.0,female,chile,2022-12-23,2024-07-10,4.0,213.24,53.31,ELECTRONICS,Paid Ads,No,3.0,Tablet,Credit Card
773,Ana Lopez,ana.lopez@gmail.com,35.0,FEMALE,spain,2022-06-09,2022-07-17,8.0,77.87,9.73, Beauty ,Paid Ads,No,4.0,Mobile,Credit Card
67,Gabriela Cruz,gabriela.cruz@outlook.com,34.0,M,Colombia,2023-06-23,2025-03-09,8.0,496.61,62.08,Home,Social Media,No,4.0,Mobile,Credit Card
1652,Ana Rodriguez,ana.rodriguez@yahoo.com,34.0,male,us,2022-11-15,2024-05-13,8.0,123.56,15.44,Home,Organic Search,No,2.0,Mobile,Credit Card
933,Jose Hernandez,jose.hernandez@outlook.com,25.0,other,Mexico,2024-02-06,2024-08-25,5.0,214.62,42.92,ELECTRONICS,Paid Ads,No,4.0,Mobile,PayPal
1957,Camila Flores,camila.flores@gmail.com,52.0,Male,Mexico,2024-03-03,2025-05-21,4.0,96.61,24.15,Books,Paid Ads,No,4.0,Mobile,Debit Card
1832,Jorge Lopez,jorge.lopez@gmail.com,52.0,MALE,peru,2023-04-25,2024-02-02,12.0,153.3,12.78,Electronics,Referral,Yes,4.0,Mobile,Credit Card
644,Diego Torres,diego.torres@gmail.com,42.0,F,Chile,2022-07-15,2024-01-09,6.0,90.29,15.05,books,social media,No,4.0,Desktop,Debit Card
1797,Jorge Diaz,jorge.diaz@outlook.com,34.0,M,Brazil,2022-10-28,2024-02-23,5.0,84.49,16.9,beauty,EMAIL,No,,Tablet,Debit Card
809,Miguel Morales,miguel.morales@hotmail.com,29.0, Male,colombia,2023-11-27,2025-08-27,5.0,189.18,37.84,Books,Organic Search,Yes,2.0,Tablet,PayPal
1308,Sofia Martinez,sofia.martinez@yahoo.com,38.0,Female,COLOMBIA,2024-04-11,2025-05-01,8.0,286.18,35.77,Electronics,ORGANIC SEARCH,No,4.0,Desktop,Cash on Delivery
646,Laura Garcia,laura.garcia@hotmail.com,45.0,FEMALE,MEXICO,2024-06-17,2025-07-17,5.0,126.97,25.39,Home,referral,No,4.0,Tablet,Cash on Delivery
418,Maria Gonzalez,maria.gonzalez@gmail.com,39.0,Female, Mexico,2023-09-28,2023-11-13,9.0,317.55,35.28,Clothing,Organic Search,No,2.0,Tablet,Credit Card
1733,Javier Ramirez,javier.ramirez@outlook.com,49.0,FEMALE,us,2023-03-19,,12.0,73.94,6.16,SPORTS,organic search,No,,Tablet,Credit Card
1471,Pablo Lopez,pablo.lopez@yahoo.com,, Male, Mexico,2023-09-01,2025-04-08,5.0,90.99,18.2,Electronics,Social Media,Yes,2.0,Desktop,PayPal
1139,Daniela Torres,daniela.torres@gmail.com,,M,Mexico,2024-03-10,2025-03-16,10.0,108.0,10.8,Books,Referral,Yes,1.0,Tablet,Credit Card
542,Luis Gutierrez,,,Female,Colombia,2023-02-27,2023-07-29,8.0,42.76,5.34,Home,Referral,Yes,3.0,Tablet,Credit Card
1941,Carlos Flores,carlos.flores@hotmail.com,24.0,male,argentina,2023-06-14,2024-07-05,10.0,361.68,36.17,HOME,PAID ADS,No,,Mobile,Credit Card
1897,Andres Flores,andres.flores@gmail.com,15.0, Male,COLOMBIA,2023-05-24,2024-10-09,7.0,654.36,93.48,Books,Social Media,Yes,1.0,Mobile,PayPal
1841,Valentina Jimenez,valentina.jimenez@outlook.com,46.0,male, Mexico,2023-08-20,2024-06-14,2.0,30.35,15.18,Beauty,Email,Yes,5.0,Tablet,Cash on Delivery
1296,Camila Morales,camila.morales@outlook.com,30.0,Male,spain,2022-04-14,2023-01-24,6.0,186.36,31.06,books,organic search,Yes,5.0,Mobile,Debit Card
314,Jose Rodriguez,jose.rodriguez@gmail.com,28.0,Femenino,argentina,2024-04-30,2024-05-06,4.0,96.75,24.19,Beauty,Email,No,5.0,Tablet,Cash on Delivery
307,Laura Perez,laura.perez@yahoo.com,24.0,female,colombia,2024-04-16,2025-02-05,4.0,259.95,64.99,Home, Social Media ,No,5.0,Tablet,Credit Card
941,Javier Cruz,javier.cruz@yahoo.com,23.0, Male,colombia,2024-05-12,2024-12-14,4.0,137.81,34.45,Clothing,Social Media,No,2.0,Tablet,Credit Card
1309,Valentina Garcia,valentina.garcia@gmail.com,28.0,F,,2023-09-22,2024-11-09,10.0,475.01,47.5,SPORTS,Paid Ads,No,4.0,Mobile,Credit Card
130,Paula Perez,paula.perez@hotmail.com,68.0, Male,Espana,2023-07-11,2024-05-21,12.0,691.32,57.61,Clothing,ORGANIC SEARCH,No,3.0,Desktop,PayPal
396,Pablo Diaz,pablo.diaz@yahoo.com,30.0,female,USA,2022-11-05,2024-09-22,7.0,699.99,100.0,beauty,Social Media,No,3.0,Tablet,Credit Card
1857,Miguel Sanchez,miguel.sanchez@hotmail.com,45.0, Male,spain,2022-11-18,2023-07-14,6.0,250.8,41.8,electronics,Organic Search,Yes,3.0,Tablet,PayPal
327,Sofia Perez,sofia.perez@outlook.com,34.0,Male,Mexico,2024-05-18,2025-05-15,10.0,161.35,16.13,home,Paid Ads,No,3.0,Desktop,Debit Card
192,Paula Ramirez,paula.ramirez@hotmail.com,41.0,OTHER,,2022-04-12,2023-07-29,7.0,,9.62,Electronics,Social Media,Yes,3.0,Tablet,PayPal
723,Fernanda Martinez,fernanda.martinez@outlook.com,42.0,male,Espana,2023-12-02,2025-01-29,5.0,64.39,12.88,Electronics,Referral,No,1.0,Mobile,PayPal
1174,Carlos Perez,carlos.perez@hotmail.com,9.0,MALE,mexico,2023-10-14,2025-02-13,5.0,70.63,14.13,Books,Organic Search,No,5.0,Desktop,Cash on Delivery
1815,Pablo Sanchez,pablo.sanchez@yahoo.com,23.0,M,colombia,2023-12-01,2025-09-23,7.0,196.57,28.08,books,Referral,Yes,2.0,Desktop,PayPal
1065,Ricardo Cruz,ricardo.cruz@yahoo.com,35.0,male,Chile,2022-01-12,2022-04-21,8.0,145.62,18.2, Books ,PAID ADS,No,1.0,Desktop,Debit Card
1331,Valentina Gomez,valentina.gomez@yahoo.com,48.0, Male,MEXICO,2022-03-20,2022-12-15,5.0,684.32,136.86,sports,ORGANIC SEARCH,Yes,1.0,Mobile,PayPal
1398,Javier Gutierrez,javier.gutierrez@hotmail.com,60.0,MALE, Mexico,2022-10-16,2024-02-04,3.0,78.13,26.04,SPORTS,Paid Ads,Yes,4.0,Mobile,PayPal
994,Valentina Jimenez,valentina.jimenez@yahoo.com,47.0,Other,Mexico,2024-04-07,2026-01-14,3.0,191.2,63.73,clothing,Organic Search,Yes,5.0,Mobile,Credit Card
921,Pablo Perez,,34.0,female,Brasil,2023-02-24,2024-01-31,7.0,162.36,23.19,Books,Social Media,Yes,2.0,Mobile,Credit Card
496,Valentina Lopez,,61.0,M,United States,2022-11-28,2024-01-03,4.0,186.1,46.52,books,Email,No,2.0,Mobile,Cash on Delivery
1297,Jose Lopez,jose.lopez@gmail.com,49.0,F,argentina,2022-07-15,2023-01-27,7.0,78.21,11.17,Electronics,Social Media,Yes,2.0,Tablet,PayPal
1033,Daniela Rivera,daniela.rivera@hotmail.com,28.0,Femenino,U.S.A,2023-08-20,2024-07-08,4.0,,9.76,beauty,EMAIL,No,3.0,Tablet,Cash on Delivery
868,Fernanda Hernandez,,34.0,male,mexico,2023-04-05,2023-05-23,7.0,172.11,24.59,sports,Social Media,No,,Tablet,PayPal
385,Ana Hernandez,ana.hernandez@hotmail.com,30.0,male,Peru,2023-03-06,2025-01-19,3.0,196.11,65.37,Beauty,Paid Ads,No,2.0,Tablet,Credit Card
1479,Sofia Ramirez,sofia.ramirez@gmail.com,36.0,male,Espana,2024-02-03,2025-11-12,3.0,,7.8,Home,Paid Ads,No,1.0,Tablet,Debit Card
653,Sofia Gutierrez,sofia.gutierrez@hotmail.com,62.0, Male,chile,2024-02-07,2024-12-23,6.0,170.13,28.36,Electronics,Referral,No,1.0,Desktop,Debit Card
1665,Camila Flores,camila.flores@yahoo.com,42.0,Femenino,,2022-08-06,2022-09-26,2.0,68.64,34.32,home,Email,Yes,1.0,Desktop,Credit Card
398,Carlos Gonzalez,carlos.gonzalez@hotmail.com,38.0,M,Colombia,2023-09-27,2025-06-25,8.0,1341.78,167.72,Clothing,Organic Search,No,2.0,Desktop,Credit Card
1943,Pablo Ortiz,pablo.ortiz@gmail.com,33.0,FEMALE,Spain,2022-01-01,2023-04-03,5.0,199.43,39.89,SPORTS,Paid Ads,No,5.0,Tablet,Credit Card
947,Jorge Rivera,jorge.rivera@hotmail.com,42.0,female,us,2022-02-03,2023-10-25,11.0,181.86,16.53,Electronics,organic search,No,4.0,Desktop,Debit Card
1494,Laura Cruz,,40.0,FEMALE,Colombia,2022-02-13,2022-04-25,5.0,400.94,80.19,Clothing,Social Media,Yes,4.0,Desktop,PayPal
1995,Ricardo Flores,ricardo.flores@gmail.com,42.0,other,United States ,2023-07-25,2023-09-05,2.0,85.87,42.94,Electronics,Social Media,No,4.0,Desktop,Credit Card
725,Ricardo Morales,ricardo.morales@hotmail.com,61.0,M,spain,2023-12-25,2025-11-20,6.0,32.76,5.46,Home,Social Media,No,1.0,Mobile,PayPal
533,Carlos Ortiz,carlos.ortiz@yahoo.com,63.0,M,COLOMBIA,2022-04-24,2024-01-14,10.0,151.3,15.13,Beauty,EMAIL,No,5.0,Desktop,Credit Card
763,Gabriela Sanchez,gabriela.sanchez@gmail.com,29.0,FEMALE,Mexico,2022-06-22,2023-06-25,6.0,224.83,37.47,books,Email,No,2.0,Tablet,Debit Card
162,Javier Lopez,javier.lopez@hotmail.com,60.0,MALE,United States ,2022-01-24,2023-02-17,4.0,161.18,40.3,Home,organic search,Yes,2.0,Mobile,Debit Card
1335,Camila Rodriguez,camila.rodriguez@yahoo.com,42.0,MALE,Brazil,2024-02-03,2024-11-22,6.0,309.1,51.52,Electronics,Social Media,No,5.0,Mobile,PayPal
1678,Valentina Morales,valentina.morales@hotmail.com,39.0,Femenino,us,2022-01-10,2023-09-11,11.0,421.49,38.32,BOOKS, Referral ,No,3.0,Desktop,Credit Card
1104,Carlos Ramirez,carlos.ramirez@hotmail.com,64.0,MALE, Mexico,2024-04-29,2024-07-21,2.0,111.25,55.62,SPORTS,Social Media,No,1.0,Desktop,Credit Card
937,Carlos Morales,carlos.morales@outlook.com,45.0,FEMALE, Mexico,2024-02-10,2024-06-07,5.0,344.16,68.83,Home,referral,No,4.0,Tablet,Credit Card
1040,Fernanda Hernandez,fernanda.hernandez@gmail.com,41.0,Other,COLOMBIA,2023-10-09,2024-07-15,2.0,470.61,235.3,books,Organic Search,No,2.0,Mobile,Debit Card
1367,Laura Gomez,laura.gomez@gmail.com,36.0,MALE,MEXICO,2023-01-29,2024-09-27,8.0,105.19,13.15,Home,Organic Search,No,3.0,Mobile,Cash on Delivery
1438,Javier Diaz,javier.diaz@gmail.com,,Female,Colombia,2023-10-12,2024-08-02,6.0,30.55,5.09,Beauty,Referral,No,4.0,Tablet,Cash on Delivery
1074,Camila Morales,camila.morales@outlook.com,34.0,female,Mexico,2023-10-14,2023-11-27,9.0,45.97,5.11,Sports,organic search,No,1.0,Mobile,Cash on Delivery
1275,Ricardo Lopez,ricardo.lopez@yahoo.com,49.0,female,U.S.A,2022-02-15,2023-03-31,2.0,107.02,53.51,Home,Organic Search,No,1.0,Desktop,Credit Card
1712,Diego Gutierrez,diego.gutierrez@outlook.com,37.0,Male,COLOMBIA,2024-02-13,2025-11-24,3.0,118.21,39.4,Clothing,Social Media,Yes,4.0,Desktop,Credit Card
21,Camila Perez,camila.perez@gmail.com,8.0,Female,Brazil,2022-10-12,2023-04-27,5.0,43.35,8.67,books,social media,No,2.0,Mobile,Credit Card
570,Andres Ortiz,andres.ortiz@gmail.com,46.0,Male,COLOMBIA,2023-06-05,2024-01-08,10.0,$20.80,2.08,books,email,No,1.0,Desktop,Credit Card
1455,Andres Reyes,andres.reyes@hotmail.com,45.0,Other,colombia,2023-11-12,2025-05-11,4.0,29.08,7.27,Sports,Email,No,4.0,Desktop,Cash on Delivery
1160,Laura Jimenez,laura.jimenez@outlook.com,29.0,Female,Colombia,2022-10-17,2024-01-04,8.0,129.73,16.22,Sports,Social Media,No,3.0,Mobile,Debit Card
654,Fernanda Sanchez,fernanda.sanchez@gmail.com,26.0,M,argentina,2023-02-23,2024-06-14,7.0,31.17,4.45,CLOTHING,Referral,Yes,4.0,Desktop,PayPal
697,Daniela Martinez,daniela.martinez@gmail.com,46.0,Femenino,MEXICO,2023-01-21,,1.0,353.69,353.69,electronics,EMAIL,Yes,5.0,Desktop,Cash on Delivery
482,Fernanda Jimenez,fernanda.jimenez@hotmail.com,25.0,Other,Espana,2022-05-24,2022-07-05,5.0,536.68,107.34,Beauty,Referral,No,4.0,Desktop,PayPal
34,Andres Diaz,andres.diaz@hotmail.com,55.0,MALE,U.S.A,2022-07-14,2023-07-16,4.0,57.25,14.31,home,organic search,No,3.0,Tablet,Credit Card
1135,Paula Cruz,paula.cruz@yahoo.com,37.0,female,colombia,2023-10-29,2025-03-01,3.0,171.76,57.25,Clothing,Paid Ads,Yes,4.0,Tablet,Debit Card
1407,Laura Sanchez,laura.sanchez@yahoo.com,35.0,F,Mexico,2022-02-18,2023-07-07,5.0,119.02,23.8,Books,Email,No,2.0,Desktop,Debit Card
1050,Maria Cruz,maria.cruz@outlook.com,34.0,F,argentina,2022-04-18,2022-10-18,5.0,228.54,45.71,CLOTHING,Paid Ads,No,2.0,Mobile,Debit Card
48,Pablo Flores,pablo.flores@gmail.com,37.0, Male, Mexico,2023-09-12,2024-01-12,5.0,372.73,74.55,Electronics,referral,No,3.0,Tablet,Cash on Delivery
1461,Ricardo Ramirez,ricardo.ramirez@outlook.com,27.0, Male, Mexico,2022-04-16,2024-01-27,6.0,132.22,22.04,Home, Social Media ,No,,Tablet,Credit Card
1199,Fernanda Gutierrez,fernanda.gutierrez@yahoo.com,29.0,female,United States ,2023-03-31,2024-04-01,5.0,470.68,94.14,Books,Paid Ads,Yes,2.0,Desktop,PayPal
30,Valentina Perez,valentina.perez@hotmail.com,42.0,Male,Mexico,2023-09-01,2024-02-02,6.0,907.85,151.31,Clothing,Paid Ads,No,2.0,Tablet,Credit Card
1006,Gabriela Sanchez,gabriela.sanchez@outlook.com,39.0,F,chile,2022-11-24,2023-08-26,10.0,323.69,32.37,Electronics,Paid Ads,Yes,2.0,Desktop,Credit Card
1178,Carlos Gonzalez,carlos.gonzalez@hotmail.com,45.0, Male,United States ,2024-03-16,2025-09-17,7.0,386.39,55.2, Beauty ,Social Media,Yes,1.0,Desktop,Credit Card
1483,Jose Morales,jose.morales@hotmail.com,28.0,MALE,Mexico,2022-07-10,2023-03-25,7.0,117.81,16.83,Sports,ORGANIC SEARCH,No,2.0,Tablet,Debit Card
1522,Daniela Perez,daniela.perez@yahoo.com,45.0,F,Colombia,2024-05-20,2024-07-30,9.0,71.36,7.93,Electronics,Organic Search,No,2.0,Tablet,Debit Card
1796,Sofia Gonzalez,sofia.gonzalez@gmail.com,42.0,OTHER,peru,2024-06-13,2026-03-31,6.0,490.4,81.73,Clothing,Organic Search,Yes,3.0,Desktop,Debit Card
1186,Laura Ortiz,laura.ortiz@yahoo.com,30.0,male,COLOMBIA,2023-01-21,2024-01-04,10.0,92.16,9.22,Clothing,Referral,No,5.0,Desktop,Credit Card
1269,Jorge Martinez,jorge.martinez@yahoo.com,14.0,male,chile,2023-03-23,2024-07-26,6.0,492.22,82.04,Sports,organic search,No,1.0,Mobile,Credit Card
511,Jorge Hernandez,jorge.hernandez@hotmail.com,34.0,M,Peru,2024-04-10,2024-08-14,5.0,226.37,45.27,Books,REFERRAL,No,1.0,Desktop,Cash on Delivery
1183,Javier Cruz,javier.cruz@yahoo.com,31.0,F,USA,2023-11-22,2024-04-02,5.0,106.07,21.21,Home,Referral,No,5.0,Desktop,Credit Card
531,Andres Ortiz,andres.ortiz@gmail.com,21.0,Femenino,spain,2022-04-25,,5.0,429.65,85.93,Home,Email,No,4.0,Tablet,PayPal
923,Valentina Martinez,valentina.martinez@yahoo.com,16.0,female,Spain,2023-04-19,2024-03-10,8.0,128.04,16.0,Clothing,EMAIL,Yes,1.0,Desktop,PayPal
502,Javier Rodriguez,javier.rodriguez@yahoo.com,23.0,female,Chile,2022-01-13,2023-09-13,6.0,53.81,8.97,Clothing,Social Media,No,2.0,Desktop,Credit Card
433,Fernanda Hernandez,fernanda.hernandez@outlook.com,23.0, Male,Chile,2022-08-14,2023-12-29,6.0,31.66,5.28,Books,Referral,Yes,1.0,Tablet,PayPal
254,Laura Flores,laura.flores@hotmail.com,26.0,FEMALE, Mexico,2023-01-20,2024-09-22,7.0,229.25,32.75, Sports ,ORGANIC SEARCH,No,,Tablet,Credit Card
1959,Javier Rodriguez,javier.rodriguez@yahoo.com,20.0,female,mexico,2024-03-23,2025-11-11,3.0,81.86,27.29, Electronics ,Social Media,No,,Tablet,Cash on Delivery
1845,Daniela Ortiz,daniela.ortiz@outlook.com,22.0,MALE,COLOMBIA,2023-04-09,2024-08-15,5.0,1229.64,245.93,BOOKS,Paid Ads,Yes,3.0,Desktop,Cash on Delivery
1758,Paula Flores,paula.flores@yahoo.com,51.0,Other,Mexico,2023-03-26,2024-08-14,10.0,179.45,17.94,Clothing,email,No,1.0,Desktop,PayPal
675,Paula Ortiz,paula.ortiz@outlook.com,56.0,Female,Chile,2023-01-08,2024-08-29,2.0,45.24,22.62,home,Organic Search,No,2.0,Mobile,Cash on Delivery
780,Pablo Garcia,pablo.garcia@gmail.com,36.0,Female,Colombia,2022-09-26,2023-12-03,7.0,51.26,7.32,Sports,Social Media,Yes,4.0,Tablet,Credit Card
367,Diego Perez,diego.perez@gmail.com,40.0,MALE,United States,2022-07-17,2022-09-05,6.0,129.65,21.61,beauty,Referral,No,3.0,Desktop,Cash on Delivery
1077,Daniela Martinez,daniela.martinez@hotmail.com,52.0,female,Mexico,2022-04-05,2023-02-26,5.0,97.84,19.57,sports,Referral,No,2.0,Desktop,Debit Card
1079,Valentina Lopez,valentina.lopez@outlook.com,41.0,Femenino,Espana,2022-09-23,2024-08-14,2.0,270.66,135.33, Beauty , Organic Search ,No,2.0,Desktop,Cash on Delivery
681,Daniela Martinez,daniela.martinez@hotmail.com,32.0,Female, Mexico,2022-06-06,2023-09-21,7.0,101.83,14.55, Electronics ,Organic Search,No,2.0,Mobile,Credit Card
1621,Jose Gutierrez,jose.gutierrez@gmail.com,42.0,Male,Espana,2023-09-30,2024-07-07,6.0,141.07,23.51,CLOTHING, Social Media ,Yes,2.0,Desktop,PayPal
813,Javier Hernandez,javier.hernandez@yahoo.com,34.0,M,Argentina,2022-12-14,2024-09-26,11.0,202.48,18.41, Electronics , Referral ,No,2.0,Tablet,Cash on Delivery
736,Javier Martinez,javier.martinez@hotmail.com,17.0,Male,,2022-01-31,,7.0,267.51,38.22,Home,organic search,No,,Desktop,PayPal
1049,Javier Hernandez,javier.hernandez@hotmail.com,35.0,F,Argentina,2023-02-14,2023-03-24,5.0,585.88,117.18,Books,Paid Ads,No,2.0,Tablet,Credit Card
299,Jose Lopez,jose.lopez@gmail.com,56.0,other,colombia,2022-10-04,2023-09-24,8.0,256.38,32.05,Beauty,Email,No,2.0,Tablet,Debit Card
557,Daniela Morales,daniela.morales@gmail.com,35.0,female,Mexico,2024-05-30,2025-09-29,9.0,257.49,28.61,Beauty,SOCIAL MEDIA,Yes,3.0,Mobile,PayPal
576,Miguel Perez,miguel.perez@outlook.com,45.0,FEMALE, Mexico,2022-01-04,,7.0,868.38,124.05,Electronics,Referral,Yes,2.0,Tablet,Credit Card
19,Fernanda Cruz,fernanda.cruz@gmail.com,47.0,Male,U.S.A,2022-06-12,2023-04-25,9.0,159.42,17.71,Beauty,Referral,No,1.0,Mobile,Credit Card
573,Jose Cruz,jose.cruz@hotmail.com,58.0,other,Espana,2022-06-12,2023-04-21,6.0,71.03,11.84,Clothing,social media,No,2.0,Desktop,Cash on Delivery
1279,Ana Gutierrez,ana.gutierrez@hotmail.com,42.0,M,USA,2023-08-30,2025-01-05,9.0,58.88,6.54,Clothing,Referral,Yes,4.0,Tablet,Credit Card
226,Laura Gomez,,21.0,Female,Espana,2023-07-05,2025-03-30,12.0,256.1,21.34,Clothing,organic search,No,5.0,Mobile,PayPal
600,Paula Sanchez,paula.sanchez@yahoo.com,,male,United States,2023-10-17,2025-03-19,2.0,106.56,53.28,Home,Paid Ads,No,5.0,Desktop,Debit Card
420,Camila Ramirez,camila.ramirez@gmail.com,48.0, Male, Mexico,2024-02-05,2024-07-24,4.0,56.12,14.03,SPORTS,Organic Search,No,2.0,Tablet,PayPal
1573,Daniela Diaz,daniela.diaz@gmail.com,57.0,M,,2023-02-23,2023-08-18,3.0,34.59,11.53,sports,Organic Search,Yes,2.0,Mobile,Debit Card
1303,Javier Gomez,javier.gomez@gmail.com,45.0,Female,Mexico,2022-10-16,2022-10-23,9.0,381.92,42.44,Home,Organic Search,No,3.0,Mobile,Cash on Delivery
1247,Pablo Morales,pablo.morales@yahoo.com,29.0,F, Mexico,2022-08-12,2022-08-12,11.0,332.69,30.24,Books,SOCIAL MEDIA,No,1.0,Mobile,PayPal
1656,Sofia Torres,sofia.torres@gmail.com,18.0,Male,mexico,2022-04-21,2023-12-11,4.0,357.32,89.33,BEAUTY,Social Media,Yes,2.0,Mobile,Cash on Delivery
1449,Daniela Gomez,daniela.gomez@hotmail.com,42.0, Male,Colombia,2024-01-07,2024-10-10,5.0,277.94,55.59,Books,Social Media,No,4.0,Mobile,Debit Card
219,Valentina Gonzalez,valentina.gonzalez@yahoo.com,27.0,M,argentina,2024-06-10,2025-06-01,8.0,169.41,21.18,HOME,Email,No,5.0,Tablet,PayPal
308,Andres Hernandez,andres.hernandez@outlook.com,51.0,female,mexico,2023-01-10,2023-06-02,5.0,98.03,19.61,SPORTS, Email ,No,5.0,Tablet,PayPal
157,Maria Ramirez,maria.ramirez@yahoo.com,50.0,F,USA,2022-01-27,2023-01-05,5.0,239.96,47.99,books,Social Media,No,1.0,Mobile,Credit Card
172,Luis Cruz,luis.cruz@hotmail.com,37.0,M,us,2022-05-12,2022-06-13,6.0,482.21,80.37,Home,Referral,Yes,2.0,Tablet,Debit Card
1467,Paula Flores,paula.flores@gmail.com,23.0,Female,Brasil,2023-06-23,2023-08-09,2.0,47.68,23.84,BOOKS,Email,No,1.0,Desktop,Credit Card
1607,Maria Perez,,46.0,Male,MEXICO,2022-08-09,2022-10-22,10.0,206.57,20.66,CLOTHING,referral,Yes,4.0,Desktop,Cash on Delivery
706,Andres Gonzalez,andres.gonzalez@gmail.com,41.0,F,mexico,2023-03-17,2024-09-14,4.0,142.14,35.53,Home,Social Media,No,3.0,Tablet,PayPal
287,Carlos Ortiz,carlos.ortiz@yahoo.com,50.0,Femenino,mexico,2022-09-10,2023-07-07,3.0,229.73,76.58,Books,email,Yes,2.0,Mobile,Cash on Delivery
1091,Camila Perez,camila.perez@outlook.com,19.0,Femenino,Colombia,2023-05-10,2023-11-02,9.0,98.95,10.99,Sports,Referral,No,,Mobile,Cash on Delivery
454,Ana Torres,ana.torres@yahoo.com,38.0,Female,United States ,2024-05-04,2025-08-16,6.0,1001.58,166.93,Home,Social Media,Yes,5.0,Mobile,PayPal
1966,Daniela Jimenez,daniela.jimenez@gmail.com,42.0,FEMALE,colombia,2024-03-17,2025-03-14,3.0,687.17,229.06,Electronics,ORGANIC SEARCH,No,1.0,Tablet,PayPal
72,Carlos Gomez,carlos.gomez@outlook.com,35.0,Other,MEXICO,2023-01-18,2023-12-31,6.0,191.97,32.0,Electronics,Referral,Yes,5.0,Mobile,Credit Card
1926,Maria Rivera,maria.rivera@gmail.com,32.0,FEMALE,Espana,2023-07-26,2024-07-21,5.0,259.88,51.98,Electronics, Email ,Yes,3.0,Tablet,Debit Card
1437,Valentina Gonzalez,,47.0,M, Mexico,2022-03-16,2022-07-23,2.0,273.66,136.83,beauty,Email,Yes,4.0,Tablet,PayPal
83,Carlos Perez,carlos.perez@outlook.com,31.0,Male,MEXICO,2024-01-11,2024-08-10,3.0,25.52,8.51, Electronics ,Social Media,Yes,2.0,Mobile,Cash on Delivery
1935,Maria Hernandez,maria.hernandez@outlook.com,34.0,male,MEXICO,2024-04-24,2025-02-04,3.0,220.07,73.36,Beauty,email,No,3.0,Mobile,Cash on Delivery
1980,Ricardo Hernandez,ricardo.hernandez@yahoo.com,42.0,FEMALE,Mexico,2023-08-16,,4.0,85.08,21.27,sports,Paid Ads,No,1.0,Tablet,Credit Card
1945,Miguel Martinez,miguel.martinez@hotmail.com,,Other,Chile,2022-06-02,2023-06-02,10.0,280.38,28.04,Sports,Organic Search,No,3.0,Mobile,Debit Card
16,Ricardo Perez,ricardo.perez@gmail.com,47.0,female,United States ,2024-04-05,2025-03-09,3.0,231.26,77.09,Sports,Referral,No,1.0,Tablet,PayPal
1740,Sofia Reyes,sofia.reyes@gmail.com,45.0,F,Colombia,2022-02-06,2022-10-22,6.0,381.98,63.66,Sports, Paid Ads ,No,3.0,Tablet,PayPal
536,Carlos Gutierrez,carlos.gutierrez@yahoo.com,55.0,MALE,COLOMBIA,2022-09-12,2023-09-15,2.0,159.18,79.59,Beauty,Paid Ads,No,5.0,Tablet,PayPal
1550,Ana Gomez,ana.gomez@outlook.com,43.0,other, Mexico,2023-02-14,2024-04-16,5.0,119.08,23.82,Electronics,Organic Search,Yes,2.0,Tablet,Credit Card
919,Jose Reyes,jose.reyes@outlook.com,29.0,FEMALE,United States,2022-01-16,2022-03-23,7.0,159.71,22.82,Beauty,Email,No,,Tablet,PayPal
452,Gabriela Jimenez,gabriela.jimenez@hotmail.com,37.0,FEMALE,USA,2024-04-13,2026-03-02,6.0,20.83,3.47,Home,Social Media,No,3.0,Mobile,PayPal
1547,Javier Ramirez,javier.ramirez@gmail.com,43.0,Female, Mexico,2023-01-13,2023-08-19,5.0,84.45,16.89,SPORTS,Referral,No,3.0,Tablet,PayPal
405,Diego Sanchez,diego.sanchez@hotmail.com,44.0,Male,MEXICO,2022-11-19,2023-01-27,4.0,11.03,2.76,Sports, Paid Ads ,Yes,3.0,Tablet,PayPal
1877,Sofia Diaz,sofia.diaz@outlook.com,37.0,Femenino,mexico,2023-07-18,2024-09-09,6.0,383.89,63.98,HOME,Email,Yes,4.0,Mobile,Credit Card
1515,Sofia Gonzalez,sofia.gonzalez@yahoo.com,38.0,FEMALE,Colombia,2023-01-26,2023-11-26,7.0,81.31,11.62,electronics,EMAIL,No,1.0,Mobile,PayPal
1824,Pablo Hernandez,pablo.hernandez@gmail.com,40.0,Female, Mexico,2022-01-10,2022-04-12,4.0,124.46,31.12,Beauty,PAID ADS,No,4.0,Tablet,PayPal
740,Pablo Perez,pablo.perez@yahoo.com,45.0,Male, Mexico,2022-07-02,2023-01-02,10.0,262.83,26.28,Home,SOCIAL MEDIA,Yes,3.0,Tablet,Debit Card
365,Maria Morales,maria.morales@yahoo.com,37.0,MALE,mexico,2022-11-05,2024-01-14,3.0,52.29,17.43,Clothing,Paid Ads,Yes,4.0,Tablet,Cash on Delivery
1484,Maria Lopez,maria.lopez@outlook.com,53.0,OTHER,COLOMBIA,2023-07-02,2024-07-27,6.0,87.43,14.57,Sports,SOCIAL MEDIA,No,5.0,Tablet,Debit Card
105,Ricardo Jimenez,ricardo.jimenez@gmail.com,37.0, Male,us,2022-11-03,2024-04-24,9.0,109.21,12.13,ELECTRONICS,Organic Search,No,5.0,Tablet,Credit Card
1293,Valentina Lopez,valentina.lopez@hotmail.com,43.0,female,Peru,2022-11-11,2022-11-15,5.0,76.37,15.27, Books ,Social Media,Yes,3.0,Mobile,Debit Card
1883,Carlos Rivera,carlos.rivera@outlook.com,10.0,MALE,chile,2024-05-14,2024-06-10,8.0,206.42,25.8,Clothing,Paid Ads,Yes,1.0,Desktop,Cash on Delivery
887,Luis Ortiz,luis.ortiz@yahoo.com,34.0,M,Espana,2023-07-04,2023-12-13,5.0,226.83,45.37,Books,referral,Yes,5.0,Desktop,Debit Card
662,Daniela Morales,daniela.morales@yahoo.com,33.0,Male,mexico,2023-03-07,2024-08-22,3.0,152.24,50.75,Electronics,REFERRAL,Yes,1.0,Desktop,Credit Card
242,Andres Diaz,andres.diaz@hotmail.com,47.0,other,COLOMBIA,2024-03-23,2024-08-23,5.0,88.31,17.66,Books, Email ,No,4.0,Tablet,Credit Card
431,Luis Martinez,luis.martinez@outlook.com,27.0,male,chile,2022-09-30,2023-11-14,9.0,107.8,11.98,Electronics,PAID ADS,Yes,1.0,Tablet,Cash on Delivery
815,Ricardo Hernandez,ricardo.hernandez@yahoo.com,49.0,FEMALE,MEXICO,2022-11-07,2024-03-15,8.0,52.63,6.58,Clothing,Referral,Yes,4.0,Tablet,Debit Card
1946,Maria Cruz,,44.0,FEMALE,spain,2024-04-13,2024-04-27,5.0,125.12,25.02,home,Social Media,No,2.0,Mobile,Credit Card
1228,Jorge Sanchez,jorge.sanchez@outlook.com,22.0,F,MEXICO,2024-06-15,2024-07-06,8.0,150.0,18.75,CLOTHING,Referral,No,2.0,Mobile,Cash on Delivery
631,Daniela Ortiz,daniela.ortiz@gmail.com,36.0,male,United States,2022-02-05,2022-03-17,7.0,430.61,61.52,Beauty,Paid Ads,No,2.0,Desktop,Credit Card
97,Sofia Ortiz,sofia.ortiz@yahoo.com,41.0,FEMALE,COLOMBIA,2022-06-03,2023-03-25,8.0,360.28,45.04,Clothing,Email,No,5.0,Desktop,Debit Card
468,Andres Diaz,andres.diaz@outlook.com,43.0,male, Mexico,2023-05-20,2025-02-02,9.0,185.7,20.63,Home,Paid Ads,No,2.0,Desktop,PayPal
1598,Daniela Rivera,daniela.rivera@yahoo.com,49.0,other,brazil,2022-11-21,2024-01-19,3.0,61.25,20.42,beauty,Paid Ads,No,2.0,Mobile,Cash on Delivery
1517,Diego Hernandez,diego.hernandez@yahoo.com,38.0,female,Espana,2023-08-31,2025-01-18,9.0,38.03,4.23,Electronics,Email,No,4.0,Tablet,Debit Card
1191,Valentina Garcia,valentina.garcia@yahoo.com,42.0,Other,Mexico,2022-02-20,2022-02-26,10.0,70.94,7.09,Sports,Referral,No,5.0,Tablet,Credit Card
85,Paula Martinez,paula.martinez@yahoo.com,51.0,female,Mexico,2024-01-08,2025-06-17,5.0,64.14,12.83,Home,Email,No,3.0,Desktop,Cash on Delivery
702,Paula Morales,paula.morales@gmail.com,36.0,female,COLOMBIA,2023-10-01,2024-02-24,6.0,122.4,20.4,Books,Social Media,No,1.0,Desktop,PayPal
10,Luis Gomez,luis.gomez@gmail.com,38.0,MALE,Mexico,2022-01-30,2023-06-29,8.0,588.3,73.54,Electronics,PAID ADS,No,3.0,Desktop,Credit Card
605,Fernanda Morales,fernanda.morales@gmail.com,34.0,Male, Mexico,2023-12-04,2025-05-16,3.0,26.5,8.83,Home,REFERRAL,No,3.0,Mobile,Debit Card
879,Camila Jimenez,camila.jimenez@yahoo.com,34.0,M,MEXICO,2023-01-15,2024-04-18,5.0,220.83,44.17,electronics, Email ,Yes,3.0,Tablet,Debit Card
1340,Valentina Jimenez,valentina.jimenez@hotmail.com,43.0,Female,mexico,2022-12-01,2023-03-29,10.0,132.14,13.21, Books ,Organic Search,No,1.0,Desktop,Debit Card
774,Daniela Cruz,daniela.cruz@outlook.com,36.0, Male, Mexico,2023-05-22,2021-01-01,6.0,76.58,12.76,sports,Email,No,4.0,Tablet,Credit Card
1386,Sofia Lopez,sofia.lopez@outlook.com,27.0, Male,COLOMBIA,2023-08-22,2024-08-03,3.0,199.79,66.6,Books,Social Media,Yes,3.0,Desktop,PayPal
1163,Fernanda Hernandez,fernanda.hernandez@hotmail.com,17.0,Female,,2022-10-11,2023-08-15,6.0,99.75,16.62,Clothing,Social Media,No,4.0,Tablet,Cash on Delivery
277,Diego Lopez,diego.lopez@gmail.com,31.0,Male,spain,2024-04-24,2025-06-30,5.0,269.84,53.97,Electronics,email,No,1.0,Tablet,Debit Card
1409,Ana Diaz,ana.diaz@yahoo.com,51.0,FEMALE,Espana,2024-02-13,2025-05-25,7.0,141.92,20.27,beauty,Paid Ads,Yes,,Mobile,Credit Card
1373,Valentina Perez,valentina.perez@hotmail.com,38.0,Femenino, Mexico,2022-09-18,2023-12-02,3.0,119.27,39.76,Home,Organic Search,Yes,2.0,Desktop,PayPal
89,Ricardo Perez,ricardo.perez@outlook.com,56.0,Femenino,Mexico,2022-06-29,2024-04-30,8.0,262.02,32.75,Books,Paid Ads,Yes,3.0,Tablet,Cash on Delivery
91,Valentina Jimenez,valentina.jimenez@yahoo.com,29.0,Female,Mexico,2022-08-31,2023-06-01,7.0,127.98,18.28,Electronics,Paid Ads,No,2.0,Tablet,Credit Card
766,Ricardo Flores,ricardo.flores@gmail.com,25.0,Male,us,2022-09-09,2023-02-17,6.0,1876.62,312.77,Clothing, Email ,Yes,2.0,Mobile,PayPal
281,Jose Morales,jose.morales@hotmail.com,26.0,M,United States,2023-09-28,2025-04-01,5.0,53.64,10.73,Home,Paid Ads,No,1.0,Desktop,Debit Card
1008,Camila Ramirez,camila.ramirez@outlook.com,,MALE,us,2023-07-30,,4.0,108.22,27.06, Home ,Social Media,Yes,1.0,Mobile,Credit Card
652,Javier Jimenez,javier.jimenez@outlook.com,42.0,female,U.S.A,2022-06-04,2022-06-14,6.0,548.12,91.35,SPORTS,Paid Ads,Yes,3.0,Desktop,Debit Card
1485,Valentina Ramirez,valentina.ramirez@yahoo.com,42.0,M,USA,2023-12-25,2025-06-27,9.0,46.25,5.14,BEAUTY,email,No,1.0,Desktop,Cash on Delivery
1683,Ana Lopez,ana.lopez@hotmail.com,58.0,female,Mexico,2024-04-20,2025-10-18,6.0,220.63,36.77,Electronics,SOCIAL MEDIA,No,5.0,Mobile,Credit Card
1900,Laura Ortiz,laura.ortiz@outlook.com,,Other,colombia,2022-02-02,2023-12-11,6.0,453.64,75.61,books,REFERRAL,No,1.0,Mobile,Debit Card
1589,Pablo Diaz,pablo.diaz@outlook.com,42.0,Male,Mexico,2022-12-15,2024-06-03,3.0,26.63,8.88,books,Organic Search,Yes,3.0,Tablet,Debit Card
1227,Maria Rivera,maria.rivera@hotmail.com,43.0,F,Espana,2024-05-06,2026-01-13,0.0,122.67,122.67,Electronics,social media,No,3.0,Tablet,PayPal
1427,Javier Torres,javier.torres@outlook.com,61.0,M,Espana,2024-05-14,2025-05-07,5.0,58.82,11.76,Sports,Social Media,No,1.0,Mobile,PayPal
1365,Andres Hernandez,andres.hernandez@hotmail.com,30.0,Male,Chile,2023-08-02,2024-05-06,7.0,$82.29,11.76,BEAUTY,EMAIL,Yes,1.0,Mobile,Credit Card
993,Carlos Hernandez,carlos.hernandez@outlook.com,49.0,F,us,2024-05-11,2025-08-28,13.0,103.27,7.94,Clothing,Organic Search,No,,Mobile,Credit Card
366,Camila Rodriguez,camila.rodriguez@outlook.com,33.0,M,U.S.A,2022-11-21,2024-06-17,7.0,24.49,3.5,Home,Social Media,Yes,2.0,Mobile,Cash on Delivery
24,Gabriela Rivera,,44.0,Other,Mexico,2023-06-27,2025-04-04,3.0,214.13,71.38,Books,Organic Search,No,3.0,Tablet,Cash on Delivery
1370,Paula Martinez,paula.martinez@hotmail.com,29.0,OTHER,Argentina,2023-07-14,2024-11-29,2.0,1962.34,981.17,BOOKS,EMAIL,Yes,3.0,Tablet,Cash on Delivery
677,Andres Gutierrez,andres.gutierrez@yahoo.com,38.0,female, Mexico,2022-08-15,2023-10-08,5.0,127.86,25.57,Home,paid ads,No,3.0,Mobile,Cash on Delivery
999,Jorge Ramirez,jorge.ramirez@yahoo.com,47.0,Femenino,Argentina,2022-01-27,2022-04-01,11.0,80.82,7.35,BOOKS,email,Yes,4.0,Tablet,Debit Card
1190,Ana Reyes,ana.reyes@hotmail.com,26.0,male,,2022-06-30,2023-01-01,6.0,53.82,8.97,Beauty,Organic Search,Yes,1.0,Desktop,Debit Card
1359,Maria Hernandez,maria.hernandez@gmail.com,19.0,female,United States ,2022-12-20,2024-10-22,4.0,333.59,83.4,Beauty,Email,Yes,1.0,Mobile,Debit Card
311,Javier Gonzalez,javier.gonzalez@yahoo.com,41.0,M,Chile,2022-08-01,2022-09-09,6.0,321.38,53.56,Beauty,social media,Yes,2.0,Mobile,Debit Card
1061,Ricardo Lopez,ricardo.lopez@yahoo.com,30.0, Male,United States,2024-06-09,2024-10-08,4.0,776.85,194.21,Clothing,referral,Yes,,Mobile,PayPal
641,Javier Lopez,javier.lopez@outlook.com,37.0,Male,Spain,2023-05-02,2023-11-24,7.0,246.35,35.19,Books,organic search,No,3.0,Mobile,Debit Card
1378,Ricardo Rivera,,42.0, Male,United States ,2023-06-03,2023-06-22,3.0,126.3,42.1,electronics,Referral,Yes,4.0,Desktop,Cash on Delivery
1404,Laura Gutierrez,laura.gutierrez@yahoo.com,40.0,F,Spain,2023-01-30,2023-12-22,3.0,,108.1,clothing,Social Media,Yes,,Mobile,Credit Card
241,Maria Lopez,maria.lopez@hotmail.com,38.0,female,Espana,2022-12-28,2023-06-15,7.0,711.05,101.58,BEAUTY, Referral ,No,2.0,Desktop,Cash on Delivery
667,Camila Lopez,camila.lopez@hotmail.com,55.0,male,Espana,2022-10-30,,6.0,70.31,11.72,books,Social Media,Yes,2.0,Desktop,Debit Card
1343,Maria Rodriguez,maria.rodriguez@yahoo.com,33.0,FEMALE,Argentina,2024-03-29,2025-07-05,5.0,167.59,33.52, Sports ,organic search,No,5.0,Mobile,Credit Card
1795,Diego Jimenez,diego.jimenez@hotmail.com,25.0,FEMALE, Mexico,2023-06-04,2025-04-25,7.0,75.11,10.73,Books,email,No,3.0,Tablet,Credit Card
1287,Gabriela Martinez,gabriela.martinez@hotmail.com,33.0,MALE,Chile,2022-08-10,2022-08-12,4.0,195.85,48.96, Beauty ,Organic Search,No,1.0,Tablet,Credit Card
99,Paula Morales,paula.morales@outlook.com,45.0,other,us,2022-08-18,2024-05-23,4.0,133.06,33.26,Sports,Email,No,4.0,Desktop,PayPal
168,Carlos Reyes,carlos.reyes@gmail.com,26.0, Male,Colombia,2023-07-17,2024-11-04,3.0,159.99,53.33,Books,email,No,3.0,Desktop,Credit Card
497,Maria Reyes,maria.reyes@hotmail.com,48.0,Femenino,mexico,2022-04-06,2023-01-12,9.0,128.32,14.26,Clothing,Organic Search,No,2.0,Desktop,Cash on Delivery
276,Diego Ramirez,diego.ramirez@outlook.com,50.0,male,Mexico,2022-09-21,2022-12-13,8.0,162.61,20.33,Clothing,Organic Search,Yes,,Mobile,Debit Card
1114,Jose Ortiz,,36.0,other,United States,2024-04-28,2024-09-18,8.0,161.81,20.23,Beauty,EMAIL,Yes,1.0,Mobile,PayPal
715,Gabriela Flores,gabriela.flores@gmail.com,33.0,OTHER,United States,2023-09-23,2025-03-05,13.0,255.87,19.68,Electronics,Social Media,Yes,3.0,Desktop,Debit Card
1540,Paula Reyes,paula.reyes@outlook.com,59.0,M,argentina,2023-02-08,2023-12-06,3.0,103.0,34.33,Home,PAID ADS,No,3.0,Desktop,Credit Card
1708,Gabriela Morales,gabriela.morales@hotmail.com,56.0, Male,COLOMBIA,2023-12-10,2023-12-26,8.0,273.4,34.17,BEAUTY,PAID ADS,Yes,3.0,Tablet,Cash on Delivery
332,Miguel Jimenez,miguel.jimenez@hotmail.com,32.0,F,argentina,2022-05-26,2023-09-26,5.0,93.37,18.67,Electronics,Referral,No,,Mobile,Credit Card
220,Gabriela Hernandez,gabriela.hernandez@gmail.com,43.0, Male,chile,2023-06-05,,5.0,82.5,16.5,electronics,Social Media,No,4.0,Mobile,Debit Card
434,Maria Perez,maria.perez@gmail.com,38.0,Male,mexico,2022-02-27,2023-06-29,3.0,174.52,58.17,Sports,Social Media,Yes,,Tablet,Debit Card
1948,Gabriela Sanchez,gabriela.sanchez@outlook.com,32.0,M,chile,2022-05-26,2023-12-25,5.0,312.47,62.49,Books,Social Media,Yes,4.0,Desktop,Debit Card
1738,Luis Flores,luis.flores@outlook.com,7.0,F, Mexico,2023-06-20,2024-11-03,4.0,117.59,29.4,clothing,organic search,Yes,4.0,Tablet,Credit Card
487,Laura Lopez,laura.lopez@yahoo.com,53.0,Other,brazil,2023-10-18,2025-06-10,9.0,67.33,7.48,Books,Paid Ads,Yes,,Desktop,Cash on Delivery
1538,Maria Martinez,maria.martinez@outlook.com,42.0, Male,Espana,2023-04-26,2023-09-01,7.0,109.15,15.59,Sports,Social Media,No,4.0,Desktop,Credit Card
532,Carlos Reyes,carlos.reyes@gmail.com,44.0,Male,Peru,2022-03-27,2023-01-13,9.0,,11.25,Home,Email,No,3.0,Mobile,PayPal
1765,Andres Ramirez,,37.0,female,,2022-04-29,,4.0,210.0,52.5,Electronics,Referral,No,5.0,Mobile,Credit Card
261,Ricardo Garcia,ricardo.garcia@gmail.com,24.0,Male,Mexico,2022-07-24,,4.0,494.63,123.66,BEAUTY, Referral ,No,2.0,Mobile,PayPal
811,Ana Flores,ana.flores@gmail.com,46.0,F,spain,2022-12-10,2024-05-28,5.0,96.86,19.37,Clothing,Referral,No,3.0,Desktop,Debit Card
306,Maria Rodriguez,maria.rodriguez@outlook.com,49.0,female,Argentina,2023-07-18,2024-07-10,9.0,70.22,7.8,Sports,Email,No,4.0,Desktop,PayPal
1715,Paula Cruz,paula.cruz@outlook.com,29.0,Female,Argentina,2023-06-09,2024-03-16,2.0,238.18,119.09,home,PAID ADS,Yes,1.0,Desktop,Cash on Delivery
197,Laura Gonzalez,laura.gonzalez@yahoo.com,42.0,Female,USA,2023-09-13,2024-04-04,5.0,131.86,26.37,Electronics,REFERRAL,No,4.0,Desktop,Credit Card
1165,Camila Martinez,camila.martinez@hotmail.com,48.0,male,MEXICO,2024-06-18,2025-10-01,9.0,66.86,7.43,Clothing,REFERRAL,No,1.0,Tablet,Cash on Delivery
1619,Maria Ramirez,maria.ramirez@outlook.com,30.0,other,United States,2023-01-17,2023-09-04,3.0,82.62,27.54,beauty,Email,No,2.0,Tablet,PayPal
1147,Camila Gomez,camila.gomez@hotmail.com,32.0,MALE,us,2022-01-14,2023-06-08,7.0,54.03,7.72,Home,Paid Ads,Yes,5.0,Tablet,Debit Card
495,Jose Ramirez,jose.ramirez@hotmail.com,44.0,M,Spain,2024-02-22,2024-07-14,12.0,96.33,8.03, Home ,Paid Ads,No,4.0,Mobile,Cash on Delivery
111,Jose Gonzalez,jose.gonzalez@gmail.com,32.0,FEMALE,colombia,2024-03-29,2024-10-13,6.0,34.15,5.69,clothing,Social Media,Yes,3.0,Tablet,Credit Card
1109,Gabriela Ortiz,gabriela.ortiz@hotmail.com,36.0,M,mexico,2023-06-12,2024-12-11,3.0,103.37,34.46, Beauty ,SOCIAL MEDIA,Yes,2.0,Desktop,Credit Card
1666,Miguel Torres,miguel.torres@hotmail.com,52.0,MALE,United States,2023-11-05,2024-11-03,6.0,104.95,17.49,Clothing,Social Media,No,3.0,Desktop,Cash on Delivery
514,Fernanda Morales,fernanda.morales@outlook.com,33.0,FEMALE,Mexico,2022-07-24,2022-08-11,3.0,680.0,226.67,beauty,Email,Yes,4.0,Mobile,Credit Card
692,Ricardo Gomez,ricardo.gomez@gmail.com,37.0,FEMALE,Mexico,2023-08-25,2025-03-10,7.0,491.19,70.17,CLOTHING,Organic Search,Yes,3.0,Tablet,PayPal
1507,Gabriela Reyes,gabriela.reyes@gmail.com,26.0,MALE,USA,2022-07-03,2023-02-28,4.0,394.52,98.63,Sports,ORGANIC SEARCH,No,,Mobile,Cash on Delivery
370,Ricardo Hernandez,ricardo.hernandez@yahoo.com,49.0,FEMALE,Mexico,2023-12-10,2024-08-17,7.0,175.54,25.08,sports,Social Media,No,3.0,Tablet,Cash on Delivery
1958,Camila Cruz,camila.cruz@yahoo.com,45.0,FEMALE,brazil,2023-10-16,2025-09-11,6.0,468.49,78.08,Home,Email,No,5.0,Tablet,Debit Card
794,Fernanda Flores,fernanda.flores@hotmail.com,41.0,male,MEXICO,2024-04-27,2025-03-26,4.0,157.3,39.33,Electronics,Social Media,No,1.0,Tablet,Credit Card
1099,Ana Hernandez,ana.hernandez@outlook.com,32.0,Femenino,us,2024-06-02,2025-02-16,5.0,599.5,119.9,books,Paid Ads,No,4.0,Mobile,Debit Card
1544,Andres Morales,andres.morales@outlook.com,41.0,Femenino,MEXICO,2022-02-11,2023-05-11,7.0,803.47,114.78,Books,Organic Search,Yes,2.0,Mobile,Credit Card
1842,Luis Torres,luis.torres@outlook.com,35.0,M,MEXICO,2023-08-02,2024-09-30,6.0,81.06,13.51,Books,Referral,Yes,10.0,Desktop,Debit Card
927,Camila Gomez,camila.gomez@hotmail.com,43.0,MALE,USA,2023-01-01,2023-08-30,6.0,50.86,8.48,Electronics,Social Media,No,5.0,Mobile,Cash on Delivery
274,Jorge Torres,jorge.torres@hotmail.com,,M,peru,2023-02-22,2024-12-17,3.0,455.73,151.91,sports,Social Media,Yes,,Tablet,Debit Card
397,Ana Ortiz,ana.ortiz@hotmail.com,35.0,male,MEXICO,2023-06-09,2024-11-11,8.0,16.32,2.04,Books,Email,No,3.0,Tablet,Credit Card
1179,Jose Lopez,jose.lopez@gmail.com,45.0,Femenino,argentina,2024-06-13,2025-07-29,4.0,241.87,60.47,Beauty,Referral,No,3.0,Mobile,PayPal
1372,Laura Lopez,laura.lopez@yahoo.com,38.0,F, Mexico,2023-08-17,2024-05-07,9.0,184.37,20.49,SPORTS,EMAIL,No,1.0,Desktop,PayPal
1216,Maria Gonzalez,maria.gonzalez@gmail.com,37.0, Male,Mexico,2023-11-15,2025-03-20,3.0,565.6,188.53,Home,Referral,No,,Mobile,Credit Card
798,Diego Rivera,diego.rivera@gmail.com,29.0,Female,Chile,2023-12-22,2025-06-27,4.0,80.88,20.22, Sports ,Organic Search,No,2.0,Desktop,Debit Card
1299,Camila Flores,camila.flores@gmail.com,46.0,Femenino,Spain,2022-01-06,2022-08-31,2.0,51.39,25.7,Clothing,social media,No,1.0,Tablet,Debit Card
1212,Ricardo Gonzalez,ricardo.gonzalez@gmail.com,55.0,OTHER,Argentina,2022-12-23,2023-11-22,9.0,183.3,20.37,HOME,Social Media,No,4.0,Desktop,PayPal
1075,Diego Rivera,diego.rivera@gmail.com,44.0,Femenino,us,2023-02-15,2023-06-26,6.0,273.07,45.51,Electronics,Social Media,No,5.0,Tablet,Credit Card
1063,Maria Sanchez,maria.sanchez@yahoo.com,30.0,female,United States ,2022-11-02,2023-04-29,6.0,407.4,67.9,Electronics,paid ads,No,3.0,Desktop,Cash on Delivery
962,Valentina Ramirez,valentina.ramirez@yahoo.com,46.0,Male,Mexico,2024-04-05,2024-07-23,9.0,285.91,31.77,Books,Organic Search,No,1.0,Tablet,Cash on Delivery
419,Jose Gonzalez,jose.gonzalez@yahoo.com,43.0,MALE,Peru,2022-07-17,2022-08-01,12.0,197.65,16.47,Clothing,Paid Ads,No,1.0,Desktop,Cash on Delivery
1469,Ricardo Flores,ricardo.flores@yahoo.com,32.0,OTHER, Mexico,2022-12-16,2023-02-02,11.0,216.87,19.72,Beauty,Paid Ads,No,2.0,Tablet,Debit Card
1233,Jorge Diaz,jorge.diaz@hotmail.com,42.0,male,U.S.A,2023-05-08,2024-11-16,5.0,67.28,13.46,home,Social Media,Yes,3.0,Tablet,PayPal
376,Luis Gutierrez,luis.gutierrez@yahoo.com,26.0,female,COLOMBIA,2023-03-21,2023-03-23,7.0,42.34,6.05, Beauty ,Social Media,Yes,2.0,Mobile,Credit Card
464,Valentina Rivera,valentina.rivera@yahoo.com,27.0,Femenino,,2022-04-03,2022-08-10,6.0,104.31,17.39,Sports,Social Media,No,1.0,Desktop,Credit Card
471,Daniela Jimenez,daniela.jimenez@hotmail.com,51.0,M, Mexico,2022-06-14,2023-06-18,4.0,129.89,32.47,CLOTHING,paid ads,Yes,5.0,Desktop,Debit Card
1542,Sofia Rivera,sofia.rivera@gmail.com,,FEMALE,mexico,2022-12-14,2023-06-29,8.0,322.57,40.32,Electronics,Email,No,1.0,Tablet,Debit Card
1100,Valentina Gonzalez,valentina.gonzalez@hotmail.com,45.0,FEMALE,MEXICO,2022-12-19,2024-06-25,4.0,67.05,16.76,SPORTS, Paid Ads ,Yes,2.0,Mobile,PayPal
1273,Gabriela Diaz,gabriela.diaz@gmail.com,35.0,Female,argentina,2022-02-21,2023-07-19,9.0,230.43,25.6,Books,Social Media,No,4.0,Desktop,Cash on Delivery
560,Pablo Rivera,pablo.rivera@yahoo.com,35.0,male,Colombia,2023-07-06,2023-07-11,5.0,,14.64,Books,SOCIAL MEDIA,Yes,1.0,Mobile,Cash on Delivery
303,Ana Rivera,ana.rivera@gmail.com,45.0,FEMALE,colombia,2023-11-30,2024-02-10,6.0,24.49,4.08,CLOTHING,Organic Search,Yes,5.0,Mobile,PayPal
583,Maria Gonzalez,maria.gonzalez@gmail.com,34.0,F,MEXICO,2022-01-14,2023-11-24,8.0,,3.5,Books,Email,No,3.0,Desktop,Debit Card
1270,Ana Gutierrez,ana.gutierrez@yahoo.com,44.0,female,MEXICO,2022-03-27,2023-02-26,7.0,83.79,11.97,Books,Social Media,No,1.0,Mobile,PayPal
1990,Gabriela Torres,gabriela.torres@yahoo.com,40.0,Femenino,mexico,2024-05-15,2025-01-28,6.0,671.55,111.92,electronics,social media,No,3.0,Tablet,Credit Card
799,Laura Cruz,laura.cruz@hotmail.com,46.0,F, Mexico,2023-02-23,2023-09-14,1.0,319.17,319.17,clothing,REFERRAL,No,4.0,Tablet,PayPal
12,Jorge Sanchez,jorge.sanchez@outlook.com,36.0,F,United States ,2024-01-22,2025-12-02,4.0,32.82,8.2,Home,PAID ADS,Yes,5.0,Desktop,Credit Card
1716,Pablo Gonzalez,pablo.gonzalez@hotmail.com,40.0, Male,United States ,2023-07-25,2024-09-14,6.0,162.89,27.15,Sports,Referral,Yes,5.0,Tablet,PayPal
1510,Javier Perez,javier.perez@outlook.com,38.0, Male,peru,2023-02-01,2023-07-11,4.0,,56.61,Home,Paid Ads,Yes,,Mobile,Cash on Delivery
1487,Carlos Perez,carlos.perez@gmail.com,,male,chile,2022-05-23,2022-10-05,9.0,98.66,10.96,beauty,Paid Ads,No,2.0,Desktop,Debit Card
539,Camila Flores,camila.flores@outlook.com,34.0,Female,Colombia,2022-10-25,2024-05-13,8.0,119.47,14.93,Beauty,Social Media,No,3.0,Tablet,PayPal
628,Miguel Garcia,miguel.garcia@gmail.com,47.0,FEMALE,United States ,2024-01-05,2024-11-04,9.0,82.82,9.2,books,Email,Yes,3.0,Mobile,Credit Card
282,Diego Sanchez,diego.sanchez@outlook.com,50.0,F,argentina,2023-03-15,2023-03-15,6.0,97.72,16.29,Electronics,Referral,No,1.0,Mobile,Credit Card
1278,Ricardo Lopez,ricardo.lopez@outlook.com,38.0,female,peru,2023-10-25,2023-12-12,6.0,1255.36,209.23,Home,ORGANIC SEARCH,Yes,1.0,Tablet,Cash on Delivery
984,Paula Reyes,,34.0,Female,mexico,2022-09-05,2024-04-16,5.0,277.33,55.47,Clothing,ORGANIC SEARCH,Yes,4.0,Desktop,Cash on Delivery
1822,Ricardo Garcia,ricardo.garcia@yahoo.com,59.0,male,us,2022-01-14,2023-01-24,4.0,49.71,12.43, Beauty ,ORGANIC SEARCH,No,4.0,Desktop,Cash on Delivery
1480,Valentina Morales,valentina.morales@yahoo.com,47.0,female, Mexico,2022-02-10,2023-12-20,8.0,118.85,14.86,beauty,Social Media,No,3.0,Desktop,Credit Card
224,Sofia Ramirez,sofia.ramirez@yahoo.com,70.0,female,Spain,2022-12-24,2024-10-21,6.0,272.37,45.4,electronics,organic search,Yes,3.0,Tablet,PayPal
1602,Daniela Gomez,daniela.gomez@outlook.com,38.0,M,USA,2022-04-06,2023-12-24,12.0,$585.60,48.8,Clothing,Organic Search,Yes,2.0,Tablet,Credit Card
673,Paula Jimenez,paula.jimenez@gmail.com,48.0,MALE,Colombia,2022-11-14,2023-11-17,7.0,170.0,24.29,Beauty,Paid Ads,Yes,4.0,Tablet,Credit Card
1244,Diego Flores,diego.flores@outlook.com,43.0, Male,colombia,2022-04-09,2023-05-15,4.0,157.58,39.4,SPORTS,EMAIL,Yes,5.0,Mobile,PayPal
967,Paula Lopez,paula.lopez@gmail.com,42.0,MALE,Brazil,2022-09-23,2023-02-21,6.0,507.47,84.58,Home,Paid Ads,No,5.0,Tablet,Credit Card
1450,Maria Torres,maria.torres@gmail.com,44.0,Female,chile,2023-09-17,2025-02-18,3.0,176.37,58.79,beauty,Social Media,No,1.0,Tablet,PayPal
1394,Daniela Hernandez,daniela.hernandez@outlook.com,51.0,Femenino,USA,2024-05-11,2024-12-16,6.0,109.94,18.32,CLOTHING,referral,Yes,,Desktop,Cash on Delivery
1150,Pablo Martinez,pablo.martinez@yahoo.com,39.0,FEMALE,Mexico,2024-05-04,2025-12-23,7.0,66.1,9.44,Books,Social Media,No,4.0,Tablet,Debit Card
1094,Miguel Lopez,miguel.lopez@outlook.com,30.0,MALE,MEXICO,2023-04-22,2024-09-14,7.0,147.43,21.06,clothing,organic search,No,4.0,Desktop,Debit Card
859,Javier Cruz,javier.cruz@hotmail.com,57.0,M,United States,2022-04-20,2023-12-02,6.0,191.82,31.97,Beauty,Email,No,2.0,Desktop,Credit Card
995,Camila Morales,,21.0,FEMALE,MEXICO,2022-08-05,2022-12-20,4.0,520.09,130.02, Beauty ,Social Media,Yes,3.0,Desktop,Cash on Delivery
581,Luis Sanchez,luis.sanchez@gmail.com,51.0,male,Mexico,2023-10-06,2023-11-05,6.0,141.55,23.59,Clothing,Paid Ads,No,2.0,Mobile,Cash on Delivery
1046,Carlos Jimenez,carlos.jimenez@hotmail.com,,Female,,2022-05-11,2023-11-03,1.0,261.96,261.96,Home,Email,No,2.0,Mobile,PayPal
78,Sofia Ramirez,sofia.ramirez@yahoo.com,66.0,F,,2022-04-29,2022-08-11,6.0,173.22,28.87,Books,Social Media,No,1.0,Tablet,Debit Card
548,Andres Rivera,andres.rivera@outlook.com,32.0,OTHER,Mexico,2022-02-23,2022-07-08,4.0,144.37,36.09,Beauty,Social Media,Yes,4.0,Tablet,Debit Card
453,Diego Rodriguez,diego.rodriguez@hotmail.com,43.0,OTHER,Mexico,2023-05-18,2024-08-06,6.0,192.85,32.14,Books,Social Media,Yes,3.0,Tablet,Credit Card
749,Laura Ramirez,laura.ramirez@outlook.com,45.0,MALE,spain,2022-08-11,2023-06-01,6.0,70.58,11.76,Books,Email,No,2.0,Desktop,Credit Card
1132,Javier Torres,javier.torres@hotmail.com,40.0,Femenino,Espana,2023-10-15,2025-04-11,3.0,99.13,33.04,Clothing,Email,No,4.0,Tablet,Cash on Delivery
827,Javier Sanchez,javier.sanchez@gmail.com,17.0, Male,Mexico,2024-01-18,2025-11-09,7.0,82.12,11.73,electronics,Social Media,No,1.0,Mobile,PayPal
126,Andres Gonzalez,andres.gonzalez@yahoo.com,30.0,M,U.S.A,2022-05-20,2024-03-09,4.0,54.84,13.71,Clothing,Referral,Yes,5.0,Desktop,Debit Card
1253,Luis Hernandez,luis.hernandez@yahoo.com,43.0,FEMALE,Spain,2023-05-03,,5.0,156.33,31.27, Sports ,email,Yes,3.0,Tablet,Credit Card
758,Miguel Gomez,miguel.gomez@gmail.com,47.0,FEMALE,MEXICO,2023-06-12,2023-12-26,6.0,241.93,40.32,books,Paid Ads,No,2.0,Mobile,PayPal
1067,Gabriela Reyes,gabriela.reyes@yahoo.com,23.0,male,MEXICO,2022-06-29,2022-09-27,7.0,371.16,53.02,clothing, Social Media ,Yes,3.0,Mobile,PayPal
1541,Diego Cruz,diego.cruz@hotmail.com,49.0, Male,brazil,2022-06-13,2023-11-17,5.0,53.42,10.68,Home,Email,No,5.0,Desktop,PayPal
1597,Javier Perez,,55.0,Male,colombia,2023-07-01,2023-10-02,9.0,399.05,44.34,Clothing,Email,Yes,2.0,Mobile,Cash on Delivery
577,Gabriela Gonzalez,gabriela.gonzalez@gmail.com,26.0,FEMALE,United States ,2023-06-10,,4.0,386.93,96.73,electronics,Social Media,No,5.0,Tablet,Debit Card
1576,Laura Diaz,laura.diaz@yahoo.com,27.0,FEMALE,Spain,2022-07-10,2023-09-27,6.0,46.84,7.81,Beauty,Social Media,No,4.0,Desktop,Credit Card
622,Diego Sanchez,diego.sanchez@outlook.com,49.0,F,chile,2023-11-18,2024-01-10,8.0,197.61,24.7,Electronics, Email ,Yes,5.0,Mobile,PayPal
768,Diego Gutierrez,diego.gutierrez@gmail.com,37.0,F,,2023-11-10,2025-08-10,5.0,294.78,58.96,ELECTRONICS,Referral,Yes,3.0,Desktop,Credit Card
1399,Ana Garcia,ana.garcia@outlook.com,24.0,MALE,United States,2023-12-27,2025-01-15,3.0,264.7,88.23,Sports,Referral,No,5.0,Mobile,PayPal
1230,Jose Reyes,jose.reyes@hotmail.com,44.0,F,mexico,2024-04-11,2024-08-14,5.0,508.83,101.77,Clothing,Email,No,3.0,Mobile,PayPal
448,Jorge Gomez,jorge.gomez@gmail.com,41.0,F,U.S.A,2022-02-11,2023-01-05,8.0,24.61,3.08,sports,Organic Search,Yes,4.0,Mobile,PayPal
386,Maria Jimenez,maria.jimenez@yahoo.com,52.0,FEMALE,mexico,2023-02-28,2023-04-02,5.0,123.09,24.62,Home,social media,No,4.0,Desktop,Credit Card
1031,Diego Cruz,diego.cruz@hotmail.com,,MALE,mexico,2022-01-10,2022-07-15,6.0,107.65,17.94,electronics, Paid Ads ,No,5.0,Mobile,Cash on Delivery
1843,Fernanda Rivera,fernanda.rivera@yahoo.com,47.0,male,peru,2024-04-16,2025-02-11,8.0,230.51,28.81,BEAUTY,Paid Ads,Yes,1.0,Desktop,PayPal
803,Camila Gutierrez,camila.gutierrez@gmail.com,33.0, Male,colombia,2022-03-01,2023-03-28,5.0,232.42,46.48,Sports, Organic Search ,Yes,1.0,Tablet,PayPal
845,Ana Torres,ana.torres@outlook.com,44.0,other,U.S.A,2023-10-11,2024-09-18,8.0,50.58,6.32,Electronics,Social Media,No,,Desktop,Debit Card
1518,Ana Ortiz,ana.ortiz@yahoo.com,29.0,other,United States ,2023-07-21,2024-02-17,3.0,215.81,71.94, Books ,paid ads,Yes,3.0,Desktop,PayPal
1724,Daniela Gutierrez,daniela.gutierrez@yahoo.com,28.0,Femenino,United States ,2022-10-02,2024-08-07,7.0,66.26,9.47,Electronics,Referral,No,3.0,Mobile,Debit Card
1981,Javier Torres,javier.torres@yahoo.com,25.0, Male,Mexico,2022-04-06,2024-01-03,7.0,709.43,101.35,Clothing,Email,Yes,3.0,Mobile,Cash on Delivery
1700,Jorge Morales,jorge.morales@hotmail.com,27.0,Female,chile,2023-03-28,2024-02-24,5.0,437.75,87.55,beauty,Social Media,No,5.0,Tablet,Debit Card
1751,Gabriela Rivera,gabriela.rivera@outlook.com,31.0,F,chile,2023-02-21,2021-01-01,9.0,69.46,7.72,Sports,Organic Search,No,3.0,Desktop,PayPal
260,Andres Gutierrez,andres.gutierrez@gmail.com,39.0,FEMALE,Colombia,2024-06-04,2024-07-08,4.0,,132.82,Clothing,Paid Ads,No,2.0,Tablet,Cash on Delivery
283,Javier Perez,javier.perez@gmail.com,44.0,FEMALE,spain,2022-07-16,2023-03-21,5.0,204.21,40.84,Books,Paid Ads,Yes,5.0,Mobile,Debit Card
635,Carlos Rodriguez,carlos.rodriguez@gmail.com,24.0,MALE,Spain,2024-05-30,2025-12-13,7.0,160.14,22.88,HOME,Email,Yes,1.0,Mobile,Credit Card
1615,Luis Morales,luis.morales@yahoo.com,53.0,FEMALE,Mexico,2023-06-10,2024-05-01,5.0,40.88,8.18,Beauty,Organic Search,No,2.0,Mobile,Credit Card
1916,Camila Rodriguez,camila.rodriguez@gmail.com,29.0,female,COLOMBIA,2023-04-04,2024-11-21,11.0,419.32,38.12,ELECTRONICS,Organic Search,Yes,5.0,Desktop,PayPal
475,Paula Martinez,paula.martinez@outlook.com,58.0,male,peru,2022-04-05,2022-05-16,5.0,247.47,49.49,Beauty,paid ads,Yes,1.0,Tablet,Debit Card
456,Andres Torres,andres.torres@gmail.com,,Femenino,Colombia,2024-06-11,2026-01-22,4.0,148.05,37.01,CLOTHING,organic search,No,2.0,Desktop,Debit Card
321,Laura Rodriguez,laura.rodriguez@yahoo.com,50.0,Femenino,Colombia,2022-04-11,2022-08-14,3.0,450.6,150.2,ELECTRONICS,Social Media,No,3.0,Desktop,Credit Card
435,Valentina Torres,,35.0,MALE,us,2023-10-15,2024-03-28,11.0,131.66,11.97,Clothing,EMAIL,No,2.0,Mobile,PayPal
1688,Valentina Ortiz,,25.0,F,U.S.A,2023-12-19,2025-06-03,5.0,190.83,38.17,home,Email,No,2.0,Mobile,PayPal
1962,Jorge Jimenez,jorge.jimenez@yahoo.com,28.0,F,Brazil,2024-06-18,2026-02-12,10.0,184.9,18.49,Beauty,Paid Ads,No,3.0,Tablet,Credit Card
300,Ana Jimenez,ana.jimenez@gmail.com,25.0,FEMALE,COLOMBIA,2022-11-14,2023-10-22,2.0,107.63,53.82,books,organic search,No,4.0,Tablet,Debit Card
437,Andres Gomez,andres.gomez@yahoo.com,,Other, Mexico,2024-04-13,2025-11-24,5.0,124.12,24.82,Books,Organic Search,No,4.0,Mobile,PayPal
1700,Jorge Morales,jorge.morales@hotmail.com,27.0,Female,chile,2023-03-28,2024-02-24,5.0,437.75,87.55,beauty,Social Media,No,5.0,Tablet,Debit Card
1858,Andres Garcia,andres.garcia@hotmail.com,17.0,Femenino,Colombia,2024-06-06,2024-09-19,3.0,342.55,114.18,Books,organic search,No,3.0,Tablet,PayPal
439,Luis Reyes,luis.reyes@hotmail.com,20.0,Femenino,Mexico,2022-04-03,2022-10-27,6.0,104.37,17.4,Clothing,Paid Ads,No,5.0,Desktop,Cash on Delivery
326,Sofia Reyes,sofia.reyes@hotmail.com,27.0, Male,argentina,2024-06-02,2025-09-30,12.0,295.83,24.65,clothing,Email,No,1.0,Desktop,Cash on Delivery
404,Jorge Rivera,jorge.rivera@outlook.com,,FEMALE,COLOMBIA,2022-07-08,2023-02-07,13.0,51.56,3.97,clothing,Social Media,No,2.0,Desktop,Credit Card
1290,Paula Hernandez,paula.hernandez@hotmail.com,77.0,male,USA,2022-05-18,2024-01-22,4.0,206.1,51.52,Sports,ORGANIC SEARCH,No,2.0,Mobile,Debit Card
565,Pablo Ramirez,pablo.ramirez@outlook.com,51.0,Femenino,colombia,2023-01-14,2024-01-20,6.0,32.65,5.44,Beauty,ORGANIC SEARCH,No,1.0,Mobile,Debit Card
1627,Andres Morales,andres.morales@hotmail.com,23.0,male,colombia,2022-10-07,2022-12-11,8.0,,22.08,Clothing,paid ads,No,2.0,Tablet,Credit Card
293,Jorge Lopez,jorge.lopez@hotmail.com,31.0,MALE,spain,2023-02-27,2024-08-26,8.0,218.45,27.31,Sports,organic search,No,4.0,Desktop,PayPal
279,Luis Sanchez,luis.sanchez@yahoo.com,37.0,male,MEXICO,2023-07-27,2023-11-30,6.0,209.42,34.9, Books ,Social Media,Yes,4.0,Tablet,Cash on Delivery
656,Camila Rivera,camila.rivera@gmail.com,28.0,F,COLOMBIA,2023-01-12,2024-03-17,2.0,29.72,14.86,Electronics,Organic Search,No,3.0,Tablet,Debit Card
1779,Laura Gutierrez,laura.gutierrez@yahoo.com,31.0,Male,Mexico,2022-10-03,2023-10-11,7.0,208.04,29.72,Books,referral,Yes,2.0,Mobile,Debit Card
733,Gabriela Ortiz,gabriela.ortiz@outlook.com,19.0,Femenino,chile,2022-03-01,2024-01-08,7.0,97.22,13.89,Home,SOCIAL MEDIA,No,5.0,Tablet,Credit Card
1736,Ricardo Lopez,ricardo.lopez@yahoo.com,60.0,Femenino,Argentina,2023-04-26,2024-07-26,5.0,282.89,56.58,CLOTHING,organic search,No,1.0,Mobile,PayPal
554,Laura Hernandez,laura.hernandez@yahoo.com,47.0,MALE,Colombia,2023-07-16,2024-04-12,5.0,53.99,10.8,Sports,Organic Search,No,3.0,Mobile,Credit Card
95,Pablo Hernandez,pablo.hernandez@outlook.com,22.0,Female,Chile,2024-06-05,2025-11-21,6.0,246.5,41.08,Electronics,Social Media,No,2.0,Desktop,Credit Card
1922,Camila Gomez,camila.gomez@outlook.com,35.0,MALE,Mexico,2024-04-21,2026-03-04,9.0,108.37,12.04,Beauty,Referral,No,1.0,Desktop,Debit Card
1709,Sofia Torres,sofia.torres@yahoo.com,31.0,M,Chile,2023-04-01,2024-10-05,6.0,65.31,10.88,HOME,Email,No,,Mobile,PayPal
1256,Luis Hernandez,luis.hernandez@hotmail.com,29.0,Other,spain,2022-01-26,2023-08-30,5.0,230.93,46.19,ELECTRONICS,Social Media,No,3.0,Mobile,Cash on Delivery
246,Luis Reyes,luis.reyes@hotmail.com,46.0,Femenino,Mexico,2023-03-15,2023-05-16,9.0,371.02,41.22,Beauty, Email ,No,3.0,Tablet,Cash on Delivery
946,Maria Martinez,maria.martinez@yahoo.com,22.0,Other,Argentina,2023-04-04,2025-02-05,11.0,155.21,14.11,Beauty,PAID ADS,No,2.0,Tablet,Debit Card
1192,Jose Diaz,jose.diaz@outlook.com,47.0,M,MEXICO,2023-02-16,2023-07-27,7.0,76.63,10.95,Sports,Paid Ads,No,1.0,Desktop,Cash on Delivery
1527,Laura Martinez,laura.martinez@yahoo.com,41.0,F,argentina,2023-12-04,2023-12-14,6.0,214.52,35.75,Electronics,referral,Yes,1.0,Mobile,Cash on Delivery
1357,Laura Rodriguez,laura.rodriguez@yahoo.com,,Femenino,Mexico,2023-12-21,2024-07-25,11.0,738.74,67.16,Clothing,REFERRAL,No,,Mobile,PayPal
1834,Luis Diaz,luis.diaz@gmail.com,26.0,Femenino, Mexico,2023-10-13,,8.0,230.81,28.85,Home,Organic Search,No,4.0,Mobile,Debit Card
1759,Andres Rodriguez,andres.rodriguez@yahoo.com,42.0,F,mexico,2022-03-08,2022-05-18,4.0,208.8,52.2,Electronics,email,No,3.0,Mobile,Cash on Delivery
776,Jorge Perez,jorge.perez@gmail.com,36.0,MALE,Argentina,2024-05-03,2025-01-24,10.0,56.66,5.67,home,Social Media,Yes,4.0,Mobile,Debit Card
427,Pablo Hernandez,pablo.hernandez@hotmail.com,40.0,FEMALE,MEXICO,2023-10-23,2024-04-02,5.0,196.02,39.2,Books, Social Media ,Yes,2.0,Tablet,Cash on Delivery
1566,Diego Gonzalez,diego.gonzalez@yahoo.com,41.0,Femenino,Mexico,2022-06-03,2023-01-30,6.0,20.61,3.44,SPORTS,Paid Ads,No,,Mobile,PayPal
1187,Maria Morales,maria.morales@outlook.com,29.0,M,COLOMBIA,2022-01-27,2023-01-19,8.0,408.16,51.02,Beauty,Email,No,4.0,Desktop,Cash on Delivery
150,Luis Jimenez,luis.jimenez@hotmail.com,41.0,other,USA,2022-09-11,2022-12-06,4.0,113.02,28.26,beauty,Paid Ads,Yes,3.0,Desktop,Debit Card
227,Fernanda Jimenez,fernanda.jimenez@hotmail.com,30.0,female,Peru,2023-01-23,2023-12-13,9.0,123.16,13.68,Sports,Paid Ads,Yes,5.0,Desktop,Credit Card
866,Javier Garcia,javier.garcia@yahoo.com,48.0,MALE,Mexico,2023-08-02,2023-10-31,8.0,182.55,22.82,SPORTS,Organic Search,No,4.0,Mobile,PayPal
968,Laura Lopez,,46.0, Male,chile,2022-08-01,2024-01-25,4.0,115.38,28.84,Home,Organic Search,No,1.0,Desktop,Credit Card
1710,Sofia Reyes,sofia.reyes@outlook.com,49.0,FEMALE,spain,2022-10-14,2024-05-02,8.0,,34.39,Electronics,Referral,Yes,5.0,Tablet,PayPal
1119,Daniela Garcia,daniela.garcia@outlook.com,37.0,Femenino,us,2023-01-20,2023-04-10,5.0,722.75,144.55,home,referral,No,3.0,Desktop,Cash on Delivery
1246,Jorge Reyes,jorge.reyes@gmail.com,13.0,male,Brasil,2023-06-16,2024-05-20,6.0,377.94,62.99,HOME,PAID ADS,Yes,5.0,Tablet,PayPal
1622,Ana Lopez,ana.lopez@gmail.com,59.0,Female,Mexico,2022-02-22,2023-03-11,4.0,247.68,61.92,Beauty,Referral,Yes,2.0,Mobile,Cash on Delivery
901,Ana Flores,ana.flores@hotmail.com,29.0,Femenino,United States,2024-04-17,2025-12-01,5.0,214.09,42.82,Electronics,ORGANIC SEARCH,No,5.0,Tablet,Debit Card
700,Luis Martinez,luis.martinez@gmail.com,30.0,Female,spain,2023-02-22,2024-04-06,8.0,437.76,54.72,books,referral,No,3.0,Tablet,Cash on Delivery
1498,Ricardo Torres,ricardo.torres@hotmail.com,37.0,Female,Mexico,2023-09-12,2024-11-01,4.0,,38.32,home,Social Media,No,5.0,Mobile,Credit Card
1814,Diego Ramirez,diego.ramirez@outlook.com,47.0,MALE,MEXICO,2023-02-18,2023-07-20,4.0,118.31,29.58,Beauty,Paid Ads,Yes,4.0,Desktop,Debit Card
602,Ricardo Lopez,ricardo.lopez@outlook.com,44.0,female,MEXICO,2023-09-10,2024-08-05,11.0,51.26,4.66,beauty,referral,No,,Mobile,Debit Card
1292,Pablo Torres,pablo.torres@outlook.com,30.0,Femenino,COLOMBIA,2022-07-18,2024-03-01,8.0,102.62,12.83,Books,Email,Yes,2.0,Mobile,Credit Card
1059,Valentina Sanchez,valentina.sanchez@hotmail.com,26.0,other,Mexico,2023-04-09,2024-09-29,7.0,,30.84,clothing,Social Media,No,3.0,Tablet,Credit Card
218,Luis Gutierrez,luis.gutierrez@hotmail.com,41.0,Female,Chile,2023-09-03,2024-05-22,5.0,176.88,35.38,Clothing,EMAIL,Yes,,Mobile,Cash on Delivery
1097,Fernanda Hernandez,fernanda.hernandez@yahoo.com,40.0,Femenino,argentina,2022-07-28,2023-03-16,6.0,103.86,17.31,Home,Email,No,5.0,Mobile,Cash on Delivery
818,Maria Jimenez,maria.jimenez@hotmail.com,35.0,Male,mexico,2022-09-04,2022-09-15,6.0,42.78,7.13,Electronics,social media,Yes,5.0,Tablet,PayPal
221,Maria Ortiz,maria.ortiz@gmail.com,36.0,female,us,2022-12-18,2022-12-18,7.0,252.76,36.11,Beauty,Organic Search,No,,Tablet,Cash on Delivery
214,Valentina Martinez,valentina.martinez@yahoo.com,48.0,F,Chile,2022-10-20,2023-01-30,4.0,159.33,39.83,Electronics, Email ,No,1.0,Desktop,Credit Card
1891,Carlos Rivera,carlos.rivera@yahoo.com,31.0,Femenino,USA,2022-11-18,2023-03-11,8.0,177.45,22.18,Sports,Referral,Yes,4.0,Tablet,Cash on Delivery
908,Carlos Ortiz,,21.0,Male, Mexico,2022-06-17,2022-08-15,10.0,291.51,29.15,Books,Paid Ads,Yes,3.0,Desktop,PayPal
395,Daniela Torres,daniela.torres@yahoo.com,39.0,F,United States,2022-01-10,2022-03-31,6.0,454.58,75.76, Books ,referral,Yes,3.0,Desktop,Debit Card
1647,Laura Gomez,laura.gomez@outlook.com,47.0,M, Mexico,2023-08-30,2025-02-16,5.0,176.17,35.23,Electronics,Referral,Yes,2.0,Desktop,Cash on Delivery
368,Laura Hernandez,laura.hernandez@gmail.com,45.0,male,USA,2023-09-07,2024-01-08,6.0,309.21,51.54,Electronics,paid ads,No,4.0,Tablet,Credit Card
925,Sofia Ramirez,sofia.ramirez@hotmail.com,38.0,FEMALE,Mexico,2024-01-13,2025-05-16,4.0,60.83,15.21,Beauty,Paid Ads,No,3.0,Mobile,Cash on Delivery
13,Daniela Hernandez,daniela.hernandez@yahoo.com,41.0,F,COLOMBIA,2024-04-09,2025-10-18,10.0,330.63,33.06,Beauty,Email,No,2.0,Mobile,Credit Card
1879,Daniela Hernandez,daniela.hernandez@yahoo.com,33.0,Male,Colombia,2023-03-18,2024-03-25,8.0,,4.02,Home,Referral,Yes,3.0,Mobile,Credit Card
1368,Diego Gonzalez,diego.gonzalez@yahoo.com,33.0,Female,United States ,2022-06-12,,3.0,26.15,8.72,CLOTHING,paid ads,No,4.0,Tablet,PayPal
1223,Jorge Morales,jorge.morales@outlook.com,31.0,Male,Mexico,2024-02-11,2025-12-07,8.0,310.25,38.78, Sports ,ORGANIC SEARCH,No,5.0,Desktop,Cash on Delivery
1750,Daniela Ortiz,daniela.ortiz@gmail.com,,M,United States ,2023-12-16,2025-09-03,5.0,266.32,53.26,Home,Organic Search,No,5.0,Tablet,Cash on Delivery
1721,Luis Gomez,luis.gomez@outlook.com,33.0,F,us,2024-06-16,2026-03-22,10.0,313.39,31.34,Clothing,PAID ADS,No,3.0,Mobile,Cash on Delivery
235,Diego Rivera,diego.rivera@hotmail.com,31.0,FEMALE,Mexico,2022-12-04,2024-10-04,5.0,208.8,41.76,Beauty,paid ads,No,4.0,Tablet,Credit Card
696,Jose Sanchez,jose.sanchez@outlook.com,53.0,F,Brazil,2023-08-19,2023-12-03,5.0,28.48,5.7,BOOKS,social media,Yes,2.0,Tablet,PayPal
1445,Maria Ortiz,maria.ortiz@hotmail.com,36.0,FEMALE,United States ,2023-01-05,2024-06-30,2.0,7.05,3.52,Sports,Referral,No,,Tablet,Cash on Delivery
1085,Sofia Perez,sofia.perez@yahoo.com,50.0,F,mexico,2022-07-26,2024-03-15,5.0,$70.08,14.02,Sports,SOCIAL MEDIA,No,1.0,Desktop,Credit Card
1909,Ana Hernandez,ana.hernandez@outlook.com,26.0,Female,COLOMBIA,2022-09-09,2024-03-08,8.0,76.05,9.51,Sports,Organic Search,No,5.0,Mobile,PayPal
1633,Luis Garcia,luis.garcia@yahoo.com,39.0,F,peru,2024-01-02,2025-01-17,5.0,397.27,79.45,Electronics,Email,No,5.0,Mobile,PayPal
1810,Jorge Gomez,jorge.gomez@hotmail.com,37.0,female,mexico,2023-02-06,2024-01-16,6.0,52.45,8.74,clothing,Email,No,,Tablet,PayPal
1322,Jose Hernandez,jose.hernandez@outlook.com,29.0,Femenino, Mexico,2022-01-02,2023-03-08,3.0,152.65,50.88,Home,Referral,No,3.0,Desktop,Credit Card
64,Jorge Cruz,jorge.cruz@yahoo.com,23.0,female,spain,2022-03-25,2023-10-12,9.0,114.36,12.71,Beauty,Referral,No,,Mobile,Debit Card
735,Sofia Ramirez,sofia.ramirez@outlook.com,25.0,female,Argentina,2023-03-08,2024-06-12,6.0,537.32,89.55,BOOKS,Paid Ads,No,2.0,Desktop,Credit Card
1024,Fernanda Hernandez,fernanda.hernandez@hotmail.com,29.0, Male,United States,2023-05-17,2024-03-13,4.0,305.58,76.4,Home,REFERRAL,Yes,4.0,Mobile,Credit Card
965,Gabriela Cruz,gabriela.cruz@outlook.com,59.0,male,Spain,2023-02-19,2023-06-17,8.0,26.07,3.26,BEAUTY,Email,No,4.0,Desktop,Debit Card
608,Camila Gonzalez,camila.gonzalez@hotmail.com,40.0,Other,Mexico,2023-08-07,2024-11-10,5.0,55.24,11.05,Beauty,Referral,No,3.0,Tablet,Debit Card
14,Ricardo Ortiz,ricardo.ortiz@hotmail.com,57.0,other,us,2024-02-11,2025-10-21,3.0,147.39,49.13,Books,Organic Search,Yes,4.0,Tablet,Credit Card
840,Gabriela Gutierrez,gabriela.gutierrez@outlook.com,43.0, Male,Argentina,2022-03-16,2023-10-21,8.0,40.11,5.01,Clothing,Email,No,5.0,Desktop,Credit Card
436,Maria Rivera,maria.rivera@outlook.com,42.0,Male,spain,2023-11-13,2025-07-01,6.0,460.96,76.83,Home,Email,No,3.0,Desktop,Debit Card
18,Maria Cruz,maria.cruz@gmail.com,24.0,MALE,Mexico,2023-03-07,2024-09-25,6.0,146.92,24.49,Sports,Social Media,Yes,2.0,Mobile,Cash on Delivery
765,Miguel Lopez,miguel.lopez@hotmail.com,36.0,Other,United States,2024-03-23,2024-08-23,8.0,87.79,10.97,Books,ORGANIC SEARCH,No,3.0,Desktop,Debit Card
1514,Laura Martinez,laura.martinez@outlook.com,43.0,M,United States ,2022-10-07,2023-07-06,9.0,692.9,76.99,Books, Email ,Yes,1.0,Mobile,Cash on Delivery
1783,Ana Martinez,ana.martinez@outlook.com,58.0,Femenino,Mexico,2022-06-29,2023-01-15,6.0,171.67,28.61,Clothing,Referral,Yes,2.0,Desktop,Cash on Delivery
1804,Jose Garcia,jose.garcia@outlook.com,29.0,Other, Mexico,2023-03-05,2025-01-12,7.0,271.98,38.85,Clothing,Email,Yes,4.0,Desktop,Credit Card
349,Carlos Lopez,carlos.lopez@outlook.com,47.0,male,us,2023-12-10,2024-10-10,4.0,34.69,8.67,beauty,email,Yes,,Mobile,PayPal
208,Jorge Reyes,jorge.reyes@outlook.com,36.0,F,colombia,2022-04-07,2023-10-12,4.0,222.95,55.74, Beauty ,Email,Yes,,Tablet,PayPal
1115,Carlos Sanchez,carlos.sanchez@gmail.com,31.0, Male,MEXICO,2022-08-03,2021-01-01,9.0,78.06,8.67, Books ,Social Media,Yes,2.0,Tablet,Cash on Delivery
1332,Daniela Jimenez,daniela.jimenez@outlook.com,30.0,male,Chile,2022-01-08,2023-02-06,5.0,609.92,121.98,Books,social media,Yes,3.0,Tablet,Credit Card
342,Jose Sanchez,jose.sanchez@hotmail.com,,female,United States,2022-02-14,2023-07-16,5.0,395.26,79.05,SPORTS,EMAIL,No,3.0,Desktop,PayPal
1405,Carlos Sanchez,carlos.sanchez@gmail.com,32.0,Femenino,USA,2024-05-31,2025-06-21,5.0,95.99,19.2,clothing,Paid Ads,Yes,4.0,Mobile,Cash on Delivery
345,Gabriela Rivera,gabriela.rivera@hotmail.com,13.0,OTHER,Spain,2024-03-25,2025-11-04,5.0,640.64,128.13,home,Organic Search,No,5.0,Tablet,Credit Card
1496,Valentina Flores,valentina.flores@gmail.com,36.0,Femenino,Mexico,2023-07-01,2023-12-22,8.0,320.52,40.06,Beauty,Social Media,Yes,4.0,Mobile,Cash on Delivery
1831,Miguel Jimenez,miguel.jimenez@hotmail.com,57.0,FEMALE,Peru,2022-06-22,2023-03-31,7.0,84.37,12.05,Books,Paid Ads,Yes,4.0,Desktop,Cash on Delivery
1870,Ricardo Cruz,ricardo.cruz@yahoo.com,38.0,Male,USA,2022-11-02,2023-05-02,7.0,405.14,57.88,Clothing,Paid Ads,No,3.0,Tablet,Credit Card
552,Miguel Perez,miguel.perez@gmail.com,48.0,OTHER,Colombia,2023-06-26,2025-03-09,7.0,65.1,9.3,Sports, Organic Search ,Yes,4.0,Desktop,Cash on Delivery
599,Paula Gutierrez,paula.gutierrez@outlook.com,36.0,Female,Colombia,2023-09-06,2025-04-30,4.0,209.55,52.39,Electronics,Organic Search,Yes,5.0,Tablet,Debit Card
1718,Miguel Gonzalez,miguel.gonzalez@yahoo.com,27.0,OTHER,colombia,2024-03-12,2025-06-14,6.0,65.73,10.96,Books,Social Media,No,2.0,Tablet,PayPal
33,Luis Rodriguez,luis.rodriguez@hotmail.com,19.0,Femenino,argentina,2023-08-07,2024-10-30,6.0,233.96,38.99,Sports,Paid Ads,Yes,3.0,Desktop,Credit Card
373,Valentina Rodriguez,valentina.rodriguez@gmail.com,44.0,Other,,2022-01-06,2023-12-04,4.0,266.86,66.72,Beauty,Referral,No,3.0,Desktop,PayPal
658,Paula Gonzalez,paula.gonzalez@yahoo.com,37.0,FEMALE,Colombia,2023-03-19,2023-04-03,4.0,159.68,39.92,BOOKS,Referral,Yes,3.0,Desktop,Debit Card
1695,Carlos Sanchez,carlos.sanchez@yahoo.com,47.0,female,USA,2022-11-08,2023-11-19,5.0,275.91,55.18,clothing,Referral,No,3.0,Desktop,Cash on Delivery
173,Ricardo Gutierrez,ricardo.gutierrez@yahoo.com,,male,Mexico,2023-06-29,2025-03-17,6.0,68.22,11.37,Beauty,ORGANIC SEARCH,No,2.0,Tablet,Credit Card
1087,Fernanda Hernandez,fernanda.hernandez@outlook.com,38.0,male,mexico,2023-12-31,2024-07-30,7.0,158.99,22.71,Books,Email,Yes,2.0,Desktop,Credit Card
1882,Jose Lopez,jose.lopez@outlook.com,40.0,other,Spain,2022-11-17,2024-07-01,3.0,32.84,10.95,Books,Paid Ads,No,,Mobile,PayPal
409,Gabriela Torres,gabriela.torres@hotmail.com,47.0, Male,MEXICO,2022-09-01,2023-07-14,6.0,128.52,21.42,Books,Referral,No,2.0,Mobile,Debit Card
1051,Camila Reyes,camila.reyes@hotmail.com,22.0,Femenino,United States,2023-07-03,2024-11-30,6.0,518.56,86.43, Beauty ,Referral,Yes,1.0,Tablet,Debit Card
1938,Andres Torres,andres.torres@yahoo.com,24.0,M,MEXICO,2022-10-08,2024-08-13,6.0,245.45,40.91,BOOKS,Referral,No,,Tablet,Credit Card
201,Miguel Sanchez,miguel.sanchez@yahoo.com,31.0,Female,spain,2023-10-20,2024-08-25,5.0,50.59,10.12,Sports,referral,No,5.0,Mobile,Debit Card
1317,Daniela Gomez,daniela.gomez@yahoo.com,56.0,M,Chile,2022-03-05,2023-01-18,6.0,475.61,79.27,Home,Paid Ads,No,1.0,Tablet,Debit Card
861,Jorge Hernandez,jorge.hernandez@gmail.com,47.0,FEMALE,MEXICO,2023-06-27,2025-01-14,2.0,565.42,282.71,Home,Social Media,No,,Mobile,Debit Card
1608,Andres Diaz,andres.diaz@yahoo.com,51.0,MALE,Chile,2023-07-06,2024-10-28,6.0,185.6,30.93,Books,Social Media,No,4.0,Desktop,PayPal
306,Maria Rodriguez,maria.rodriguez@outlook.com,49.0,female,Argentina,2023-07-18,2024-07-10,9.0,70.22,7.8,Sports,Email,No,5.0,Desktop,PayPal
1535,Fernanda Rodriguez,fernanda.rodriguez@gmail.com,,FEMALE,Chile,2024-04-22,2026-03-13,6.0,158.93,26.49,clothing,Social Media,No,,Tablet,Cash on Delivery
1166,Maria Ramirez,maria.ramirez@gmail.com,43.0,Female,USA,2023-05-30,2025-04-07,12.0,53.93,4.49,BEAUTY,REFERRAL,No,,Tablet,PayPal
1873,Paula Jimenez,paula.jimenez@yahoo.com,22.0,FEMALE,MEXICO,2022-12-24,2024-01-10,7.0,63.88,9.13,BEAUTY,Email,Yes,2.0,Desktop,PayPal
1914,Ricardo Rivera,ricardo.rivera@gmail.com,49.0,MALE,MEXICO,2023-10-15,2024-11-13,2.0,16.63,8.32,beauty,Paid Ads,No,4.0,Mobile,Cash on Delivery
1362,Luis Cruz,luis.cruz@outlook.com,39.0,Femenino,Mexico,2022-03-11,2022-09-07,11.0,142.12,12.92,Home,Social Media,No,5.0,Desktop,PayPal
1999,Jose Cruz,jose.cruz@outlook.com,27.0,Femenino,United States,2024-01-02,2024-09-22,10.0,350.05,35.01,clothing,Email,Yes,3.0,Tablet,Credit Card
490,Paula Sanchez,paula.sanchez@hotmail.com,51.0,other,Colombia,2023-08-11,2024-09-22,3.0,234.51,78.17,ELECTRONICS,Paid Ads,No,5.0,Tablet,Cash on Delivery
1911,Luis Lopez,luis.lopez@gmail.com,24.0,MALE,Mexico,2023-05-09,2023-06-04,3.0,175.36,58.45,Home, Social Media ,No,,Desktop,Credit Card
213,Ricardo Gomez,ricardo.gomez@hotmail.com,42.0,MALE,Mexico,2022-02-11,2022-05-17,5.0,208.98,41.8,Electronics,email,Yes,4.0,Mobile,Cash on Delivery
134,Andres Sanchez,andres.sanchez@yahoo.com,41.0,M,us,2023-07-03,2023-08-23,5.0,179.46,35.89,Electronics,Social Media,No,1.0,Mobile,Cash on Delivery
61,Gabriela Jimenez,gabriela.jimenez@gmail.com,67.0,Femenino,mexico,2024-03-05,2024-06-03,7.0,139.26,19.89,electronics,EMAIL,Yes,3.0,Desktop,Credit Card
691,Jorge Cruz,jorge.cruz@gmail.com,51.0,F,Espana,2024-05-10,2025-09-13,8.0,852.95,106.62,books,Social Media,No,4.0,Desktop,Debit Card
27,Valentina Gomez,valentina.gomez@gmail.com,61.0,F, Mexico,2022-10-25,2023-05-03,7.0,64.58,9.23,Home,referral,Yes,2.0,Mobile,PayPal
101,Fernanda Ortiz,fernanda.ortiz@gmail.com,42.0,female, Mexico,2023-06-01,2024-12-22,4.0,56.9,14.22,Home,SOCIAL MEDIA,Yes,2.0,Mobile,Debit Card
1556,Carlos Ramirez,carlos.ramirez@yahoo.com,43.0,Male,Mexico,2022-07-22,2022-08-20,7.0,188.4,26.91,BEAUTY,Social Media,Yes,4.0,Tablet,Credit Card
1613,Javier Gomez,javier.gomez@yahoo.com,38.0,Male,argentina,2022-04-07,2023-04-15,11.0,497.97,45.27,Beauty,REFERRAL,No,4.0,Tablet,Debit Card
975,Maria Garcia,maria.garcia@outlook.com,25.0,other,Peru,2024-02-25,2024-08-16,7.0,164.7,23.53, Sports ,Referral,No,2.0,Mobile,Credit Card
1822,Ricardo Garcia,ricardo.garcia@yahoo.com,59.0,male,us,2022-01-14,2023-01-24,4.0,49.71,12.43, Beauty ,ORGANIC SEARCH,No,4.0,Desktop,Cash on Delivery
777,Valentina Flores,valentina.flores@hotmail.com,35.0,other,Espana,2023-04-17,2023-04-18,7.0,154.39,22.06,Beauty,EMAIL,No,2.0,Mobile,PayPal
789,Camila Garcia,camila.garcia@hotmail.com,46.0, Male,MEXICO,2022-08-18,2023-01-24,6.0,84.21,14.03,ELECTRONICS,email,No,5.0,Tablet,PayPal
521,Miguel Ramirez,miguel.ramirez@outlook.com,47.0,M, Mexico,2023-11-28,2024-05-20,2.0,35.69,17.84,Sports,REFERRAL,Yes,4.0,Mobile,PayPal
364,Pablo Martinez,pablo.martinez@outlook.com,43.0,FEMALE,peru,2022-10-02,2023-03-25,5.0,348.93,69.79,CLOTHING,Organic Search,No,3.0,Mobile,PayPal
310,Maria Flores,maria.flores@yahoo.com,41.0,Female,chile,2022-08-09,2023-02-05,4.0,52.34,13.08,Beauty,Organic Search,Yes,5.0,Mobile,Cash on Delivery
796,Jose Ortiz,jose.ortiz@gmail.com,41.0,Female,Argentina,2022-08-14,2024-05-01,7.0,280.5,40.07,Electronics,Social Media,Yes,3.0,Desktop,Credit Card
829,Pablo Gomez,pablo.gomez@outlook.com,47.0,MALE,argentina,2024-04-14,2024-11-21,5.0,98.73,19.75,Books,Email,No,4.0,Tablet,PayPal
1629,Miguel Reyes,miguel.reyes@hotmail.com,29.0,female,colombia,2022-10-25,2023-03-19,8.0,401.76,50.22,clothing,Social Media,Yes,1.0,Tablet,Debit Card
1277,Javier Rodriguez,javier.rodriguez@gmail.com,34.0,male,us,2023-01-13,2023-02-06,7.0,45.29,6.47,books,email,No,1.0,Mobile,Debit Card
545,Fernanda Reyes,fernanda.reyes@hotmail.com,35.0, Male,Colombia,2023-02-24,2024-07-08,10.0,435.82,43.58,Beauty,Paid Ads,Yes,3.0,Mobile,Credit Card
940,Camila Hernandez,camila.hernandez@hotmail.com,32.0,F,chile,2023-04-05,2024-03-06,6.0,84.66,14.11,Beauty,Paid Ads,Yes,1.0,Mobile,Debit Card
1506,Sofia Jimenez,sofia.jimenez@outlook.com,21.0,female, Mexico,2023-09-14,2024-04-04,7.0,23.91,3.42,electronics,Organic Search,No,1.0,Mobile,PayPal
442,Laura Garcia,laura.garcia@hotmail.com,38.0,FEMALE, Mexico,2023-06-25,2023-11-03,4.0,177.17,44.29,Beauty,Email,No,4.0,Mobile,Debit Card
648,Camila Morales,camila.morales@gmail.com,46.0,Female,mexico,2022-06-07,2022-12-02,2.0,319.24,159.62,Books,organic search,No,3.0,Mobile,PayPal
1004,Pablo Gutierrez,pablo.gutierrez@yahoo.com,52.0,male,colombia,2022-01-19,2023-10-24,6.0,71.98,12.0,beauty,Paid Ads,Yes,1.0,Desktop,Credit Card
477,Fernanda Flores,fernanda.flores@outlook.com,38.0,Male,Mexico,2023-12-23,2025-01-08,8.0,261.43,32.68,Electronics,Social Media,Yes,1.0,Mobile,Debit Card
1047,Sofia Cruz,sofia.cruz@outlook.com,47.0,MALE,colombia,2022-05-23,2023-02-22,2.0,159.88,79.94,clothing,Paid Ads,No,3.0,Mobile,PayPal
63,Miguel Martinez,miguel.martinez@yahoo.com,29.0,Male,COLOMBIA,2022-01-13,2023-01-07,2.0,238.76,119.38,sports,Email,No,2.0,Desktop,Debit Card
1173,Miguel Ramirez,miguel.ramirez@outlook.com,47.0,F,United States ,2024-01-16,2025-06-03,7.0,330.75,47.25,Beauty,PAID ADS,No,1.0,Tablet,Cash on Delivery
484,Ricardo Perez,ricardo.perez@gmail.com,39.0,Female,COLOMBIA,2022-12-20,2024-03-30,4.0,101.3,25.32,Beauty,Paid Ads,Yes,4.0,Tablet,Credit Card
1752,Pablo Morales,pablo.morales@gmail.com,30.0,FEMALE,,2023-04-03,2023-12-10,7.0,49.38,7.05,Sports,referral,No,2.0,Tablet,Debit Card
1027,Luis Martinez,luis.martinez@hotmail.com,28.0,MALE,MEXICO,2023-08-29,2025-01-15,2.0,86.54,43.27,HOME,Social Media,No,5.0,Desktop,Cash on Delivery
1811,Sofia Lopez,sofia.lopez@yahoo.com,37.0,male,USA,2022-04-19,2022-12-29,6.0,81.3,13.55,Electronics,paid ads,No,3.0,Mobile,Credit Card
1282,Daniela Morales,daniela.morales@yahoo.com,37.0,Femenino,United States,2023-05-10,2024-11-03,8.0,474.73,59.34,Beauty,organic search,No,2.0,Tablet,Credit Card
53,Miguel Sanchez,miguel.sanchez@outlook.com,33.0,Femenino,Mexico,2023-12-16,2024-09-05,6.0,676.05,112.68,sports, Paid Ads ,Yes,4.0,Tablet,PayPal
243,Luis Torres,luis.torres@outlook.com,17.0,F,Brasil,2024-05-16,2025-10-12,6.0,218.61,36.44,Electronics,ORGANIC SEARCH,Yes,1.0,Desktop,Debit Card
1198,Jorge Reyes,jorge.reyes@outlook.com,50.0, Male,Mexico,2022-05-27,2023-12-19,9.0,146.26,16.25,Home,Social Media,No,2.0,Desktop,Credit Card
36,Luis Reyes,luis.reyes@gmail.com,62.0,MALE,Mexico,2022-10-17,2024-07-13,3.0,115.8,38.6,Home,Paid Ads,No,4.0,Mobile,Cash on Delivery
1203,Jorge Morales,jorge.morales@outlook.com,31.0,F,COLOMBIA,2023-01-30,2024-09-26,6.0,367.33,61.22,Sports,Organic Search,No,3.0,Desktop,Debit Card
1704,Carlos Ortiz,carlos.ortiz@hotmail.com,0.0,male,chile,2023-09-30,2023-11-15,5.0,175.56,35.11,Books,Social Media,Yes,2.0,Tablet,PayPal
739,Daniela Torres,daniela.torres@hotmail.com,44.0, Male,mexico,2022-12-31,2024-02-07,3.0,239.26,79.75,Home,Organic Search,No,4.0,Mobile,Cash on Delivery
121,Valentina Morales,valentina.morales@yahoo.com,37.0, Male,MEXICO,2022-02-27,2022-12-30,3.0,104.47,34.82,Electronics,Social Media,Yes,3.0,Tablet,PayPal
1952,Paula Lopez,paula.lopez@outlook.com,43.0,female,us,2023-08-09,2025-05-25,8.0,297.73,37.22, Electronics ,PAID ADS,Yes,,Desktop,Credit Card
1300,Ana Reyes,ana.reyes@outlook.com,26.0,M,us,2022-09-09,2023-12-21,6.0,99.85,16.64,Clothing,Organic Search,No,1.0,Tablet,PayPal
1020,Maria Cruz,maria.cruz@yahoo.com,37.0,MALE,Mexico,2023-07-17,2023-11-28,9.0,85.32,9.48,Beauty,EMAIL,Yes,1.0,Mobile,PayPal
45,Luis Gonzalez,luis.gonzalez@hotmail.com,36.0,M,argentina,2022-11-12,2023-05-05,5.0,136.04,27.21,Sports,Social Media,Yes,3.0,Tablet,Credit Card
1325,Pablo Ramirez,pablo.ramirez@outlook.com,,male,MEXICO,2022-08-04,2022-10-25,8.0,156.74,19.59,CLOTHING,Referral,Yes,4.0,Mobile,Credit Card
837,Fernanda Gutierrez,fernanda.gutierrez@gmail.com,,Female,Brasil,2022-05-22,2022-05-30,8.0,1627.68,203.46,clothing,Organic Search,No,4.0,Desktop,Credit Card
77,Laura Torres,laura.torres@outlook.com,47.0, Male,MEXICO,2022-12-12,2023-04-12,7.0,485.46,69.35,home,Social Media,No,1.0,Desktop,Cash on Delivery
1745,Sofia Lopez,sofia.lopez@gmail.com,48.0,male,COLOMBIA,2023-10-20,2024-07-13,5.0,219.28,43.86,Books,social media,No,5.0,Tablet,Cash on Delivery
369,Ana Hernandez,ana.hernandez@outlook.com,63.0,MALE,Argentina,2022-04-10,2023-04-05,9.0,,9.78,HOME,PAID ADS,Yes,1.0,Tablet,Debit Card
907,Valentina Gomez,valentina.gomez@hotmail.com,36.0, Male,mexico,2023-09-15,2025-06-16,3.0,284.86,94.95,Electronics,Organic Search,No,1.0,Mobile,Debit Card
1237,Ana Sanchez,ana.sanchez@yahoo.com,44.0,Femenino,Spain,2023-03-29,2024-12-03,8.0,381.73,47.72, Sports ,Organic Search,No,3.0,Mobile,Debit Card
268,Laura Cruz,laura.cruz@outlook.com,,MALE,colombia,2023-07-02,2024-03-01,5.0,91.69,18.34,books,Paid Ads,No,3.0,Desktop,PayPal
1336,Jorge Lopez,jorge.lopez@gmail.com,52.0,Femenino, Mexico,2024-06-08,2024-12-20,8.0,480.11,60.01,Home,SOCIAL MEDIA,Yes,1.0,Desktop,Debit Card
729,Diego Rivera,diego.rivera@gmail.com,43.0,Female,United States ,2023-07-29,2025-05-20,3.0,840.44,280.15,HOME,ORGANIC SEARCH,No,5.0,Mobile,Cash on Delivery
445,Camila Rivera,camila.rivera@yahoo.com,35.0,FEMALE, Mexico,2023-08-27,2023-12-13,10.0,94.08,9.41,Clothing,Paid Ads,Yes,5.0,Mobile,Debit Card
504,Pablo Martinez,pablo.martinez@outlook.com,30.0,MALE,mexico,2023-02-23,2024-04-21,6.0,179.52,29.92,Home,REFERRAL,No,5.0,Mobile,Cash on Delivery
1520,Diego Ortiz,diego.ortiz@yahoo.com,22.0,male,,2022-02-19,2023-06-25,10.0,325.73,32.57, Books ,Paid Ads,No,3.0,Mobile,PayPal
1058,Ricardo Martinez,ricardo.martinez@outlook.com,41.0,M,U.S.A,2022-07-22,2023-07-13,9.0,167.75,18.64,Books,Organic Search,No,5.0,Tablet,Debit Card
1034,Laura Martinez,laura.martinez@gmail.com,26.0,Male,MEXICO,2022-04-19,2023-05-22,5.0,184.98,37.0,Beauty,referral,Yes,3.0,Desktop,Debit Card
1713,Pablo Reyes,pablo.reyes@hotmail.com,28.0,Femenino,Argentina,2022-11-28,2023-05-31,9.0,220.22,24.47,Electronics,Paid Ads,No,5.0,Tablet,Cash on Delivery
1185,Valentina Gomez,valentina.gomez@outlook.com,50.0,female,argentina,2023-04-03,2024-12-26,1.0,129.52,129.52,clothing,Social Media,No,4.0,Mobile,Credit Card
286,Gabriela Reyes,gabriela.reyes@outlook.com,65.0,Female,mexico,2023-05-24,2023-08-01,6.0,978.42,163.07,Home,Paid Ads,Yes,1.0,Mobile,Credit Card
296,Camila Reyes,camila.reyes@outlook.com,45.0,male,mexico,2024-05-16,2025-11-05,11.0,28.41,2.58,Home,referral,No,5.0,Desktop,Cash on Delivery
1641,Daniela Cruz,daniela.cruz@outlook.com,43.0,F,us,2023-10-06,2024-12-13,6.0,51.03,8.51,BEAUTY,Referral,No,5.0,Mobile,Debit Card
1849,Camila Cruz,camila.cruz@yahoo.com,53.0,Female,Spain,2022-02-28,2023-01-04,10.0,798.69,79.87,books,Email,Yes,3.0,Mobile,Cash on Delivery
626,Sofia Rivera,sofia.rivera@hotmail.com,45.0,Other,,2023-09-24,2025-03-31,8.0,77.31,9.66,BEAUTY,Email,Yes,4.0,Desktop,PayPal
278,Ricardo Rodriguez,ricardo.rodriguez@outlook.com,38.0,Femenino,Espana,2023-04-14,2023-11-13,7.0,109.75,15.68, Clothing ,SOCIAL MEDIA,Yes,4.0,Mobile,Cash on Delivery
1939,Jorge Cruz,,40.0,male,chile,2022-02-27,2023-09-11,6.0,89.97,15.0,HOME,social media,No,,Tablet,Credit Card
1628,Andres Lopez,,46.0,FEMALE,chile,2023-12-09,2024-01-14,8.0,81.8,10.22,home,Paid Ads,Yes,4.0,Tablet,Credit Card
485,Diego Perez,diego.perez@hotmail.com,49.0,MALE,United States,2023-11-20,2024-10-11,6.0,83.14,13.86,Books,Organic Search,No,5.0,Mobile,Cash on Delivery
1521,Pablo Reyes,pablo.reyes@hotmail.com,43.0,OTHER,USA,2022-11-01,2024-02-07,9.0,568.89,63.21, Electronics ,Paid Ads,Yes,5.0,Tablet,Credit Card
183,Diego Gomez,diego.gomez@gmail.com,47.0,male,MEXICO,2024-06-06,2024-10-29,6.0,82.59,13.76,sports,SOCIAL MEDIA,Yes,2.0,Mobile,Cash on Delivery
971,Jose Gomez,jose.gomez@outlook.com,35.0,Male,Argentina,2022-07-09,2023-04-17,10.0,606.31,60.63,CLOTHING,Referral,No,3.0,Mobile,Debit Card
1852,Jose Garcia,jose.garcia@yahoo.com,39.0, Male,argentina,2022-04-24,2023-06-02,3.0,130.78,43.59,BEAUTY,referral,Yes,5.0,Mobile,PayPal
1989,Sofia Ramirez,sofia.ramirez@outlook.com,48.0,M,mexico,2024-05-18,2024-08-17,4.0,278.56,69.64,Home,Organic Search,Yes,5.0,Tablet,Cash on Delivery
685,Carlos Flores,carlos.flores@yahoo.com,30.0,MALE,Peru,2022-11-08,2023-03-25,6.0,139.59,23.26,beauty, Referral ,No,2.0,Mobile,PayPal
1769,Luis Reyes,luis.reyes@hotmail.com,,FEMALE,United States,2023-10-14,2025-07-30,7.0,152.83,21.83,Sports,Social Media,No,2.0,Desktop,Cash on Delivery
1211,Paula Gutierrez,paula.gutierrez@gmail.com,33.0,F,USA,2023-05-02,2023-08-22,5.0,113.01,22.6,beauty,Paid Ads,No,2.0,Desktop,Debit Card
37,Pablo Rivera,pablo.rivera@yahoo.com,38.0,Femenino,United States,2023-09-03,2024-07-02,4.0,351.3,87.82,Sports, Social Media ,Yes,4.0,Desktop,Debit Card
1181,Paula Lopez,paula.lopez@outlook.com,45.0,F,us,2024-03-17,2025-04-09,9.0,257.01,28.56, Clothing ,Organic Search,Yes,2.0,Desktop,Cash on Delivery
3,Javier Sanchez,javier.sanchez@gmail.com,5.0,female,USA,2022-11-27,2023-10-06,7.0,873.06,124.72,Electronics,Referral,No,2.0,Mobile,Cash on Delivery
755,Andres Gutierrez,andres.gutierrez@gmail.com,43.0,Other,MEXICO,2023-10-06,2025-05-04,5.0,195.19,39.04,Home,Organic Search,No,3.0,Tablet,PayPal
509,Jose Ramirez,jose.ramirez@hotmail.com,39.0,male,mexico,2023-05-19,2023-10-14,4.0,172.42,43.1,BEAUTY,Email,No,2.0,Mobile,Cash on Delivery
498,Miguel Jimenez,miguel.jimenez@hotmail.com,19.0,FEMALE, Mexico,2022-08-09,2023-10-10,3.0,207.12,69.04,BOOKS,organic search,No,3.0,Desktop,Debit Card
309,Laura Perez,,28.0,female,mexico,2022-08-17,2024-07-10,6.0,250.27,41.71,ELECTRONICS,Email,No,4.0,Tablet,PayPal
1314,Pablo Lopez,pablo.lopez@hotmail.com,41.0,Femenino,Mexico,2024-01-02,2025-08-05,4.0,301.57,75.39,Beauty,Social Media,Yes,3.0,Mobile,Debit Card
1585,Paula Morales,,,F,argentina,2024-06-04,2025-09-19,7.0,74.12,10.59,Books,Paid Ads,Yes,1.0,Tablet,PayPal
1439,Laura Ortiz,laura.ortiz@hotmail.com,31.0,MALE,Argentina,2022-11-25,2024-07-25,6.0,68.69,11.45,Books,Organic Search,Yes,1.0,Desktop,Debit Card
1446,Ana Cruz,ana.cruz@hotmail.com,32.0,MALE,colombia,2022-04-17,2023-12-27,7.0,289.87,41.41,clothing,Referral,No,1.0,Desktop,Credit Card
142,Sofia Jimenez,sofia.jimenez@outlook.com,53.0,OTHER,Brazil,2024-02-13,2024-06-06,3.0,182.62,60.87,BOOKS,Paid Ads,No,2.0,Desktop,Credit Card
1248,Diego Rodriguez,diego.rodriguez@outlook.com,52.0,male,us,2023-09-23,2025-03-01,4.0,178.79,44.7,Books,SOCIAL MEDIA,No,4.0,Tablet,PayPal
865,Fernanda Rodriguez,fernanda.rodriguez@outlook.com,25.0,Femenino,chile,2024-05-28,2024-08-29,6.0,177.61,29.6,Home,Social Media,No,5.0,Tablet,Debit Card
184,Javier Gomez,javier.gomez@outlook.com,30.0,Femenino,Mexico,2023-10-09,2025-07-14,6.0,86.83,14.47,Sports,Email,No,2.0,Mobile,Debit Card
1868,Ricardo Reyes,ricardo.reyes@outlook.com,38.0,female,argentina,2024-01-03,2025-12-02,4.0,200.01,50.0,CLOTHING,REFERRAL,No,2.0,Mobile,Cash on Delivery
1974,Laura Gonzalez,laura.gonzalez@gmail.com,47.0,Female,mexico,2022-01-14,2023-11-20,4.0,70.96,17.74,electronics,Email,Yes,1.0,Desktop,Cash on Delivery
1011,Jose Sanchez,jose.sanchez@outlook.com,,FEMALE,Mexico,2023-03-12,2023-06-20,2.0,96.35,48.18,HOME,Referral,No,2.0,Tablet,Debit Card
913,Miguel Torres,miguel.torres@gmail.com,10.0,Femenino,Argentina,2022-05-25,2022-06-20,7.0,313.66,44.81,Clothing,ORGANIC SEARCH,No,1.0,Tablet,PayPal
1697,Diego Perez,diego.perez@gmail.com,26.0,FEMALE,Mexico,2023-06-20,2024-10-12,4.0,96.8,24.2,Beauty,Organic Search,No,,Mobile,Credit Card
849,Fernanda Gonzalez,fernanda.gonzalez@gmail.com,16.0,other,mexico,2023-07-28,,4.0,380.22,95.06,Home,Organic Search,Yes,3.0,Mobile,Credit Card
512,Daniela Jimenez,daniela.jimenez@yahoo.com,51.0,F, Mexico,2023-08-02,2023-11-02,11.0,133.86,12.17,Books,Organic Search,No,4.0,Mobile,Cash on Delivery
1937,Miguel Flores,miguel.flores@gmail.com,39.0,FEMALE,MEXICO,2024-01-08,2025-04-28,3.0,20.24,6.75, Sports ,Social Media,No,5.0,Desktop,PayPal
732,Valentina Flores,valentina.flores@yahoo.com,36.0,Other,spain,2024-05-28,2025-10-17,6.0,234.95,39.16,home,Email,No,2.0,Tablet,Credit Card
1636,Camila Torres,camila.torres@yahoo.com,46.0,female,us,2024-01-09,2024-04-20,5.0,153.44,30.69,electronics,Email,No,4.0,Desktop,PayPal
997,Camila Perez,camila.perez@yahoo.com,29.0, Male,United States ,2022-05-29,2022-10-26,5.0,39.25,7.85,Electronics,paid ads,No,4.0,Mobile,Cash on Delivery
1917,Jose Rodriguez,jose.rodriguez@hotmail.com,,Femenino,Argentina,2022-01-20,2023-07-12,6.0,159.34,26.56,HOME,Referral,No,5.0,Tablet,Debit Card
1772,Miguel Perez,miguel.perez@gmail.com,47.0,Femenino,COLOMBIA,2023-09-28,2025-07-02,5.0,23.46,4.69,HOME,organic search,No,1.0,Mobile,Credit Card
888,Carlos Rodriguez,carlos.rodriguez@yahoo.com,50.0,male,COLOMBIA,2022-04-08,2023-08-08,8.0,229.83,28.73,Home,Paid Ads,Yes,5.0,Mobile,PayPal
118,Maria Flores,maria.flores@gmail.com,50.0,Female,COLOMBIA,2023-03-24,2023-11-07,9.0,180.44,20.05,Clothing, Organic Search ,Yes,,Tablet,Debit Card
1878,Pablo Lopez,pablo.lopez@gmail.com,39.0,male,spain,2022-11-29,2023-12-26,5.0,225.14,45.03,Home,social media,Yes,5.0,Desktop,PayPal
1026,Luis Gomez,luis.gomez@gmail.com,30.0,other,chile,2022-08-10,2022-12-10,7.0,103.3,14.76,clothing,Referral,No,1.0,Mobile,Debit Card
114,Diego Ortiz,diego.ortiz@outlook.com,44.0, Male,spain,2024-06-04,2025-02-20,5.0,174.66,34.93,Sports, Referral ,No,5.0,Desktop,PayPal
546,Luis Sanchez,luis.sanchez@outlook.com,52.0,F,us,2023-04-14,2023-09-26,3.0,55.0,18.33,beauty,Organic Search,Yes,1.0,Desktop,Cash on Delivery
1711,Laura Sanchez,laura.sanchez@hotmail.com,38.0, Male,mexico,2024-01-24,2025-11-15,6.0,685.82,114.3, Clothing ,Email,No,2.0,Desktop,PayPal
1790,Ricardo Perez,ricardo.perez@outlook.com,37.0,FEMALE,Mexico,2023-07-23,2024-06-10,4.0,62.41,15.6,clothing,REFERRAL,Yes,3.0,Tablet,PayPal
166,Fernanda Ortiz,fernanda.ortiz@yahoo.com,62.0,male,MEXICO,2023-03-23,2024-08-18,1.0,649.48,649.48,BEAUTY, Referral ,No,1.0,Mobile,Credit Card
185,Diego Gomez,diego.gomez@gmail.com,36.0,Female,us,2023-02-21,2024-08-09,8.0,791.46,98.93,sports,Email,Yes,1.0,Mobile,PayPal
1702,Carlos Lopez,carlos.lopez@hotmail.com,,male,Mexico,2023-06-24,2023-12-12,6.0,,20.4,sports,Social Media,No,2.0,Desktop,PayPal
1397,Paula Torres,paula.torres@outlook.com,17.0,other,MEXICO,2022-12-12,2024-11-09,3.0,47.27,15.76,Beauty,Social Media,No,1.0,Tablet,Credit Card
275,Valentina Hernandez,valentina.hernandez@gmail.com,42.0, Male,USA,2022-04-16,2023-08-04,8.0,114.55,14.32,electronics,Referral,Yes,2.0,Desktop,Credit Card
1002,Daniela Diaz,daniela.diaz@gmail.com,43.0,female,Mexico,2022-05-12,2023-11-01,5.0,813.64,162.73,BEAUTY,referral,Yes,5.0,Mobile,Cash on Delivery
705,Maria Rodriguez,maria.rodriguez@yahoo.com,54.0,MALE, Mexico,2023-11-12,2024-01-18,9.0,233.13,25.9,Clothing,organic search,Yes,3.0,Tablet,Cash on Delivery
1025,Fernanda Sanchez,fernanda.sanchez@outlook.com,50.0,other,MEXICO,2023-02-06,2024-09-15,7.0,209.29,29.9,sports,PAID ADS,No,4.0,Tablet,Debit Card
1591,Daniela Martinez,daniela.martinez@gmail.com,39.0,male,COLOMBIA,2022-01-13,2022-11-19,4.0,105.69,26.42,Home,email,No,3.0,Tablet,Credit Card
1912,Pablo Gutierrez,pablo.gutierrez@hotmail.com,37.0,M,COLOMBIA,2022-10-14,2024-06-23,11.0,39.16,3.56,SPORTS,organic search,Yes,4.0,Desktop,Debit Card
1565,Andres Morales,andres.morales@gmail.com,12.0,M,Mexico,2023-06-06,2025-03-28,7.0,125.43,17.92,BEAUTY,Email,No,2.0,Desktop,Cash on Delivery
1525,Paula Gonzalez,paula.gonzalez@yahoo.com,35.0,Femenino,Brazil,2022-06-29,2023-09-22,11.0,42.94,3.9,home,Paid Ads,No,2.0,Tablet,Cash on Delivery
1743,Diego Ortiz,diego.ortiz@outlook.com,54.0,Female,argentina,2022-05-20,2023-07-27,6.0,,3.41,ELECTRONICS,Referral,No,,Desktop,PayPal
384,Sofia Sanchez,sofia.sanchez@yahoo.com,36.0,Male, Mexico,2023-06-19,2024-12-19,3.0,137.03,45.68,home,Paid Ads,No,4.0,Mobile,Cash on Delivery
1430,Ricardo Perez,ricardo.perez@outlook.com,34.0,F,Spain,2023-09-17,2025-03-30,3.0,91.8,30.6,BOOKS,ORGANIC SEARCH,No,5.0,Tablet,PayPal
562,Ana Sanchez,ana.sanchez@hotmail.com,55.0,female,Mexico,2023-08-15,2023-12-25,7.0,99.53,14.22,Sports,Email,No,1.0,Mobile,Credit Card
863,Maria Reyes,maria.reyes@outlook.com,36.0,Femenino,argentina,2024-05-27,2026-02-01,5.0,106.38,21.28,Books,EMAIL,No,3.0,Desktop,Debit Card
1045,Daniela Hernandez,daniela.hernandez@outlook.com,35.0,male,COLOMBIA,2023-06-27,2024-04-11,7.0,143.88,20.55,Sports,email,No,5.0,Mobile,PayPal
1830,Jorge Hernandez,jorge.hernandez@hotmail.com,42.0,Male,argentina,2022-06-11,2023-08-07,5.0,36.12,7.22,books,EMAIL,No,2.0,Mobile,Cash on Delivery
177,Daniela Martinez,daniela.martinez@hotmail.com,28.0,male,argentina,2023-09-25,2025-01-15,3.0,125.11,41.7,Sports,Organic Search,No,3.0,Desktop,Cash on Delivery
1360,Miguel Flores,miguel.flores@hotmail.com,28.0,M,Peru,2022-06-08,2024-04-27,4.0,80.42,20.1,books,Organic Search,Yes,4.0,Desktop,Debit Card
380,Jose Diaz,jose.diaz@outlook.com,36.0,male,us,2022-08-16,2023-04-09,7.0,246.64,35.23,CLOTHING,paid ads,Yes,5.0,Tablet,Debit Card
1570,Jorge Lopez,jorge.lopez@gmail.com,22.0,FEMALE,us,2024-02-05,2024-04-30,5.0,29.73,5.95,Sports,Referral,No,5.0,Desktop,Credit Card
1196,Paula Hernandez,paula.hernandez@hotmail.com,35.0,MALE,United States ,2023-12-22,2024-10-28,8.0,194.98,24.37,Books,Referral,No,1.0,Tablet,PayPal
1017,Miguel Flores,miguel.flores@gmail.com,38.0, Male,Peru,2023-04-26,2023-10-02,11.0,555.14,50.47,Books,Organic Search,Yes,1.0,Tablet,Cash on Delivery
520,Andres Gutierrez,andres.gutierrez@hotmail.com,61.0,male,chile,2023-05-30,2025-04-28,7.0,186.68,26.67,Books,Organic Search,No,2.0,Mobile,Debit Card
831,Sofia Ortiz,sofia.ortiz@hotmail.com,45.0, Male,U.S.A,2023-06-19,2024-10-12,7.0,743.1,106.16,SPORTS,Email,Yes,4.0,Mobile,Credit Card
508,Sofia Gomez,sofia.gomez@yahoo.com,62.0, Male,U.S.A,2024-04-15,2024-07-10,11.0,113.67,10.33, Sports ,Email,Yes,3.0,Tablet,PayPal
1177,Laura Gomez,laura.gomez@gmail.com,38.0,M,chile,2024-03-02,2025-11-05,4.0,452.12,113.03,clothing,Email,Yes,4.0,Tablet,PayPal
1643,Valentina Ortiz,valentina.ortiz@yahoo.com,42.0, Male,mexico,2022-11-16,2023-04-30,3.0,91.85,30.62,Sports,email,No,2.0,Mobile,Cash on Delivery
414,Maria Gomez,maria.gomez@yahoo.com,41.0,Male,Mexico,2024-06-05,2026-01-11,6.0,347.25,57.88,Clothing,Organic Search,Yes,3.0,Tablet,Cash on Delivery
1634,Pablo Morales,pablo.morales@hotmail.com,1.0,male,Chile,2022-02-09,2022-12-24,9.0,293.3,32.59,home,Organic Search,Yes,4.0,Mobile,PayPal
623,Carlos Martinez,carlos.martinez@outlook.com,35.0,male, Mexico,2022-02-01,2023-07-22,2.0,77.55,38.78,Home,Organic Search,No,4.0,Desktop,Cash on Delivery
873,Maria Reyes,maria.reyes@gmail.com,6.0,male,Argentina,2023-06-27,2025-05-11,6.0,517.49,86.25,Beauty,Email,No,1.0,Desktop,Cash on Delivery
1606,Pablo Martinez,pablo.martinez@gmail.com,25.0,male,us,2023-08-17,2024-10-31,9.0,124.63,13.85,Books,Email,No,4.0,Mobile,PayPal
859,Javier Cruz,javier.cruz@hotmail.com,57.0,M,United States,2022-04-20,2023-12-02,6.0,191.82,31.97,Beauty,Email,No,2.0,Desktop,Credit Card
1972,Gabriela Ortiz,,63.0,Female,us,2023-04-28,,6.0,138.31,23.05,Home,Email,Yes,5.0,Mobile,Cash on Delivery
642,Gabriela Torres,gabriela.torres@gmail.com,31.0,FEMALE, Mexico,2023-06-01,2024-10-21,11.0,134.78,12.25,Electronics,referral,No,4.0,Mobile,PayPal
1341,Camila Flores,camila.flores@hotmail.com,60.0,MALE,COLOMBIA,2022-10-05,2023-08-09,9.0,595.76,66.2,Books,Referral,Yes,3.0,Desktop,PayPal
1984,Ricardo Diaz,ricardo.diaz@outlook.com,17.0,FEMALE,Espana,2023-03-01,2024-09-14,3.0,396.4,132.13,CLOTHING,Paid Ads,No,2.0,Tablet,Debit Card
259,Carlos Garcia,carlos.garcia@yahoo.com,28.0,Male,mexico,2023-10-28,2024-05-12,6.0,279.1,46.52,Beauty,referral,Yes,5.0,Desktop,Cash on Delivery
835,Pablo Sanchez,pablo.sanchez@outlook.com,43.0,Female,Argentina,2024-06-07,2025-02-19,5.0,527.01,105.4,Sports,Referral,No,4.0,Mobile,Cash on Delivery
663,Ana Martinez,ana.martinez@gmail.com,68.0,F,argentina,2023-11-05,2023-12-21,5.0,,67.92,Clothing,Referral,No,1.0,Mobile,Credit Card
1499,Diego Martinez,diego.martinez@outlook.com,18.0,female,Argentina,2022-02-21,2022-06-04,8.0,693.18,86.65,sports,referral,No,3.0,Tablet,PayPal
338,Laura Reyes,laura.reyes@hotmail.com,51.0,M,U.S.A,2022-10-28,2024-02-04,3.0,58.66,19.55,Beauty,Paid Ads,No,,Mobile,Debit Card
1563,Sofia Ramirez,sofia.ramirez@outlook.com,22.0,Female,us,2023-01-08,2023-03-08,7.0,436.16,62.31,Books,Referral,No,4.0,Tablet,Debit Card
1529,Ana Hernandez,ana.hernandez@gmail.com,37.0,Femenino,Spain,2023-06-21,2023-09-13,4.0,790.8,197.7,Electronics,Email,Yes,,Tablet,Debit Card
399,Jose Gonzalez,jose.gonzalez@gmail.com,38.0,MALE,spain,2024-03-19,2025-12-07,6.0,216.0,36.0,CLOTHING,Organic Search,Yes,4.0,Mobile,Cash on Delivery
1448,Jorge Rivera,jorge.rivera@hotmail.com,61.0,Female, Mexico,2023-08-15,2024-07-13,6.0,287.89,47.98,Home,EMAIL,No,3.0,Tablet,Debit Card
606,Camila Morales,camila.morales@hotmail.com,48.0,female,spain,2024-06-03,2025-05-08,7.0,43.48,6.21,Books, Paid Ads ,No,1.0,Mobile,Cash on Delivery
1965,Fernanda Hernandez,fernanda.hernandez@yahoo.com,53.0,female, Mexico,2022-11-10,2023-08-13,4.0,101.56,25.39,Sports,Social Media,No,4.0,Tablet,PayPal
1685,Miguel Gutierrez,,26.0,Female,argentina,2023-05-02,2024-01-05,3.0,80.23,26.74,Sports,Paid Ads,No,4.0,Mobile,Cash on Delivery
481,Jose Diaz,jose.diaz@hotmail.com,34.0, Male,argentina,2022-07-16,2024-02-07,10.0,292.79,29.28,Books,Referral,No,,Desktop,Cash on Delivery
1447,Gabriela Perez,gabriela.perez@yahoo.com,22.0,Male,Peru,2022-08-07,2022-10-17,3.0,241.38,80.46, Electronics ,Paid Ads,Yes,5.0,Desktop,Debit Card
1144,Fernanda Rivera,fernanda.rivera@yahoo.com,7.0,Male,mexico,2023-09-23,2025-01-12,9.0,255.46,28.38,Clothing,paid ads,No,2.0,Tablet,Credit Card
918,Ricardo Ortiz,ricardo.ortiz@hotmail.com,45.0, Male, Mexico,2022-08-14,2022-12-05,6.0,42.42,7.07,Home,REFERRAL,Yes,3.0,Desktop,Cash on Delivery
1675,Daniela Gomez,daniela.gomez@hotmail.com,,MALE,spain,2023-11-09,2023-11-24,11.0,360.96,32.81,beauty,Paid Ads,Yes,5.0,Mobile,Debit Card
1706,Pablo Flores,pablo.flores@outlook.com,32.0,M,Mexico,2023-05-08,2024-08-24,7.0,155.41,22.2,Electronics,email,Yes,10.0,Mobile,PayPal
1018,Diego Lopez,,29.0,F,Mexico,2022-02-21,2023-09-10,9.0,34.08,3.79,Beauty, Paid Ads ,No,3.0,Tablet,PayPal
876,Camila Flores,,37.0,FEMALE,mexico,2024-05-02,2025-03-13,5.0,78.15,15.63,Home,Organic Search,Yes,3.0,Tablet,Debit Card
1739,Ana Diaz,ana.diaz@gmail.com,33.0,M,Espana,2023-10-09,2024-08-31,3.0,34.48,11.49,Books,Social Media,No,1.0,Desktop,Credit Card
660,Jose Hernandez,jose.hernandez@hotmail.com,60.0,male,Espana,2024-04-15,2025-11-07,5.0,309.33,61.87,Clothing,Organic Search,Yes,4.0,Tablet,Credit Card
1022,Luis Martinez,luis.martinez@hotmail.com,38.0,F,us,2023-08-11,2024-10-24,4.0,515.53,128.88,Sports,Organic Search,Yes,5.0,Tablet,Cash on Delivery
790,Ana Reyes,ana.reyes@yahoo.com,49.0,Femenino,COLOMBIA,2022-08-11,2022-09-12,3.0,176.02,58.67,BEAUTY,Email,Yes,3.0,Desktop,Cash on Delivery
257,Javier Morales,javier.morales@hotmail.com,22.0,male,U.S.A,2023-07-06,2025-02-23,7.0,114.62,16.37,Clothing,paid ads,No,5.0,Desktop,PayPal
969,Gabriela Cruz,gabriela.cruz@gmail.com,46.0,Other,Mexico,2022-08-06,2022-09-24,5.0,1097.5,219.5,Electronics,Organic Search,No,5.0,Tablet,Debit Card
953,Paula Ortiz,paula.ortiz@outlook.com,39.0,Female,COLOMBIA,2022-12-19,2023-03-22,10.0,96.63,9.66,Books,EMAIL,Yes,3.0,Mobile,Debit Card
1668,Javier Hernandez,javier.hernandez@outlook.com,47.0,Femenino,United States,2023-11-28,2025-07-14,8.0,101.23,12.65, Beauty ,Email,Yes,4.0,Tablet,Credit Card
1274,Javier Ramirez,javier.ramirez@hotmail.com,38.0,Femenino,COLOMBIA,2023-02-08,2024-10-12,6.0,83.41,13.9,CLOTHING, Organic Search ,No,3.0,Desktop,Cash on Delivery
1689,Gabriela Gutierrez,gabriela.gutierrez@outlook.com,37.0, Male, Mexico,2023-01-10,2023-11-17,0.0,64.34,64.34,sports,REFERRAL,No,,Desktop,Cash on Delivery
1899,Daniela Perez,daniela.perez@yahoo.com,15.0,MALE, Mexico,2023-02-27,2023-08-01,9.0,281.02,31.22,Home,Paid Ads,No,1.0,Mobile,PayPal
